client_num,customer_age,gender,dependent_count,education_level,marital_status,state_cd,zipcode,car_owner,house_owner,personal_loan,contact,customer_job,income,cust_satisfaction_score
708082083,24,F,1,Uneducated,Single,Fl,91750,No,Yes,No,Unknown,Businessman,202326,3
708083283,62,F,0,Unknown,Married,Nj,91750,No,No,No,Cellular,Selfemployeed,5225,2
708084558,32,F,1,Unknown,Married,Nj,91750,Yes,No,No,Unknown,Selfemployeed,14235,2
708085458,38,M,2,Uneducated,Single,Ny,91750,No,No,No,Cellular,Blue-Collar,45683,1
708086958,48,M,4,Graduate,Single,Tx,91750,Yes,Yes,No,Cellular,Businessman,59279,1
708095133,33,F,1,High School,Single,Ny,91750,No,Yes,No,Cellular,Selfemployeed,14254,3
708098133,34,F,3,Graduate,Single,Ca,91750,Yes,No,No,Telephone,Selfemployeed,14975,2
708099183,34,F,2,Uneducated,Single,Ca,91750,No,No,No,Cellular,Retirees,31982,2
708100533,48,M,2,High School,Married,Nj,91750,Yes,No,No,Telephone,Businessman,86668,2
708103608,53,F,1,Graduate,Married,Nj,91750,Yes,Yes,No,Cellular,Businessman,223196,1
708104658,31,F,0,Post-Graduate,Single,Ca,91750,No,Yes,No,Telephone,Businessman,33625,2
708108333,34,F,4,Graduate,Single,Ny,91750,No,No,No,Cellular,Selfemployeed,14975,3
708112008,51,F,2,Graduate,Single,Nj,91750,Yes,Yes,No,Cellular,Selfemployeed,14975,2
708113208,36,M,1,High School,Single,Nj,91750,Yes,No,No,Telephone,White-Collar,59416,3
708117933,49,F,4,Graduate,Married,Ca,91750,No,Yes,No,Unknown,Retirees,28122,1
708119658,53,F,2,Graduate,Single,Fl,91750,Yes,No,No,Cellular,Govt,29021,1
708121908,49,F,1,Graduate,Married,Tx,91750,No,No,No,Unknown,Selfemployeed,20632,3
708123033,47,F,5,Graduate,Married,Fl,91750,No,No,No,Cellular,Businessman,172101,2
708125733,43,F,4,Graduate,Single,Fl,91750,No,No,No,Cellular,Retirees,57168,2
708128733,47,M,3,Graduate,Married,Ny,91750,No,No,No,Cellular,Govt,89954,2
708129933,34,F,3,Uneducated,Single,Tx,91750,Yes,Yes,Yes,Telephone,Blue-Collar,53762,1
708132783,37,F,5,Unknown,Married,Nj,91750,Yes,Yes,No,Cellular,Selfemployeed,45476,3
708134283,63,M,0,Graduate,Single,Tx,91750,Yes,Yes,Yes,Cellular,Selfemployeed,14975,2
708136908,55,M,2,Doctorate,Married,Mo,91750,Yes,Yes,No,Cellular,Retirees,72878,2
708139833,38,F,1,Unknown,Single,Ny,91750,No,No,No,Cellular,Businessman,25667,3
708145908,40,M,3,Graduate,Single,Ma,91750,No,Yes,No,Cellular,Blue-Collar,47224,1
708147108,55,F,0,Graduate,Single,Ny,91750,Yes,No,No,Unknown,White-Collar,25341,2
708148158,33,M,2,Doctorate,Single,Ny,91750,No,Yes,Yes,Cellular,Blue-Collar,53644,3
708151008,54,F,1,Uneducated,Married,Ca,91750,No,Yes,No,Cellular,Govt,27423,2
708152358,46,M,3,Graduate,Married,Ny,91750,Yes,Yes,No,Cellular,Blue-Collar,110014,2
708153558,44,M,4,Graduate,Unknown,Ia,91750,No,No,No,Telephone,Businessman,109186,3
708154833,40,F,3,Graduate,Married,Nj,91750,Yes,Yes,No,Cellular,Govt,25835,2
708155733,44,F,3,Graduate,Married,Ca,91750,Yes,Yes,No,Unknown,Selfemployeed,11345,2
708158133,51,F,2,Uneducated,Single,Ny,91750,Yes,No,No,Cellular,Selfemployeed,23215,2
708160008,60,M,0,Graduate,Single,Ca,91750,No,No,No,Cellular,Businessman,103581,3
708161133,49,F,2,Unknown,Single,Tx,91750,Yes,Yes,No,Cellular,Selfemployeed,44555,3
708162558,43,F,5,Graduate,Married,Tx,91750,No,Yes,No,Cellular,Selfemployeed,12381,2
708163758,54,M,1,Graduate,Single,Ny,91750,No,Yes,No,Unknown,White-Collar,123809,1
708170508,32,F,0,Graduate,Married,Fl,91750,Yes,No,No,Unknown,Selfemployeed,14975,1
708171858,52,F,3,Graduate,Married,Ny,91750,No,Yes,No,Unknown,Businessman,30586,1
708173433,43,F,1,Graduate,Single,Ca,91750,No,No,No,Unknown,Retirees,28367,3
708174708,49,F,0,Graduate,Single,Ny,91750,Yes,No,No,Cellular,White-Collar,15355,1
708176208,49,F,1,Uneducated,Married,Ca,91750,No,No,No,Cellular,Govt,53428,2
708177333,42,F,3,Graduate,Single,Ca,91750,Yes,Yes,No,Unknown,Selfemployeed,7865,2
708178608,48,F,3,Unknown,Unknown,Fl,91750,No,No,No,Cellular,Blue-Collar,54304,1
708185208,47,F,2,Doctorate,Single,Ca,91750,No,Yes,No,Cellular,Selfemployeed,20100,2
708186933,47,F,4,Unknown,Unknown,Ca,91750,No,Yes,No,Cellular,Blue-Collar,24295,1
708190158,47,F,3,Unknown,Single,Ny,91750,No,Yes,No,Unknown,Govt,32103,3
708193008,53,F,2,Graduate,Married,Ca,91750,No,No,Yes,Telephone,Selfemployeed,14975,2
708195633,47,F,4,High School,Married,Tx,91750,Yes,Yes,No,Unknown,Selfemployeed,27517,3
708197358,42,M,1,Uneducated,Married,Ak,99504,No,No,Yes,Cellular,Govt,107887,1
708204033,53,M,2,Graduate,Married,Ca,91750,Yes,No,Yes,Cellular,Selfemployeed,51233,1
708205083,54,M,2,Graduate,Married,Nj,91750,No,No,No,Cellular,Blue-Collar,79516,1
708207783,48,M,1,Graduate,Married,Ny,91750,No,Yes,No,Cellular,Blue-Collar,73959,1
708208758,42,F,3,Doctorate,Single,Fl,91750,Yes,Yes,No,Cellular,Blue-Collar,23377,2
708211383,44,F,3,Uneducated,Single,Tx,91750,No,Yes,No,Cellular,Retirees,44883,3
708212658,40,F,3,High School,Single,Tx,91750,No,No,Yes,Unknown,Retirees,16041,2
708216108,58,F,1,Unknown,Married,Ny,91750,No,Yes,No,Cellular,Businessman,24221,3
708217758,57,F,1,Graduate,Single,Ca,91750,No,Yes,No,Cellular,Selfemployeed,14975,3
708219108,38,M,2,Graduate,Married,Ca,91750,Yes,No,No,Cellular,Blue-Collar,102561,3
708219858,53,F,1,Graduate,Unknown,Ca,91750,No,Yes,No,Cellular,White-Collar,56697,2
708222558,60,F,1,Uneducated,Single,Nj,91750,No,No,No,Cellular,Retirees,53022,3
708223383,51,F,3,Uneducated,Married,Ny,91750,Yes,No,Yes,Cellular,Businessman,32013,1
708224133,39,M,4,Graduate,Single,Nj,91750,Yes,No,No,Cellular,Selfemployeed,62192,2
708225483,38,F,2,Post-Graduate,Married,Ca,91750,Yes,Yes,No,Cellular,Selfemployeed,55061,2
708226833,50,M,2,High School,Married,Ny,91750,No,No,No,Unknown,Businessman,127461,3
708229308,37,M,1,Uneducated,Single,Ny,91750,Yes,No,No,Cellular,Businessman,100839,2
708231183,39,F,1,Uneducated,Single,Ca,91750,No,No,No,Unknown,Retirees,31127,2
708234558,62,M,0,High School,Single,Tx,91750,No,Yes,No,Cellular,Selfemployeed,67827,3
708238833,38,F,2,High School,Married,Ny,91750,No,Yes,No,Cellular,Blue-Collar,12994,1
708241233,38,F,1,Graduate,Married,Ca,91750,No,Yes,No,Unknown,Selfemployeed,5225,1
708242283,44,F,1,Unknown,Single,Tx,91750,No,Yes,Yes,Cellular,Govt,35755,3
708243483,60,F,2,High School,Single,Tx,91750,Yes,No,No,Cellular,Retirees,24156,2
708244458,26,M,0,Graduate,Single,Ny,91750,No,Yes,No,Cellular,White-Collar,37888,3
708245808,41,M,0,High School,Unknown,Fl,91750,Yes,Yes,No,Telephone,Businessman,145701,1
708248358,61,F,2,Graduate,Married,Ca,90094,Yes,No,No,Unknown,Businessman,186885,1
708249708,39,F,2,Graduate,Single,Ca,91750,Yes,No,No,Cellular,Selfemployeed,14975,1
708252108,50,F,1,Graduate,Single,Fl,91750,No,Yes,No,Cellular,Selfemployeed,49229,2
708253458,45,M,2,Unknown,Married,Ca,91750,No,Yes,No,Cellular,Govt,81622,2
708254733,56,M,2,Graduate,Married,Ca,91750,No,No,No,Unknown,Blue-Collar,95152,2
708255633,47,F,3,Graduate,Single,Fl,91750,Yes,Yes,No,Telephone,Blue-Collar,35666,2
708260208,48,F,3,Graduate,Married,Tx,91750,No,Yes,No,Cellular,White-Collar,57686,1
708266883,37,F,2,Graduate,Married,Tx,91750,No,Yes,Yes,Cellular,Selfemployeed,25423,3
708267858,33,F,4,High School,Single,Nj,91750,No,No,No,Cellular,Selfemployeed,21500,3
708269583,41,F,1,High School,Single,Ny,91750,No,No,No,Cellular,White-Collar,47653,3
708271833,48,F,3,Graduate,Married,Ca,91750,No,Yes,Yes,Unknown,Govt,37680,3
708272808,41,F,2,Unknown,Single,Fl,91750,Yes,Yes,No,Cellular,White-Collar,38560,2
708273858,39,F,1,Graduate,Single,Ny,91750,No,No,No,Cellular,White-Collar,41203,1
708276183,54,F,2,Graduate,Married,Tx,91750,No,No,No,Cellular,Selfemployeed,14975,2
708281433,40,F,3,Uneducated,Single,Ny,91750,Yes,No,No,Cellular,Businessman,43626,1
708285108,44,M,4,Unknown,Married,Tx,91750,Yes,No,No,Cellular,White-Collar,131861,1
708286683,38,M,1,Graduate,Unknown,Fl,91750,Yes,No,No,Cellular,White-Collar,83306,2
708288108,29,M,0,Graduate,Single,Nj,91750,No,No,No,Cellular,Selfemployeed,1250,3
708290208,63,F,2,Graduate,Single,Ny,91750,Yes,No,No,Cellular,White-Collar,34835,2
708291633,54,M,1,Unknown,Single,Fl,91750,No,No,No,Cellular,Businessman,92894,1
708292833,41,F,2,Graduate,Married,Ca,91750,Yes,No,No,Cellular,Govt,32170,3
708295533,55,M,2,Unknown,Single,Fl,91750,No,No,No,Cellular,Blue-Collar,10119,2
708296883,31,F,1,Graduate,Single,Ca,91750,No,Yes,Yes,Unknown,Selfemployeed,8250,1
708298233,44,F,4,High School,Married,Nj,91750,No,No,No,Unknown,Blue-Collar,15092,3
708300483,46,F,4,Doctorate,Married,Ny,91750,No,Yes,No,Cellular,Selfemployeed,1250,1
708301683,40,M,4,High School,Unknown,Ny,91750,No,Yes,No,Cellular,Govt,110415,2
708303108,36,M,3,High School,Married,Nj,91750,Yes,Yes,No,Cellular,Govt,86574,1
708307533,37,M,4,Post-Graduate,Married,Ny,91750,Yes,No,No,Cellular,Govt,51165,2
708313608,59,F,1,Graduate,Married,Nj,91750,No,No,No,Cellular,Blue-Collar,21659,3
708314808,49,F,3,Uneducated,Single,Tx,91750,No,Yes,No,Cellular,Selfemployeed,14975,3
708316008,43,F,5,Unknown,Single,Ca,91750,No,No,No,Cellular,Selfemployeed,15806,3
708319908,56,M,1,Graduate,Single,Tx,91750,Yes,Yes,No,Unknown,Govt,116230,3
708323208,45,F,5,Doctorate,Married,Tx,91750,No,No,Yes,Unknown,Businessman,24058,1
708324483,63,M,0,Unknown,Unknown,Ca,91750,No,No,Yes,Cellular,Selfemployeed,61485,2
708330858,51,F,2,Graduate,Married,Tx,91750,No,No,No,Unknown,Selfemployeed,1250,3
708331758,42,F,3,High School,Single,Ny,91750,No,No,Yes,Telephone,Businessman,41112,3
708332808,49,F,4,Uneducated,Married,Tx,91750,No,No,No,Cellular,Businessman,166923,2
708334158,51,F,1,Uneducated,Single,Ny,91750,Yes,Yes,No,Unknown,White-Collar,34512,2
708337683,27,M,0,Graduate,Married,Mi,91750,No,No,Yes,Cellular,Selfemployeed,42779,1
708338958,42,M,2,High School,Unknown,Fl,91750,No,No,No,Cellular,Blue-Collar,42334,3
708340758,53,M,3,Graduate,Single,Ny,91750,Yes,No,No,Cellular,Businessman,111220,2
708341958,48,M,4,Unknown,Married,Tx,91750,No,Yes,No,Cellular,Blue-Collar,64665,1
708344358,44,F,4,High School,Single,Ca,91750,No,Yes,Yes,Cellular,Selfemployeed,11638,2
708347583,39,F,0,Graduate,Married,Ca,91750,No,Yes,No,Unknown,Blue-Collar,16112,2
708354858,41,M,2,Graduate,Married,Ca,91750,No,No,No,Telephone,Businessman,111730,1
708355683,46,F,4,Unknown,Single,Nj,91750,No,No,Yes,Unknown,Govt,34013,1
708357183,38,F,4,Doctorate,Married,Ca,91750,No,No,No,Unknown,Businessman,38164,2
708358683,56,F,1,Graduate,Married,Tx,91750,Yes,No,No,Cellular,Selfemployeed,14975,1
708360108,40,M,2,Uneducated,Single,Tx,91750,No,Yes,Yes,Cellular,Govt,82412,2
708361833,55,F,3,Graduate,Single,Ca,91750,No,Yes,Yes,Unknown,White-Collar,39861,2
708367908,42,M,4,Graduate,Single,Tx,91750,No,No,No,Cellular,Blue-Collar,60037,3
708369633,47,M,2,Uneducated,Married,Ny,91750,Yes,No,No,Telephone,Govt,101602,1
708371733,50,M,1,High School,Unknown,Tx,91750,No,Yes,No,Cellular,Blue-Collar,86281,2
708373083,41,F,3,High School,Married,Tx,91750,Yes,No,No,Cellular,Blue-Collar,20495,2
708375858,45,F,4,Post-Graduate,Single,Ca,91750,No,No,No,Cellular,Govt,57624,1
708376983,43,F,4,Graduate,Unknown,Tx,91750,No,Yes,No,Cellular,Govt,21828,3
708378108,42,M,2,Uneducated,Single,Nj,91750,Yes,No,No,Cellular,White-Collar,71834,1
708382083,35,F,1,Unknown,Married,Tx,91750,No,No,No,Cellular,Selfemployeed,30259,2
708384033,45,F,1,High School,Unknown,Ca,91750,No,No,No,Unknown,Blue-Collar,28037,3
708385533,54,M,1,Post-Graduate,Unknown,Ny,91750,No,Yes,No,Cellular,Govt,119059,2
708386958,42,F,5,Graduate,Married,Ga,91750,Yes,No,No,Cellular,Blue-Collar,19006,3
708387933,37,M,3,High School,Single,Tx,91750,No,Yes,Yes,Unknown,Businessman,165306,3
708390633,49,M,2,High School,Single,Ny,91750,No,No,No,Cellular,Retirees,53965,1
708393633,36,M,3,Unknown,Single,Ca,91750,Yes,No,No,Cellular,Retirees,71640,2
708394908,55,F,3,Post-Graduate,Single,Tx,91750,Yes,Yes,No,Cellular,Selfemployeed,45818,1
708396033,44,M,3,Unknown,Single,Ca,91750,No,No,No,Cellular,White-Collar,119585,1
708397008,45,F,3,High School,Married,Ca,91750,No,No,No,Telephone,White-Collar,57821,1
708398283,41,F,3,High School,Unknown,Tx,91750,No,Yes,No,Unknown,Govt,12775,3
708399858,45,M,3,Unknown,Married,Ca,91750,No,Yes,No,Cellular,White-Collar,76565,2
708402333,57,M,3,Unknown,Single,Ny,91750,Yes,Yes,Yes,Telephone,Govt,78127,3
708403308,48,M,3,Uneducated,Single,Ca,91750,No,No,No,Cellular,Retirees,60111,2
708404883,49,F,3,Unknown,Single,Ny,91750,No,No,No,Unknown,Blue-Collar,32229,2
708406083,57,M,2,Unknown,Single,Ca,91750,No,Yes,Yes,Unknown,Blue-Collar,95876,2
708412758,62,F,1,Unknown,Married,Ca,91750,Yes,Yes,No,Cellular,White-Collar,23378,2
708414033,45,F,3,Graduate,Single,Ny,91750,No,Yes,No,Cellular,Blue-Collar,41115,3
708416433,53,F,4,Unknown,Single,Ny,91750,No,Yes,No,Cellular,Blue-Collar,28601,2
708419733,44,M,3,Graduate,Married,Tx,91750,No,Yes,No,Cellular,Blue-Collar,76246,3
708421833,54,F,2,High School,Single,Ny,91750,No,No,No,Cellular,Selfemployeed,6550,2
708423933,48,F,1,Doctorate,Married,Ia,91750,No,No,No,Cellular,Businessman,35491,2
708426483,60,F,1,Uneducated,Married,Ct,91750,Yes,Yes,No,Cellular,Businessman,38451,3
708427908,33,M,3,Graduate,Married,Fl,91750,No,No,No,Cellular,Blue-Collar,72412,2
708428958,57,M,3,Graduate,Single,Fl,91750,Yes,No,No,Cellular,White-Collar,118175,2
708431433,41,F,2,Graduate,Married,Ca,91750,No,No,No,Telephone,Blue-Collar,14633,3
708433683,62,M,1,Graduate,Single,Fl,91750,No,No,No,Cellular,Govt,61002,2
708434733,52,F,2,Unknown,Single,Fl,91750,No,No,No,Cellular,Blue-Collar,10627,2
708438033,41,M,4,High School,Single,Tx,91750,No,No,Yes,Telephone,Selfemployeed,30828,3
708442158,42,F,4,Graduate,Married,Ca,91750,Yes,No,No,Cellular,Businessman,42377,2
708445608,44,F,4,Uneducated,Married,Fl,91750,No,No,No,Cellular,Blue-Collar,20389,3
708446808,51,F,3,High School,Single,Ny,91750,No,Yes,No,Cellular,Blue-Collar,20281,3
708447858,40,F,2,High School,Married,Ma,91750,Yes,Yes,No,Cellular,Businessman,200276,2
708450033,38,M,2,Unknown,Married,Ca,91750,Yes,No,No,Cellular,Businessman,97684,3
708451233,26,F,0,Graduate,Single,Fl,91750,Yes,No,No,Cellular,Retirees,40785,2
708453408,42,F,3,Graduate,Married,Ny,91750,No,Yes,No,Cellular,Businessman,41039,2
708455883,33,F,0,Graduate,Single,Tx,91750,No,Yes,No,Cellular,Selfemployeed,6550,2
708459633,45,F,5,Uneducated,Married,Ny,91750,No,Yes,Yes,Unknown,Selfemployeed,14975,2
708462258,54,F,4,Graduate,Married,Nj,91750,No,No,No,Cellular,Businessman,235349,2
708469533,57,F,3,Uneducated,Single,Fl,91750,No,Yes,No,Unknown,Selfemployeed,38273,3
708472008,47,M,2,Graduate,Married,Ca,91750,No,Yes,Yes,Cellular,White-Collar,105522,2
708473133,44,M,5,Unknown,Married,Ca,91750,Yes,No,No,Cellular,Govt,69787,3
708474333,50,M,4,Graduate,Married,Tx,91750,No,No,No,Unknown,Blue-Collar,108894,3
708476808,55,F,1,Doctorate,Married,Ca,91750,Yes,Yes,No,Cellular,Selfemployeed,5525,3
708478233,45,F,2,Uneducated,Married,Ny,91750,No,Yes,No,Unknown,White-Collar,58670,3
708480333,65,F,0,Uneducated,Single,Fl,91750,No,No,No,Cellular,Govt,23891,3
708482658,51,M,2,Graduate,Married,Tx,91750,Yes,No,Yes,Telephone,Businessman,219668,2
708483708,39,M,2,Unknown,Married,Nj,91750,Yes,No,No,Cellular,Blue-Collar,58122,3
708486033,59,F,0,Doctorate,Single,Ca,91750,Yes,No,No,Cellular,Retirees,15671,3
708488208,45,F,3,Uneducated,Married,Tx,91750,Yes,Yes,Yes,Cellular,Businessman,23898,3
708489258,56,F,5,Doctorate,Single,Tx,91750,Yes,No,No,Unknown,Retirees,38817,3
708491508,46,F,3,Graduate,Married,Ny,91750,No,Yes,No,Cellular,Businessman,43716,2
708492558,56,F,2,Graduate,Single,Ca,91750,No,No,No,Cellular,Selfemployeed,6550,2
708494583,48,F,5,Post-Graduate,Married,Ca,91750,No,No,No,Cellular,Selfemployeed,41132,3
708496833,33,M,1,Graduate,Single,Ca,91750,Yes,Yes,No,Cellular,Govt,117520,2
708498033,45,F,3,High School,Married,Fl,91750,No,Yes,No,Cellular,White-Collar,32495,3
708499608,43,F,4,Graduate,Single,Ny,91750,No,No,No,Cellular,Businessman,48566,2
708500883,40,M,4,Unknown,Married,Ny,91750,No,Yes,No,Cellular,Businessman,113841,2
708501783,35,F,2,High School,Single,Fl,91750,Yes,No,No,Cellular,Blue-Collar,17340,3
708502908,48,F,2,Graduate,Married,Nj,91750,Yes,No,No,Cellular,Blue-Collar,45372,2
708504783,47,F,3,Uneducated,Married,Il,91750,No,Yes,No,Unknown,Retirees,37815,2
708506508,52,M,1,Uneducated,Single,Va,91750,No,No,Yes,Cellular,Selfemployeed,83535,2
708507483,55,M,4,Unknown,Single,Ny,91750,No,No,No,Cellular,Blue-Collar,78913,3
708508758,34,F,4,Uneducated,Single,Tx,91750,Yes,No,No,Cellular,Selfemployeed,1250,3
708510858,55,F,2,High School,Single,Ca,90025,No,No,No,Unknown,Businessman,214404,2
708511983,48,M,3,Graduate,Single,Ca,91750,Yes,Yes,No,Cellular,Retirees,45977,3
708513183,40,F,5,High School,Single,Ca,91750,No,No,No,Unknown,Selfemployeed,34616,3
708514383,55,F,4,Uneducated,Married,Fl,91750,No,Yes,No,Cellular,White-Collar,57484,2
708515358,45,F,4,High School,Married,Tx,91750,No,Yes,No,Cellular,Businessman,53906,2
708516558,42,F,4,Graduate,Married,Tx,91750,No,Yes,No,Cellular,Blue-Collar,52148,3
708519108,47,F,2,Unknown,Single,Ca,91750,Yes,Yes,No,Unknown,Businessman,20597,2
708522033,36,F,1,Uneducated,Single,Ca,91701,No,Yes,No,Cellular,Businessman,198343,3
708525108,34,M,3,High School,Married,Fl,91750,No,No,No,Cellular,Govt,50792,2
708528483,44,F,2,Graduate,Unknown,Fl,91750,No,No,No,Cellular,Blue-Collar,13010,2
708532308,40,F,3,Unknown,Married,Ca,91750,Yes,Yes,No,Cellular,Govt,34149,2
708534033,58,M,1,Unknown,Married,Nj,91750,No,Yes,Yes,Cellular,Blue-Collar,75578,2
708535158,33,M,1,Graduate,Single,Ia,91750,No,No,No,Telephone,White-Collar,114717,3
708536283,36,F,2,Graduate,Single,Ny,91750,No,No,No,Cellular,Govt,31226,2
708538608,50,F,2,Uneducated,Married,Nj,91750,No,No,Yes,Telephone,Retirees,48968,3
708539583,51,F,1,Post-Graduate,Single,Ny,91750,No,Yes,No,Cellular,Govt,46675,3
708542283,38,M,1,Graduate,Single,Ca,91750,Yes,No,No,Cellular,Selfemployeed,60253,2
708543258,55,F,2,Doctorate,Single,Ca,91750,Yes,Yes,No,Cellular,Businessman,20631,2
708545058,59,M,0,High School,Single,Ny,91750,Yes,No,No,Cellular,Govt,94345,2
708549033,45,M,4,High School,Married,Ca,91750,No,No,No,Unknown,Retirees,90458,2
708551508,41,M,3,Uneducated,Married,Ca,91750,No,No,No,Cellular,Selfemployeed,87971,2
708553008,49,M,4,Doctorate,Married,Nj,91750,Yes,No,No,Cellular,Govt,74928,1
708555633,51,M,3,Uneducated,Married,Ca,90025,No,No,No,Unknown,Businessman,203890,2
708557358,44,F,4,Graduate,Single,Ny,91750,No,No,Yes,Cellular,Businessman,18357,2
708558408,48,M,3,Unknown,Married,Ny,91750,No,No,No,Cellular,Selfemployeed,41925,3
708559533,43,M,1,High School,Married,Tx,91750,Yes,No,Yes,Cellular,Businessman,62768,2
708560733,37,M,3,High School,Single,Ca,91750,No,Yes,No,Cellular,Govt,75192,3
708563433,40,F,2,Uneducated,Married,Fl,91750,No,No,No,Unknown,Selfemployeed,14975,3
708564858,54,M,2,Unknown,Married,Fl,91750,No,Yes,No,Unknown,White-Collar,118629,1
708568983,53,M,3,Unknown,Married,Fl,91750,No,Yes,No,Cellular,Govt,111225,3
708572658,51,F,3,Graduate,Married,Ca,90250,Yes,No,No,Cellular,Businessman,196200,1
708573933,50,F,3,Post-Graduate,Single,Il,91750,Yes,Yes,No,Cellular,Businessman,183118,2
708575058,50,F,0,Post-Graduate,Married,Tx,91750,Yes,Yes,No,Cellular,Businessman,36188,3
708577308,58,M,0,Graduate,Single,Ca,91750,No,No,No,Cellular,Selfemployeed,14975,2
708579633,51,F,1,Doctorate,Married,Tx,91750,No,Yes,No,Cellular,Blue-Collar,13704,1
708580908,41,F,2,Graduate,Married,Tx,91750,Yes,No,Yes,Cellular,Selfemployeed,12686,3
708582858,47,F,1,Doctorate,Married,Ny,91750,Yes,No,No,Cellular,Blue-Collar,33801,2
708584208,44,F,2,Graduate,Single,Tx,91750,No,Yes,No,Cellular,Retirees,26226,2
708585933,37,M,2,Unknown,Single,Ny,91750,No,Yes,No,Cellular,Blue-Collar,55576,1
708588408,51,M,3,High School,Married,Ca,91750,Yes,Yes,No,Cellular,Businessman,61579,3
708590658,39,F,4,High School,Single,Ca,91750,Yes,Yes,No,Cellular,Selfemployeed,14975,3
708593883,35,F,0,Doctorate,Married,Tx,91750,No,Yes,No,Unknown,White-Collar,16316,3
708595158,45,F,4,Uneducated,Married,Ca,91750,Yes,Yes,No,Cellular,Govt,26447,2
708596283,56,F,3,Graduate,Single,Fl,91750,Yes,Yes,No,Unknown,Selfemployeed,32924,1
708597558,49,M,5,Doctorate,Single,Ca,91750,No,Yes,Yes,Cellular,Blue-Collar,45984,2
708600033,55,M,2,Unknown,Single,Ny,91750,No,Yes,No,Unknown,Businessman,87531,2
708602283,47,F,4,Unknown,Married,Ca,91750,Yes,No,No,Cellular,Govt,45701,1
708606633,65,M,0,Graduate,Single,Ca,91750,No,Yes,No,Cellular,White-Collar,18114,3
708611733,37,M,3,Doctorate,Single,Fl,91750,No,Yes,Yes,Cellular,Govt,73096,3
708614058,40,M,3,Unknown,Single,Nj,91750,No,No,No,Cellular,Govt,44044,1
708615183,48,M,3,Graduate,Married,Nj,91750,No,Yes,No,Cellular,Govt,68693,3
708618933,36,F,4,Graduate,Single,Ca,91750,Yes,No,No,Unknown,Govt,35767,1
708620283,48,F,2,Graduate,Single,Ny,91750,Yes,Yes,No,Unknown,White-Collar,23554,1
708621408,47,F,3,High School,Single,Ny,91750,Yes,Yes,No,Cellular,Govt,52557,2
708623283,31,F,0,Graduate,Single,Ny,91750,Yes,No,No,Unknown,Blue-Collar,21274,3
708626058,53,M,3,Unknown,Married,Nj,91750,No,No,No,Cellular,Govt,50213,3
708633783,33,F,3,Graduate,Married,Fl,91750,No,Yes,No,Cellular,Blue-Collar,16244,2
708635058,41,M,3,Graduate,Single,Ca,91750,No,No,No,Cellular,Govt,78702,2
708637758,27,F,1,Unknown,Single,Mi,91750,No,No,No,Cellular,White-Collar,38269,1
708642708,28,M,0,Post-Graduate,Married,Nj,91750,Yes,No,No,Cellular,Selfemployeed,14975,3
708644208,40,F,1,Uneducated,Married,Ca,91750,No,No,No,Telephone,Retirees,36638,1
708646233,35,F,1,Uneducated,Married,Nj,91750,No,No,No,Cellular,Blue-Collar,39538,2
708649683,51,F,3,Doctorate,Married,Ca,90250,Yes,Yes,No,Unknown,Businessman,214064,1
708651933,56,F,1,Graduate,Single,Ca,91750,Yes,Yes,No,Unknown,White-Collar,25413,2
708652908,42,M,3,Uneducated,Single,Tx,91750,No,No,No,Cellular,White-Collar,65425,2
708653958,60,F,1,High School,Single,Tx,91750,Yes,Yes,Yes,Unknown,Businessman,30594,3
708654933,27,F,1,High School,Single,Fl,91750,No,Yes,No,Unknown,White-Collar,20322,1
708655983,42,F,2,Graduate,Unknown,Tx,91750,Yes,Yes,No,Cellular,Blue-Collar,12264,1
708657033,38,F,1,Unknown,Married,Nj,91750,Yes,No,No,Cellular,White-Collar,43330,2
708660408,57,F,1,Graduate,Married,Tx,91750,No,No,No,Unknown,Businessman,27897,2
708662583,53,M,1,Graduate,Single,Nj,91750,No,No,No,Unknown,Businessman,113458,2
708664008,39,F,0,High School,Single,Ca,91750,No,No,No,Telephone,Selfemployeed,10286,1
708665133,48,F,3,High School,Single,Ny,91750,Yes,No,No,Cellular,Businessman,47309,1
708666258,49,F,4,Graduate,Married,Ca,91750,No,No,No,Unknown,Blue-Collar,13305,2
708668283,54,F,1,High School,Single,Fl,91750,No,Yes,No,Telephone,Blue-Collar,16829,1
708669408,32,M,2,High School,Married,Ca,91750,Yes,Yes,Yes,Cellular,Retirees,72173,2
708670608,49,M,3,Doctorate,Married,Fl,91750,No,Yes,No,Cellular,Govt,94093,2
708671733,51,M,2,Doctorate,Single,Ny,91750,No,Yes,No,Cellular,Blue-Collar,50004,1
708672708,43,F,5,Uneducated,Married,Ca,91750,Yes,Yes,No,Cellular,Businessman,46921,3
708679383,53,F,3,Graduate,Married,Ny,91750,Yes,No,No,Unknown,White-Collar,15566,3
708680583,50,M,1,Uneducated,Married,Fl,91750,Yes,Yes,No,Cellular,Businessman,86542,1
708681708,49,F,4,Uneducated,Married,Ny,91750,Yes,No,No,Cellular,Selfemployeed,19558,1
708682908,42,M,2,Graduate,Married,Tx,91750,No,Yes,No,Cellular,White-Collar,115771,3
708684108,48,F,3,Uneducated,Married,Ny,91750,Yes,No,No,Cellular,Retirees,23705,1
708687483,47,F,3,Graduate,Single,Ca,91750,Yes,Yes,Yes,Cellular,Selfemployeed,14975,3
708688608,48,F,3,Post-Graduate,Single,Tx,91750,No,Yes,No,Unknown,Selfemployeed,14975,3
708689958,31,M,1,Post-Graduate,Married,Fl,91750,Yes,Yes,No,Cellular,White-Collar,76589,3
708692583,43,F,1,High School,Married,Fl,91750,Yes,Yes,No,Telephone,Blue-Collar,25474,2
708693558,51,M,2,High School,Married,Ca,91750,Yes,Yes,No,Cellular,Govt,102868,3
708694983,54,F,1,Graduate,Single,Ny,91750,Yes,No,No,Cellular,Businessman,183156,2
708697983,46,M,0,Graduate,Single,Tx,91750,No,Yes,No,Unknown,White-Collar,116731,2
708699108,46,M,3,Graduate,Married,Ny,91750,No,No,No,Cellular,Blue-Collar,83739,2
708701358,37,M,3,High School,Married,Nj,91750,Yes,No,No,Cellular,Businessman,47266,2
708702258,41,F,1,Graduate,Married,Fl,91750,No,No,No,Cellular,White-Collar,20731,2
708703308,40,F,3,Graduate,Single,Tx,91750,Yes,No,No,Cellular,Govt,23108,3
708704433,52,F,1,Uneducated,Single,Tx,91750,No,Yes,No,Cellular,White-Collar,32691,3
708705783,50,F,3,Uneducated,Married,Ny,91750,No,No,No,Cellular,White-Collar,30977,2
708706833,37,F,2,High School,Single,Fl,91750,Yes,No,No,Cellular,Selfemployeed,28042,3
708707808,47,F,3,Graduate,Married,Ca,91750,Yes,No,Yes,Cellular,Blue-Collar,37378,3
708708858,32,F,0,Uneducated,Married,Tx,91750,Yes,Yes,No,Cellular,Blue-Collar,29521,2
708710283,49,F,2,High School,Single,Ma,91750,No,No,No,Cellular,Businessman,49321,3
708711483,26,F,0,Unknown,Single,Mi,91750,No,No,No,Cellular,Selfemployeed,14975,2
708712833,38,M,5,Graduate,Single,Fl,91750,No,No,No,Cellular,Govt,64708,2
708714108,38,F,3,Post-Graduate,Unknown,Ca,91750,No,No,No,Cellular,White-Collar,17936,2
708720558,57,M,1,High School,Married,Ny,91750,Yes,No,No,Telephone,Govt,41858,2
708721533,39,M,1,High School,Married,Fl,91750,Yes,No,No,Cellular,White-Collar,124810,2
708722583,44,F,4,Graduate,Single,Tx,91750,No,No,Yes,Cellular,Blue-Collar,34283,3
708723858,45,F,0,Graduate,Single,Fl,91750,Yes,No,No,Cellular,Selfemployeed,43493,2
708724908,38,F,3,Unknown,Married,Fl,91750,No,Yes,No,Cellular,Govt,50635,3
708726708,47,F,4,Uneducated,Single,Ut,91750,No,No,No,Cellular,Businessman,23265,3
708727983,58,F,0,Doctorate,Single,Ca,91750,Yes,No,No,Cellular,Blue-Collar,34410,2
708731658,31,F,0,Graduate,Married,Ny,91750,No,Yes,No,Cellular,Selfemployeed,14975,2
708733983,49,F,2,High School,Single,Ca,91750,No,Yes,No,Unknown,Blue-Collar,21900,2
708735183,51,F,2,Uneducated,Married,Ny,91750,Yes,No,Yes,Cellular,Blue-Collar,24977,2
708736608,40,F,4,Unknown,Married,Il,91750,No,Yes,Yes,Cellular,Businessman,21586,2
708740808,33,F,3,Graduate,Single,Fl,91750,Yes,Yes,No,Cellular,Blue-Collar,33749,3
708741633,44,F,3,Graduate,Single,Tx,91750,No,Yes,No,Unknown,Retirees,15508,2
708744933,43,F,4,Graduate,Single,Ny,91750,No,Yes,No,Unknown,Govt,17205,2
708745983,51,M,2,High School,Married,Ny,91750,No,No,No,Cellular,Businessman,74175,2
708747708,45,F,3,Graduate,Single,Ca,91750,No,Yes,Yes,Cellular,Retirees,28863,2
708748833,46,M,2,Graduate,Married,Tx,91750,No,No,No,Telephone,Businessman,117419,3
708753633,42,M,1,Graduate,Unknown,Ny,91750,No,No,No,Cellular,Blue-Collar,63794,3
708754833,51,M,3,Unknown,Married,Ny,91750,Yes,No,No,Cellular,Govt,69537,2
708757233,43,F,3,Graduate,Single,Ny,91750,No,No,No,Unknown,White-Collar,40618,3
708758658,51,M,2,Graduate,Married,Ny,91750,No,Yes,No,Cellular,Businessman,45996,2
708759408,48,F,3,Post-Graduate,Unknown,Ny,91750,No,No,No,Cellular,Businessman,201292,2
708760458,45,F,3,Doctorate,Married,Tx,91750,No,No,Yes,Cellular,Blue-Collar,40495,3
708761733,54,M,5,Graduate,Married,Ny,91750,No,Yes,No,Telephone,Retirees,61406,2
708765933,54,M,4,High School,Single,Ca,91750,No,Yes,No,Telephone,White-Collar,82220,2
708768258,47,M,3,Unknown,Married,Fl,91750,Yes,No,No,Cellular,White-Collar,73891,2
708770883,49,M,4,Post-Graduate,Single,Tx,91750,Yes,Yes,No,Cellular,Businessman,209698,3
708772308,37,F,3,High School,Single,Ny,91750,Yes,No,No,Unknown,Blue-Collar,14434,2
708773583,42,F,3,Graduate,Single,Ma,91750,No,No,No,Cellular,Selfemployeed,46820,2
708774708,41,M,2,Uneducated,Single,Tx,91750,Yes,Yes,No,Cellular,Selfemployeed,43782,3
708776658,46,M,2,Post-Graduate,Single,Hi,91750,Yes,No,No,Cellular,Govt,62818,2
708780783,44,M,5,Graduate,Single,Ca,91750,No,No,No,Cellular,Blue-Collar,76257,2
708784083,43,F,3,Graduate,Married,Ca,91750,Yes,No,Yes,Cellular,Selfemployeed,57111,3
708784908,54,M,4,Unknown,Married,Ca,91750,No,No,No,Telephone,White-Collar,62468,2
708788583,52,F,2,Post-Graduate,Single,Ny,91750,No,Yes,No,Unknown,Selfemployeed,14975,2
708790833,36,F,4,Unknown,Married,Ny,91750,No,Yes,Yes,Unknown,Selfemployeed,9535,2
708793008,50,F,1,Graduate,Married,Ny,91750,Yes,No,No,Cellular,Govt,23521,2
708794133,51,F,4,Doctorate,Married,Ny,91750,Yes,Yes,Yes,Cellular,Govt,35416,3
708796458,48,F,4,High School,Married,Ca,91750,No,No,No,Telephone,Govt,34232,2
708797583,45,F,3,Uneducated,Married,Tx,91750,Yes,Yes,No,Cellular,Govt,30135,3
708798483,52,F,2,Uneducated,Married,Fl,91750,Yes,No,No,Unknown,Businessman,29848,3
708799983,47,F,4,Graduate,Married,Ny,91750,Yes,No,No,Cellular,Selfemployeed,14975,3
708801108,37,F,2,Graduate,Married,Fl,91750,Yes,No,No,Cellular,Businessman,21709,3
708804633,49,F,3,Uneducated,Single,Tx,91750,No,Yes,No,Cellular,Govt,33335,2
708805908,39,M,2,High School,Married,Ny,91750,No,No,No,Cellular,White-Collar,118475,2
708807483,39,F,2,Unknown,Single,Ny,91750,Yes,No,No,Cellular,Blue-Collar,43340,2
708809283,35,F,3,Unknown,Married,Ny,91750,No,Yes,No,Unknown,Blue-Collar,27044,2
708811233,54,F,2,Graduate,Single,Tx,91750,No,Yes,No,Cellular,Businessman,19789,2
708812133,56,F,0,Graduate,Married,Ny,91750,No,No,No,Cellular,White-Collar,50549,3
708813033,44,F,4,High School,Single,Ny,91750,No,Yes,Yes,Cellular,Blue-Collar,13443,2
708816408,32,F,1,Unknown,Married,Tx,91750,Yes,Yes,No,Unknown,Blue-Collar,34492,2
708817608,48,F,2,Uneducated,Married,Ny,91750,No,No,No,Cellular,Selfemployeed,53960,2
708818508,39,F,4,Uneducated,Married,Ma,91750,Yes,No,No,Telephone,Selfemployeed,59846,3
708820308,49,F,2,Uneducated,Married,Ny,91750,Yes,No,No,Unknown,Selfemployeed,11956,2
708821733,44,M,5,Unknown,Single,Az,90025,No,Yes,No,Cellular,Govt,113100,3
708822783,50,M,3,High School,Single,Tx,91750,Yes,Yes,No,Cellular,Selfemployeed,81981,3
708823908,47,F,5,Doctorate,Married,Fl,91750,No,No,No,Cellular,Businessman,55237,2
708824958,49,F,3,Unknown,Single,Fl,91750,No,No,No,Unknown,White-Collar,55745,2
708826158,50,M,3,High School,Single,Ca,91750,Yes,Yes,Yes,Unknown,Govt,115410,2
708828258,36,F,2,Unknown,Married,Fl,91750,No,No,No,Cellular,Selfemployeed,11974,2
708829758,62,F,1,High School,Unknown,Ca,91750,No,Yes,No,Cellular,Retirees,44199,3
708831858,53,F,4,High School,Married,Ak,72023,Yes,No,Yes,Unknown,Govt,18429,2
708833133,44,F,2,High School,Unknown,Tx,91750,No,Yes,Yes,Unknown,Blue-Collar,20382,2
708834483,60,F,1,Uneducated,Married,Tx,91750,Yes,No,Yes,Telephone,Businessman,15554,2
708837858,45,M,2,Unknown,Single,Nj,91750,Yes,No,No,Cellular,Retirees,61806,1
708838908,42,F,4,Uneducated,Single,Nj,91750,Yes,No,No,Telephone,Blue-Collar,35361,3
708841233,40,M,2,Graduate,Single,Ny,91750,Yes,No,No,Cellular,Businessman,111748,3
708846183,42,F,5,Graduate,Married,Ca,91750,Yes,Yes,No,Cellular,White-Collar,47375,2
708848208,29,M,0,Graduate,Married,Wa,91750,No,No,No,Cellular,Retirees,54203,1
708849858,45,F,2,Graduate,Single,Ca,91750,Yes,No,No,Cellular,Blue-Collar,40306,3
708856983,47,F,3,Doctorate,Unknown,Tx,91750,No,Yes,Yes,Unknown,Selfemployeed,1250,2
708859158,54,F,3,Doctorate,Married,Ca,91750,Yes,No,Yes,Cellular,White-Collar,58286,1
708860358,39,F,3,Uneducated,Single,Ny,91750,No,No,No,Unknown,Selfemployeed,14975,2
708862233,35,M,3,Doctorate,Married,Tx,91750,No,Yes,No,Unknown,Blue-Collar,94935,2
708863733,39,F,3,Graduate,Married,Fl,91750,No,No,No,Unknown,White-Collar,144470,1
708864708,47,F,3,Unknown,Married,Tx,91750,Yes,Yes,No,Cellular,Blue-Collar,13428,3
708866133,53,M,4,Graduate,Married,Tx,91750,Yes,No,No,Cellular,Businessman,173245,2
708867408,62,F,0,Uneducated,Married,Ny,91750,No,Yes,Yes,Unknown,Businessman,20717,1
708868233,48,F,2,Uneducated,Married,Ca,91750,No,No,Yes,Unknown,Selfemployeed,2565,1
708869283,64,M,0,Graduate,Single,Fl,91750,No,Yes,No,Unknown,Selfemployeed,38381,3
708870408,41,M,2,Post-Graduate,Married,Tx,91750,No,Yes,No,Cellular,Businessman,55954,2
708871158,61,F,0,High School,Married,Nj,91750,No,No,No,Unknown,Selfemployeed,38205,1
708873183,36,M,1,Uneducated,Unknown,Ny,91750,Yes,No,No,Cellular,Businessman,214196,1
708874533,43,F,3,Graduate,Married,Ca,91750,No,No,No,Cellular,Selfemployeed,1250,2
708876183,49,F,4,Doctorate,Married,Tx,91750,Yes,Yes,No,Cellular,Blue-Collar,41046,2
708877458,51,M,3,Graduate,Married,Ny,91750,No,Yes,No,Cellular,Govt,110092,2
708878508,51,F,0,Uneducated,Married,Tx,91750,No,Yes,No,Cellular,Selfemployeed,14975,2
708879483,51,M,3,Graduate,Married,Ny,91750,No,Yes,No,Cellular,Retirees,89752,2
708880683,52,M,2,Graduate,Married,Ca,90025,Yes,No,No,Unknown,White-Collar,138234,3
708881583,47,M,3,High School,Single,Ca,91750,Yes,No,No,Cellular,White-Collar,116501,2
708884658,47,M,3,Uneducated,Married,Ca,91750,No,No,No,Cellular,Govt,79857,3
708885558,55,F,1,Graduate,Married,Fl,91750,No,Yes,No,Telephone,Govt,23755,2
708886533,40,M,3,Graduate,Unknown,Ny,91750,Yes,No,No,Cellular,Govt,58619,2
708887433,40,F,3,Uneducated,Unknown,Ca,91750,No,No,Yes,Cellular,Govt,35079,2
708888633,48,F,4,Graduate,Single,Ny,91750,Yes,No,No,Cellular,Businessman,31826,3
708890133,40,M,4,High School,Married,Ga,91750,No,No,No,Cellular,Retirees,73068,2
708890958,39,F,2,Graduate,Single,Tx,91750,Yes,No,No,Cellular,Retirees,54491,2
708892833,55,F,3,Graduate,Unknown,Ny,91750,No,Yes,No,Cellular,Selfemployeed,1250,2
708894183,46,M,3,Graduate,Married,Ca,91750,Yes,No,No,Cellular,White-Collar,64783,2
708895158,40,F,4,Uneducated,Married,Ny,91750,Yes,Yes,No,Cellular,Selfemployeed,12604,3
708897408,42,M,3,High School,Single,Fl,91750,Yes,No,No,Cellular,Blue-Collar,75347,3
708899283,58,M,2,High School,Single,Ca,91750,Yes,Yes,No,Telephone,Retirees,85352,2
708900408,42,F,1,Doctorate,Married,Nj,91750,No,No,No,Cellular,Retirees,59307,3
708902883,60,F,0,Doctorate,Single,Tx,91750,No,Yes,No,Unknown,Govt,36679,2
708905733,49,M,3,Post-Graduate,Married,Ca,91750,No,No,No,Cellular,Selfemployeed,105037,3
708907833,49,M,3,Unknown,Single,Ca,91750,No,No,No,Cellular,White-Collar,108540,2
708908883,56,M,2,Graduate,Single,Ca,91750,No,Yes,No,Cellular,Businessman,119914,3
708911508,48,F,1,Graduate,Married,Tx,91750,No,Yes,Yes,Cellular,White-Collar,37495,2
708913233,50,F,0,Graduate,Single,Ny,91750,Yes,Yes,No,Cellular,Govt,16076,2
708916083,40,F,3,Uneducated,Married,Tx,91750,No,Yes,No,Cellular,White-Collar,28751,2
708917133,44,M,4,Unknown,Married,Fl,91750,Yes,No,No,Cellular,White-Collar,65396,2
708918558,26,F,0,Unknown,Married,Ny,91750,Yes,Yes,No,Cellular,Selfemployeed,34367,2
708923658,48,M,3,High School,Married,Tx,91750,Yes,Yes,No,Cellular,White-Collar,63958,2
708924783,46,F,4,Unknown,Single,Ny,91750,No,No,No,Cellular,White-Collar,47867,3
708927108,50,F,4,Uneducated,Married,Ca,91750,Yes,Yes,Yes,Cellular,Selfemployeed,6550,3
708928008,58,F,3,Graduate,Married,Ca,91750,No,Yes,No,Cellular,Retirees,48210,3
708928908,48,M,3,Graduate,Unknown,Fl,91750,No,Yes,No,Unknown,White-Collar,94220,1
708931908,65,F,1,Uneducated,Single,Nj,91750,No,No,No,Cellular,Selfemployeed,14975,2
708937608,52,M,4,Uneducated,Married,Fl,91750,No,No,No,Cellular,Blue-Collar,69882,2
708938508,56,F,1,Graduate,Married,Ny,91750,No,No,Yes,Cellular,Blue-Collar,17366,1
708942408,44,F,1,Uneducated,Married,Fl,91750,No,Yes,No,Cellular,Businessman,237248,3
708944958,48,M,2,Unknown,Unknown,Fl,91750,No,No,No,Cellular,Blue-Collar,70868,2
708946008,42,F,3,Unknown,Married,Ny,91750,No,Yes,Yes,Unknown,White-Collar,27577,2
708947208,43,F,2,High School,Married,Fl,91750,Yes,No,No,Unknown,Selfemployeed,31006,2
708948483,46,M,4,High School,Single,Tx,91750,Yes,Yes,No,Cellular,White-Collar,114524,1
708949908,37,F,2,Graduate,Married,Fl,91750,No,No,Yes,Cellular,Businessman,21137,3
708952758,46,M,5,Uneducated,Unknown,Tx,91750,Yes,Yes,No,Cellular,Businessman,83512,2
708953883,59,F,0,Unknown,Married,Tx,91750,No,Yes,No,Cellular,Selfemployeed,2565,3
708957183,44,F,5,Post-Graduate,Married,Ca,91750,Yes,No,No,Unknown,Selfemployeed,23360,2
708959583,29,F,0,Post-Graduate,Single,Ca,91750,No,Yes,No,Cellular,Businessman,37173,1
708960858,50,M,2,Graduate,Single,Fl,91750,No,No,No,Telephone,Selfemployeed,78272,2
708963258,37,M,3,High School,Unknown,Ny,91750,No,No,No,Cellular,Businessman,114990,1
708964683,50,M,2,Graduate,Married,Ny,91750,No,Yes,No,Unknown,Businessman,172935,1
708967608,50,F,4,Unknown,Married,Nj,91750,Yes,Yes,No,Cellular,Selfemployeed,5525,1
708968733,53,M,3,High School,Married,Nj,91750,No,No,No,Cellular,White-Collar,109128,3
708969633,47,M,1,Graduate,Married,Nj,91750,No,Yes,No,Cellular,Retirees,68004,3
708971583,41,F,5,Post-Graduate,Married,Ca,91750,No,No,No,Cellular,Retirees,14897,2
708972783,42,F,3,Graduate,Single,Tx,91750,No,No,No,Cellular,Retirees,25056,1
708974283,55,F,2,Graduate,Single,Fl,91750,Yes,No,No,Unknown,Businessman,212974,3
708976908,45,F,3,Graduate,Married,Ny,91750,No,No,No,Cellular,White-Collar,22074,2
708980283,52,F,3,Uneducated,Single,Tx,91750,No,Yes,Yes,Cellular,Businessman,23048,2
708982158,47,F,3,Uneducated,Single,Ny,91750,Yes,No,No,Cellular,Businessman,185296,1
708983658,38,F,2,Graduate,Single,Tx,91750,Yes,Yes,No,Unknown,Selfemployeed,5225,2
708989358,41,M,2,Graduate,Single,Tx,91750,No,Yes,No,Cellular,Selfemployeed,60076,2
708992733,54,M,1,High School,Married,Ca,91750,Yes,No,No,Cellular,White-Collar,77169,1
708995283,37,M,2,Graduate,Married,Tx,91750,No,No,No,Cellular,Govt,82470,1
708996708,49,F,3,High School,Single,Nv,91750,Yes,Yes,No,Unknown,Businessman,219327,3
708997833,30,M,0,Graduate,Married,Ia,91750,Yes,Yes,No,Cellular,Retirees,48602,1
708998583,48,M,3,Uneducated,Single,Tx,91750,No,Yes,No,Cellular,Selfemployeed,51569,1
709000008,49,F,3,Uneducated,Married,Ca,91750,No,No,No,Unknown,Govt,21170,1
709005633,51,F,3,High School,Married,Ca,91750,No,No,No,Unknown,Blue-Collar,21675,3
709007883,45,M,4,High School,Single,Ca,90266,Yes,No,No,Unknown,White-Collar,172725,1
709008708,43,M,3,Unknown,Unknown,Tx,91750,Yes,No,No,Unknown,Govt,113270,1
709009833,48,M,1,Unknown,Married,Ny,91750,No,No,No,Cellular,Selfemployeed,71397,3
709012083,51,F,3,High School,Single,Ca,91750,Yes,No,No,Unknown,Selfemployeed,20130,2
709013208,45,F,4,Graduate,Single,Fl,91750,Yes,Yes,No,Cellular,Businessman,228930,1
709014558,43,F,3,Unknown,Single,Fl,91750,Yes,Yes,No,Cellular,Govt,59739,2
709015833,42,M,4,Uneducated,Married,Ca,90291,No,No,No,Cellular,White-Collar,122030,3
709017258,38,F,3,High School,Married,Fl,91750,Yes,No,No,Cellular,Blue-Collar,33205,1
709019283,46,M,3,Graduate,Single,Ny,91750,No,Yes,No,Cellular,Blue-Collar,108579,1
709022883,50,F,2,Post-Graduate,Married,Fl,91750,No,No,No,Telephone,Govt,55531,3
709025583,39,F,2,Unknown,Single,Tx,91750,Yes,Yes,No,Cellular,Selfemployeed,6550,1
709028208,43,F,4,High School,Unknown,Ny,91750,No,No,No,Cellular,Businessman,36669,2
709029408,37,F,1,High School,Single,Fl,91750,Yes,Yes,No,Cellular,Selfemployeed,14975,1
709035708,56,F,2,Graduate,Single,Tx,91750,No,Yes,No,Unknown,Govt,16430,3
709039533,43,F,3,High School,Single,Fl,91750,No,Yes,No,Telephone,Selfemployeed,43162,2
709040508,43,F,2,Graduate,Married,Fl,91750,No,No,No,Unknown,Govt,24111,2
709042908,45,F,3,High School,Married,Tx,91750,Yes,No,Yes,Cellular,Selfemployeed,23530,2
709044183,47,F,3,Uneducated,Single,Tx,91750,No,No,No,Cellular,Blue-Collar,47088,1
709045683,43,M,4,High School,Married,Ny,91750,No,Yes,No,Cellular,White-Collar,45314,3
709046958,60,M,0,Uneducated,Single,Ca,91750,Yes,No,No,Cellular,White-Collar,117796,2
709051533,43,M,3,Graduate,Married,Ca,91750,Yes,Yes,No,Cellular,Selfemployeed,87414,2
709052883,45,M,4,Graduate,Single,Ca,91750,No,No,No,Cellular,White-Collar,100498,1
709054083,47,M,3,Graduate,Single,Fl,91750,Yes,No,No,Cellular,White-Collar,79546,1
709056558,36,F,1,High School,Single,Ca,91750,Yes,No,No,Cellular,White-Collar,19817,2
709058808,50,F,2,Graduate,Single,Ny,91750,No,No,No,Telephone,Selfemployeed,14975,3
709061658,47,M,2,Uneducated,Married,Ny,91750,No,No,No,Cellular,Govt,67532,1
709064208,56,F,1,Uneducated,Married,Fl,91750,Yes,No,No,Cellular,Selfemployeed,23748,3
709065483,49,M,2,High School,Married,Ny,91750,Yes,No,No,Unknown,Businessman,108221,2
709066983,43,F,2,Uneducated,Single,Ny,91750,Yes,Yes,No,Unknown,Businessman,206846,1
709068183,47,M,2,High School,Married,Ny,91750,Yes,Yes,Yes,Cellular,White-Collar,74888,1
709071408,45,M,2,Graduate,Married,Fl,91750,No,No,No,Cellular,White-Collar,86899,3
709074108,56,F,3,Post-Graduate,Single,Ny,91750,No,No,No,Cellular,Govt,32487,1
709075533,38,M,1,Doctorate,Single,Ia,91750,Yes,Yes,No,Cellular,White-Collar,115365,3
709077933,41,M,3,Post-Graduate,Married,Nj,91750,Yes,No,No,Cellular,Govt,63667,3
709078908,53,M,1,Graduate,Married,Tx,91750,Yes,Yes,Yes,Cellular,White-Collar,85957,2
709079883,42,F,4,High School,Married,Ny,91750,Yes,Yes,No,Cellular,Retirees,31902,3
709080783,41,M,3,Graduate,Single,Ny,91750,No,No,No,Cellular,Govt,75402,2
709081683,54,F,1,High School,Single,Fl,91750,No,No,No,Cellular,White-Collar,53694,1
709082808,38,M,2,Unknown,Single,Nj,91750,No,No,No,Cellular,Businessman,92816,3
709085358,44,F,4,Uneducated,Single,Ny,91750,Yes,No,No,Unknown,Blue-Collar,29488,2
709086933,46,F,2,Unknown,Single,Tx,91750,No,No,No,Cellular,White-Collar,53739,3
709087983,54,M,2,Graduate,Married,Ca,91750,Yes,No,No,Cellular,White-Collar,90136,2
709094358,49,M,3,Uneducated,Married,Tx,91750,No,Yes,No,Cellular,Businessman,236628,1
709096908,40,F,3,Graduate,Single,Tx,91750,No,No,No,Cellular,Retirees,17285,2
709098108,52,M,2,Graduate,Married,Tx,91750,No,Yes,No,Cellular,White-Collar,76611,1
709100283,41,F,3,Graduate,Married,Ny,91750,No,Yes,No,Telephone,Blue-Collar,32797,1
709101258,53,F,3,Graduate,Married,Nj,91750,Yes,Yes,Yes,Cellular,Govt,23073,2
709102458,57,F,1,Uneducated,Single,Tx,91750,No,No,No,Cellular,Blue-Collar,30585,2
709103358,41,F,4,Unknown,Single,Tx,91750,Yes,Yes,No,Unknown,Selfemployeed,6550,1
709104333,29,F,1,High School,Single,Fl,91750,Yes,No,No,Unknown,Retirees,31487,2
709106358,65,F,1,Unknown,Single,Ny,91750,No,No,No,Unknown,Selfemployeed,2565,2
709108533,41,F,3,Post-Graduate,Single,Fl,91750,No,Yes,No,Unknown,Businessman,201510,3
709110633,48,F,4,Unknown,Married,Fl,91750,Yes,No,No,Cellular,Blue-Collar,11997,1
709112508,29,F,2,Graduate,Married,Fl,91750,Yes,No,Yes,Cellular,Businessman,22762,2
709117533,51,F,1,High School,Single,Ny,91750,Yes,Yes,No,Cellular,Selfemployeed,14975,2
709120008,59,M,0,Unknown,Single,Tx,91750,No,Yes,No,Unknown,Blue-Collar,10194,3
709121283,35,F,2,Unknown,Married,Tx,91750,No,Yes,No,Unknown,Selfemployeed,14975,1
709122483,56,F,4,Unknown,Married,Ny,91750,No,No,No,Unknown,White-Collar,18306,1
709123908,46,M,2,Doctorate,Single,Nj,91750,No,No,No,Cellular,Govt,82618,1
709124883,50,M,2,Post-Graduate,Married,Tx,91750,No,No,No,Cellular,Govt,96537,1
709126833,44,F,3,Unknown,Single,Tx,91750,No,Yes,No,Cellular,Govt,50852,2
709127808,42,F,4,Uneducated,Single,Ny,91750,No,Yes,No,Cellular,Govt,38043,1
709131033,65,M,0,Unknown,Single,Ca,91750,No,No,No,Cellular,White-Collar,48929,3
709134333,48,M,4,Doctorate,Unknown,Ca,91750,Yes,Yes,Yes,Cellular,Businessman,73655,3
709137558,50,M,3,Uneducated,Single,Ca,91750,No,No,No,Cellular,Govt,74271,3
709140858,45,M,4,Graduate,Married,Ca,91750,No,No,No,Cellular,Blue-Collar,93790,1
709141908,54,F,4,Unknown,Single,Ny,91750,Yes,Yes,No,Telephone,Businessman,233762,3
709143183,43,F,3,Uneducated,Single,Ny,91750,No,No,No,Cellular,Businessman,29424,3
709145958,36,F,3,Uneducated,Unknown,Mi,91750,Yes,Yes,No,Cellular,Selfemployeed,14975,1
709149408,57,F,3,Uneducated,Single,Fl,91750,Yes,No,No,Cellular,Businessman,25885,3
709150608,52,F,2,High School,Married,Ca,91750,No,No,No,Cellular,Businessman,31030,3
709153008,43,M,3,High School,Single,Fl,91750,No,Yes,No,Cellular,Businessman,74069,2
709157133,47,F,5,Doctorate,Married,Ca,91750,Yes,No,No,Unknown,Selfemployeed,14975,1
709158333,48,M,3,Unknown,Single,Ny,91750,No,No,No,Cellular,Blue-Collar,55000,2
709159308,53,F,2,High School,Married,Fl,91750,No,No,No,Cellular,Businessman,235821,1
709161108,46,F,3,Graduate,Married,Ca,91750,No,No,No,Cellular,Selfemployeed,14975,1
709163358,50,F,1,Unknown,Single,Ny,91750,No,Yes,No,Unknown,Selfemployeed,14975,3
709164408,48,F,4,High School,Single,Tx,91750,Yes,Yes,Yes,Cellular,Selfemployeed,1250,3
709165533,39,M,3,Uneducated,Married,Ny,91750,No,Yes,No,Cellular,Businessman,57981,3
709166883,45,F,4,Graduate,Single,Fl,91750,Yes,No,No,Cellular,White-Collar,50812,2
709169133,48,M,3,Uneducated,Single,Ny,91750,Yes,No,No,Cellular,Businessman,47113,2
709170108,52,F,2,Graduate,Single,Ca,91750,Yes,No,No,Unknown,Selfemployeed,14975,1
709171308,41,M,2,Graduate,Single,Ny,91750,Yes,No,Yes,Unknown,White-Collar,126358,2
709173108,47,F,1,Graduate,Single,Fl,91750,No,Yes,No,Unknown,Selfemployeed,2565,3
709175208,44,M,2,Post-Graduate,Married,Ny,91750,No,No,Yes,Unknown,White-Collar,74162,3
709176108,52,M,2,Graduate,Unknown,Tx,91750,No,Yes,No,Cellular,White-Collar,69680,2
709178733,45,F,5,Unknown,Single,Ca,91750,No,No,No,Unknown,Govt,24804,2
709179708,38,F,2,Doctorate,Single,Ny,91750,No,No,No,Unknown,Businessman,39397,3
709183683,44,F,2,Unknown,Married,Ny,91750,Yes,Yes,No,Cellular,Govt,19461,2
709185108,48,F,3,Unknown,Single,Tx,91750,No,Yes,No,Cellular,Govt,16051,1
709186983,57,F,3,Graduate,Single,Ny,91750,No,Yes,No,Cellular,Selfemployeed,14975,2
709188108,54,F,3,High School,Married,Ny,91750,Yes,No,No,Cellular,Businessman,146660,1
709192233,54,F,4,Unknown,Married,Ca,91750,Yes,No,No,Cellular,Selfemployeed,15342,1
709198158,34,F,0,Graduate,Single,Tx,91750,Yes,Yes,No,Cellular,Selfemployeed,14975,2
709199358,40,F,1,High School,Married,Tx,91750,No,No,No,Cellular,Selfemployeed,14975,2
709200633,48,M,5,Graduate,Married,Tx,91750,No,No,No,Cellular,White-Collar,99344,3
709204158,46,F,4,Uneducated,Married,Nj,91750,No,No,No,Cellular,Selfemployeed,25795,2
709206333,36,F,2,Uneducated,Single,Ny,91750,Yes,No,Yes,Cellular,Selfemployeed,14975,1
709207458,40,F,3,Uneducated,Single,Ca,91750,No,Yes,No,Cellular,Selfemployeed,12150,3
709208808,47,M,2,High School,Single,Tx,91750,No,Yes,No,Cellular,Govt,56113,3
709210833,48,M,3,Uneducated,Married,Nj,91750,Yes,No,No,Cellular,White-Collar,151385,1
709212183,54,F,3,Uneducated,Single,Nj,91750,Yes,Yes,No,Cellular,Selfemployeed,14975,1
709213458,38,M,0,High School,Single,Ca,91750,No,Yes,No,Cellular,Businessman,108560,3
709214358,44,F,4,High School,Married,Nj,91750,No,No,No,Cellular,Blue-Collar,12484,1
709215708,36,M,4,Uneducated,Married,Ny,91750,No,No,No,Unknown,Businessman,41222,1
709216533,46,F,1,Unknown,Unknown,Ca,91750,No,Yes,Yes,Cellular,White-Collar,35029,3
709217358,45,F,3,Uneducated,Single,Ca,91750,No,No,No,Cellular,Selfemployeed,14975,2
709219533,49,F,3,High School,Married,Tx,91750,Yes,Yes,No,Unknown,Blue-Collar,12398,2
709220583,47,F,5,Post-Graduate,Married,Tx,91750,No,No,No,Cellular,Retirees,24338,1
709222008,59,F,0,Graduate,Single,Fl,91750,No,No,Yes,Cellular,Businessman,27171,3
709224033,62,F,0,High School,Married,Ca,91750,No,No,No,Cellular,Blue-Collar,16583,2
709224858,33,F,2,High School,Single,Nv,91750,Yes,No,No,Cellular,Selfemployeed,14975,3
709225758,40,M,3,High School,Single,Fl,91750,No,Yes,Yes,Cellular,Businessman,112181,3
709227033,45,F,4,Uneducated,Married,Ca,91750,Yes,Yes,No,Cellular,Blue-Collar,48097,3
709229358,57,M,3,Graduate,Married,Ny,91750,No,No,No,Cellular,Selfemployeed,80158,2
709230708,49,F,2,Graduate,Married,Tx,91750,No,Yes,No,Cellular,Selfemployeed,14885,2
709231683,46,M,3,Graduate,Unknown,Ny,91750,No,Yes,No,Cellular,White-Collar,81941,2
709232808,52,F,0,Graduate,Married,Ny,91750,Yes,Yes,No,Cellular,Selfemployeed,14975,2
709235058,56,M,1,Graduate,Married,Nj,91750,No,No,No,Cellular,Govt,110205,2
709236633,31,M,0,Graduate,Married,Nj,91750,Yes,No,No,Cellular,Selfemployeed,48135,3
709238358,41,M,4,Graduate,Married,Ca,91750,No,No,No,Cellular,Businessman,105397,2
709239483,43,M,3,High School,Married,Ca,91750,No,No,No,Cellular,Blue-Collar,71505,3
709243533,43,M,2,Post-Graduate,Married,Tx,91750,No,No,No,Cellular,Retirees,68405,2
709245783,45,M,5,Uneducated,Married,Tx,91750,Yes,No,No,Cellular,White-Collar,67969,1
709246683,43,F,1,Unknown,Single,Wa,53022,No,No,No,Cellular,Blue-Collar,39299,2
709247808,33,M,1,Post-Graduate,Married,Nj,91750,Yes,No,No,Cellular,Businessman,154909,1
709249083,39,M,3,High School,Single,Tx,91750,No,Yes,No,Unknown,Businessman,116281,1
709250508,34,M,1,Graduate,Married,Nj,91750,No,No,Yes,Cellular,Retirees,82748,3
709253433,38,F,3,Unknown,Single,Nj,91750,No,Yes,No,Cellular,Blue-Collar,27728,1
709257708,49,F,3,High School,Single,Ca,90660,Yes,No,No,Cellular,Businessman,191977,2
709259958,49,M,3,Graduate,Single,Tx,91750,No,No,No,Cellular,Businessman,118266,2
709261383,42,M,1,Uneducated,Unknown,Ca,91750,Yes,No,Yes,Telephone,Govt,88043,3
709265208,39,M,4,High School,Married,Ny,91750,No,No,No,Cellular,Govt,61646,3
709267308,57,F,3,Uneducated,Single,Tx,91750,Yes,No,No,Cellular,Selfemployeed,14975,1
709269708,49,M,4,Graduate,Married,Ny,91750,No,Yes,Yes,Cellular,White-Collar,102442,2
709272333,29,M,1,Unknown,Single,Ca,91750,Yes,Yes,No,Cellular,White-Collar,69450,3
709273383,58,F,1,Uneducated,Unknown,Fl,91750,Yes,No,Yes,Cellular,Govt,51415,1
709274583,52,M,3,Uneducated,Single,Ca,91750,No,Yes,Yes,Cellular,Selfemployeed,79177,2
709275558,42,M,3,Doctorate,Single,Ny,91750,No,Yes,Yes,Cellular,Selfemployeed,54781,3
709276908,50,F,1,Graduate,Single,Ny,91750,No,Yes,No,Unknown,White-Collar,46944,3
709278258,39,F,2,High School,Married,Fl,91750,Yes,Yes,No,Cellular,Selfemployeed,5525,3
709279608,53,F,3,Uneducated,Married,Ca,91750,Yes,No,No,Cellular,Blue-Collar,42598,3
709283358,26,F,0,Graduate,Single,Ny,91750,No,No,No,Telephone,Govt,28166,2
709284333,60,M,0,Graduate,Unknown,Fl,91750,No,No,No,Cellular,Selfemployeed,29518,2
709285683,39,M,1,Unknown,Married,Ca,91750,No,No,No,Cellular,Selfemployeed,65886,2
709288383,36,F,1,Graduate,Single,Fl,91750,No,Yes,No,Cellular,Blue-Collar,25883,1
709289358,46,F,2,Graduate,Married,Fl,91750,No,Yes,No,Cellular,Businessman,35606,3
709296558,44,M,3,Post-Graduate,Married,Ca,91750,Yes,Yes,No,Cellular,Retirees,98582,2
709297608,50,F,1,Doctorate,Married,Fl,91750,Yes,No,No,Unknown,Selfemployeed,14975,2
709300458,52,F,3,High School,Married,Ny,91750,No,No,No,Cellular,White-Collar,48447,3
709306983,38,M,3,Graduate,Married,Nj,91750,No,No,No,Cellular,Blue-Collar,75375,2
709307808,33,F,2,Graduate,Married,Ca,91750,No,Yes,No,Unknown,Govt,28724,1
709309308,34,F,2,Graduate,Single,Ca,91750,Yes,Yes,Yes,Cellular,Selfemployeed,14975,3
709310433,61,M,0,Graduate,Married,Ca,91750,Yes,No,No,Cellular,Retirees,64573,1
709311633,48,M,3,Graduate,Married,Tx,91750,Yes,Yes,Yes,Cellular,Blue-Collar,10072,1
709314408,59,M,1,Graduate,Married,Ny,91750,No,No,No,Cellular,Govt,66401,2
709315383,38,M,3,High School,Single,Tx,91750,Yes,Yes,No,Cellular,White-Collar,132948,3
709316433,62,F,0,High School,Single,Ny,91750,No,No,Yes,Cellular,Selfemployeed,14975,2
709319658,49,M,5,High School,Married,Ca,91750,Yes,No,No,Telephone,Businessman,106278,3
709321908,48,F,2,Graduate,Married,Tx,91750,Yes,No,No,Cellular,Selfemployeed,14975,1
709326183,49,F,5,Uneducated,Married,Ny,91750,Yes,Yes,No,Unknown,Selfemployeed,37517,2
709327383,30,M,2,Graduate,Married,Tx,91750,No,Yes,No,Unknown,Blue-Collar,10008,2
709328733,54,F,3,High School,Married,Ca,91750,No,No,No,Cellular,Blue-Collar,10764,1
709329558,37,M,2,Graduate,Single,Ny,91750,Yes,Yes,No,Cellular,Blue-Collar,68895,2
709330383,65,F,0,Unknown,Single,Tx,91750,No,Yes,No,Cellular,Selfemployeed,35984,3
709332408,43,M,3,Graduate,Single,Fl,91750,No,Yes,No,Cellular,White-Collar,132609,3
709333608,41,M,3,Uneducated,Married,Nj,91750,Yes,No,No,Telephone,Blue-Collar,88654,2
709334658,61,F,0,High School,Married,Tx,91750,No,No,No,Cellular,Blue-Collar,20360,1
709335558,59,F,0,Unknown,Married,Tx,91750,No,Yes,No,Cellular,Govt,36712,3
709338633,46,F,1,Uneducated,Unknown,Ny,91750,No,Yes,No,Unknown,Selfemployeed,14975,1
709339758,40,F,4,High School,Married,Tx,91750,No,Yes,No,Cellular,White-Collar,42026,3
709343433,43,F,3,Graduate,Unknown,Fl,91750,Yes,No,No,Cellular,White-Collar,43336,2
709345008,52,F,1,Graduate,Married,Tx,91750,Yes,No,No,Unknown,Selfemployeed,2565,1
709346133,48,F,2,Graduate,Married,Ca,91750,No,No,Yes,Unknown,Selfemployeed,11151,3
709350783,53,M,2,Graduate,Single,Ca,91750,No,No,No,Telephone,Selfemployeed,74991,2
709361058,45,F,2,Doctorate,Single,Fl,91750,No,No,No,Cellular,Selfemployeed,14975,3
709362033,58,F,0,Post-Graduate,Married,Nv,91750,No,No,No,Cellular,Selfemployeed,24276,2
709363383,39,F,1,Graduate,Single,Ca,91750,No,No,Yes,Cellular,Retirees,31220,1
709364433,47,F,4,Post-Graduate,Single,Ca,91750,Yes,No,No,Cellular,Selfemployeed,14975,2
709365483,35,M,2,High School,Married,Wa,91750,Yes,Yes,No,Cellular,Retirees,62584,2
709366458,43,F,4,Graduate,Married,Nj,91750,No,No,No,Unknown,Retirees,19471,2
709367433,33,F,1,Graduate,Single,Nj,91750,No,Yes,Yes,Cellular,Retirees,24410,3
709368483,43,M,0,Post-Graduate,Single,Tx,91750,No,No,No,Cellular,Retirees,57805,1
709372608,51,M,0,Graduate,Single,Mo,91750,No,Yes,No,Cellular,Retirees,103164,3
709373883,54,M,3,Doctorate,Married,Fl,91750,Yes,Yes,No,Cellular,Businessman,199733,1
709375158,49,M,1,Graduate,Married,Fl,91750,No,No,No,Cellular,Businessman,41660,3
709376508,62,F,2,Graduate,Married,Fl,91750,No,No,No,Cellular,Businessman,16402,1
709379283,57,F,0,Doctorate,Married,Ca,91750,No,No,No,Unknown,Selfemployeed,14975,3
709380333,55,F,1,Post-Graduate,Married,Tx,91750,No,No,No,Cellular,Selfemployeed,14975,1
709381383,45,F,3,Graduate,Married,Ca,91750,No,No,No,Cellular,Businessman,43175,3
709382958,56,F,4,Graduate,Single,Tx,91750,No,Yes,No,Unknown,Selfemployeed,5525,3
709383933,41,M,0,High School,Single,Ny,91750,Yes,Yes,No,Cellular,White-Collar,111178,1
709385133,41,M,4,Graduate,Married,Fl,91750,No,Yes,No,Cellular,Businessman,217884,2
709388058,45,M,3,Graduate,Single,Fl,91750,No,No,No,Cellular,Govt,84874,2
709389558,41,M,3,Uneducated,Married,Ny,91750,No,Yes,No,Unknown,White-Collar,72341,3
709397508,53,F,4,High School,Married,Fl,91750,No,No,No,Cellular,Businessman,222514,1
709398708,49,F,1,High School,Single,Tx,91750,Yes,No,No,Cellular,Businessman,226745,2
709399908,52,M,2,Graduate,Single,Fl,91750,No,No,No,Unknown,Businessman,194461,1
709405758,47,F,2,High School,Married,Ny,91750,No,No,No,Cellular,Selfemployeed,19322,3
709406733,50,M,3,Graduate,Married,Ny,91750,No,No,No,Unknown,White-Collar,127601,2
709407933,30,M,1,High School,Married,Ny,91750,No,No,Yes,Cellular,Govt,67976,2
709408983,52,M,1,High School,Single,Tx,91750,No,Yes,No,Cellular,Businessman,92226,3
709410033,56,F,3,Graduate,Married,Ca,91010,No,Yes,No,Unknown,Businessman,190928,1
709411383,41,F,3,Graduate,Single,Ca,91750,Yes,No,No,Cellular,White-Collar,56159,1
709413933,50,F,3,Graduate,Single,Co,91750,No,No,No,Unknown,Blue-Collar,18493,3
709415583,38,M,2,Unknown,Unknown,Ca,91750,Yes,No,Yes,Cellular,White-Collar,65003,3
709418508,49,M,2,High School,Married,Ny,91750,Yes,Yes,No,Unknown,Businessman,104397,2
709422183,49,F,4,Uneducated,Married,Fl,91750,No,Yes,No,Telephone,Blue-Collar,15736,3
709423158,45,F,4,Uneducated,Unknown,Ca,91750,No,No,No,Cellular,Blue-Collar,39143,2
709426608,60,F,0,Graduate,Married,Tx,91750,No,Yes,No,Unknown,Blue-Collar,25163,3
709429533,47,F,4,Doctorate,Single,Tx,91750,No,Yes,Yes,Cellular,Businessman,20658,3
709430508,38,F,1,Post-Graduate,Single,Ca,91750,No,Yes,Yes,Cellular,White-Collar,17077,2
709432833,50,M,1,Post-Graduate,Unknown,Tx,91750,No,No,No,Cellular,Selfemployeed,81810,3
709434408,56,M,2,High School,Married,Ca,91750,Yes,No,No,Unknown,Govt,114195,2
709435533,49,F,4,Unknown,Single,Tx,91750,No,No,No,Unknown,Blue-Collar,13302,2
709436883,53,M,3,Uneducated,Married,Fl,91750,No,Yes,No,Cellular,Selfemployeed,89428,2
709443633,63,M,0,High School,Married,Va,91750,No,Yes,No,Cellular,Retirees,77576,2
709444983,42,F,4,Graduate,Single,Nj,91750,Yes,Yes,No,Cellular,Blue-Collar,14548,1
709446783,38,F,2,Graduate,Married,Ny,91750,No,Yes,No,Cellular,Selfemployeed,12692,3
709447908,45,F,2,Post-Graduate,Single,Fl,91750,Yes,Yes,No,Unknown,Retirees,35917,1
709449333,62,F,0,Doctorate,Married,Nj,91750,No,No,No,Cellular,Businessman,50156,2
709451508,48,F,4,Graduate,Single,Ny,91750,Yes,Yes,No,Unknown,Selfemployeed,8250,2
709452633,50,F,2,Graduate,Married,Fl,91750,Yes,Yes,No,Cellular,White-Collar,20387,3
709453833,44,M,3,Graduate,Married,Fl,91750,Yes,No,No,Unknown,White-Collar,54352,3
709455108,60,F,0,High School,Single,Fl,91750,No,No,No,Cellular,Selfemployeed,41798,2
709459608,39,M,3,High School,Married,Tx,91750,No,Yes,No,Cellular,Govt,98780,3
709460883,44,F,3,Graduate,Married,Ny,91750,Yes,No,No,Unknown,Businessman,27469,1
709465758,43,F,3,Doctorate,Married,Ny,91750,Yes,No,Yes,Cellular,Selfemployeed,2565,1
709467183,42,M,3,Uneducated,Married,Tx,91750,No,No,Yes,Unknown,Businessman,204097,2
709468683,56,F,3,High School,Unknown,Mn,91750,No,Yes,No,Unknown,Retirees,15052,1
709469658,42,M,3,Graduate,Single,Ma,91750,No,No,No,Cellular,Govt,58888,2
709470858,38,F,3,Unknown,Single,Ny,91750,Yes,No,No,Unknown,Blue-Collar,12527,2
709473708,59,M,0,Graduate,Single,Tx,91750,Yes,No,No,Unknown,Selfemployeed,15643,3
709474683,35,M,3,High School,Single,Fl,91750,Yes,Yes,No,Cellular,Govt,114417,2
709476033,40,M,3,Unknown,Married,Ny,91750,No,No,No,Cellular,Businessman,157062,2
709477233,43,F,3,Graduate,Married,Fl,91750,Yes,Yes,No,Cellular,Businessman,56489,2
709479558,44,F,1,Graduate,Unknown,Tx,91750,No,Yes,No,Unknown,Selfemployeed,34598,3
709482633,46,M,3,Graduate,Married,Ca,91750,Yes,Yes,No,Unknown,Retirees,98786,2
709485033,37,F,3,Unknown,Single,Fl,91750,No,Yes,No,Unknown,Selfemployeed,14975,2
709486158,35,M,1,Unknown,Single,Nj,91750,Yes,No,No,Cellular,Selfemployeed,67052,3
709487058,29,F,1,High School,Married,Ny,91750,No,No,No,Unknown,Selfemployeed,41050,2
709488108,53,F,2,High School,Married,Fl,91750,Yes,Yes,No,Cellular,Selfemployeed,16788,3
709493283,51,F,3,Graduate,Single,Fl,91750,No,No,No,Unknown,Selfemployeed,11346,2
709494483,42,F,3,Unknown,Single,Ny,91750,Yes,Yes,No,Cellular,Selfemployeed,14975,2
709495833,54,F,2,High School,Married,Tx,91750,Yes,No,No,Cellular,White-Collar,18923,3
709497108,40,M,2,Graduate,Married,Ca,91750,No,Yes,No,Cellular,Govt,114022,3
709500183,29,F,2,Unknown,Single,Fl,91750,Yes,No,No,Cellular,Blue-Collar,21202,2
709501683,50,F,2,Post-Graduate,Single,Ca,91750,Yes,No,No,Unknown,White-Collar,24431,2
709505808,63,F,0,Unknown,Married,Ny,91750,No,No,Yes,Cellular,White-Collar,18462,2
709513458,57,F,2,Uneducated,Single,Fl,91750,Yes,Yes,No,Unknown,Selfemployeed,35570,2
709514433,53,M,3,High School,Married,Tx,91750,No,No,Yes,Cellular,Businessman,127012,3
709516458,49,F,3,Graduate,Married,Fl,91750,Yes,Yes,No,Cellular,White-Collar,31821,2
709518858,48,M,3,Uneducated,Married,Ny,91750,No,Yes,No,Unknown,Blue-Collar,84042,2
709520058,47,F,2,Graduate,Single,Tx,91750,No,No,No,Cellular,Govt,20395,2
709523508,45,M,2,High School,Married,Ny,91750,No,Yes,Yes,Cellular,Govt,80243,3
709528308,29,F,0,Graduate,Married,Ca,91750,No,Yes,No,Unknown,Selfemployeed,17580,2
709530408,55,M,2,Graduate,Married,Nj,91750,No,Yes,No,Cellular,Govt,109942,2
709531908,47,F,5,Unknown,Married,Ca,91750,Yes,No,No,Cellular,Blue-Collar,23138,2
709534083,39,F,2,Graduate,Single,Fl,91750,No,Yes,Yes,Cellular,Selfemployeed,16967,3
709536483,45,F,2,Graduate,Married,Ca,91750,No,No,No,Unknown,Blue-Collar,19938,3
709537683,44,F,4,Unknown,Married,Ca,91750,Yes,No,No,Cellular,Selfemployeed,1250,3
709541433,61,F,1,Graduate,Married,Ca,91750,No,Yes,No,Cellular,Selfemployeed,14975,2
709545333,45,F,4,Graduate,Married,Ar,85260,No,No,No,Unknown,Govt,26989,2
709546608,43,M,2,Graduate,Married,Ca,91750,No,No,No,Cellular,White-Collar,78976,3
709547658,48,F,5,Graduate,Single,Ny,91750,Yes,No,No,Cellular,Selfemployeed,2565,2
709548783,53,F,2,Doctorate,Married,Ny,91750,No,Yes,No,Cellular,Selfemployeed,21500,3
709550958,65,M,0,Doctorate,Married,Fl,91750,No,Yes,No,Telephone,Selfemployeed,31525,3
709554483,40,F,1,High School,Married,Nj,91750,No,No,No,Unknown,Selfemployeed,14975,2
709556208,50,M,1,Graduate,Married,Nj,91750,No,No,No,Cellular,Selfemployeed,105206,2
709558608,62,M,1,Graduate,Single,Ny,91750,No,No,No,Cellular,Govt,102969,3
709560258,26,M,0,Graduate,Single,Nj,91750,No,No,No,Cellular,Blue-Collar,23994,3
709562358,59,M,0,High School,Single,Ny,91750,No,No,No,Cellular,Selfemployeed,63416,2
709563258,51,F,2,Unknown,Married,Tx,91750,No,No,No,Telephone,Selfemployeed,21594,2
709564683,44,F,3,Graduate,Unknown,Ca,91750,No,Yes,Yes,Cellular,Selfemployeed,2565,2
709566408,45,M,4,Graduate,Single,Ca,91750,Yes,No,No,Cellular,Govt,119115,2
709567758,44,F,4,Post-Graduate,Married,Ca,91750,No,Yes,Yes,Cellular,Blue-Collar,36490,2
709571958,49,M,0,Unknown,Married,Fl,91750,Yes,No,No,Cellular,Govt,60454,3
709573533,39,M,2,Uneducated,Single,Ca,91750,No,No,No,Cellular,Businessman,45167,3
709575858,52,M,2,Graduate,Married,Tx,91750,No,Yes,No,Cellular,Retirees,66923,3
709578258,55,F,1,Graduate,Single,Nj,91750,Yes,No,No,Cellular,Businessman,162342,3
709579383,39,F,4,Unknown,Single,Ca,91750,No,Yes,No,Cellular,Blue-Collar,12487,3
709581483,35,F,3,Graduate,Single,Tx,91750,Yes,Yes,No,Unknown,Blue-Collar,26315,3
709583133,45,F,3,Graduate,Married,Ny,91750,Yes,Yes,No,Unknown,Selfemployeed,14975,2
709584483,42,F,4,High School,Married,Tx,91750,Yes,Yes,No,Unknown,Retirees,16153,3
709585758,37,M,4,Uneducated,Married,Fl,91750,No,Yes,No,Cellular,Retirees,47348,2
709587783,42,M,3,Uneducated,Single,Ny,91750,No,No,No,Cellular,Retirees,48157,2
709589208,52,F,3,Graduate,Single,Tx,91750,No,No,Yes,Cellular,Businessman,167572,3
709591533,49,F,3,Graduate,Married,Ny,91750,Yes,No,No,Cellular,Businessman,37733,2
709592808,57,M,4,Graduate,Single,Tx,91750,No,Yes,No,Cellular,Businessman,170387,2
709596783,44,M,2,Graduate,Married,Tx,91750,Yes,Yes,No,Cellular,Govt,62843,2
709597983,34,F,3,High School,Single,Ca,91750,Yes,No,No,Unknown,White-Collar,36592,3
709603608,54,M,2,Uneducated,Married,Fl,91750,No,Yes,No,Cellular,White-Collar,72070,3
709604958,65,F,0,Unknown,Single,Ny,91750,No,Yes,No,Cellular,Blue-Collar,37823,3
709606158,51,M,4,High School,Married,Ny,91750,No,No,No,Cellular,White-Collar,82839,2
709607733,48,M,5,High School,Married,Il,91750,Yes,No,No,Cellular,Blue-Collar,56172,2
709608708,47,M,5,Unknown,Single,Ca,91750,No,Yes,No,Cellular,White-Collar,118954,2
709610283,48,M,4,High School,Single,Ny,91750,No,Yes,No,Cellular,Blue-Collar,67985,2
709611183,53,M,4,Graduate,Single,Tx,91750,No,Yes,No,Cellular,Govt,112375,3
709612983,48,F,1,Unknown,Single,Ca,91750,Yes,Yes,No,Cellular,Selfemployeed,24518,3
709614333,60,M,1,Unknown,Married,Tx,91750,No,No,Yes,Telephone,Selfemployeed,72542,2
709615458,41,M,2,Uneducated,Single,Ny,91750,No,Yes,No,Cellular,Businessman,195667,3
709616958,51,F,2,Post-Graduate,Married,Ut,91750,Yes,Yes,No,Cellular,Govt,35285,2
709618308,44,F,2,Uneducated,Married,Tx,91750,Yes,Yes,No,Cellular,Govt,43432,2
709619433,39,M,4,Uneducated,Married,Ca,91750,Yes,No,No,Telephone,Govt,115362,3
709621008,45,M,3,Graduate,Single,Ca,91750,Yes,No,Yes,Cellular,Selfemployeed,51333,3
709623483,56,F,3,Unknown,Single,Tx,91750,Yes,No,No,Cellular,Selfemployeed,11202,2
709624533,60,F,1,Graduate,Single,Nj,91750,No,No,No,Unknown,Selfemployeed,14975,3
709625733,63,M,1,Graduate,Single,Ca,91750,No,No,No,Cellular,Selfemployeed,71328,2
709626858,50,M,1,High School,Single,Fl,91750,Yes,No,No,Cellular,Businessman,54124,3
709627983,36,M,3,Uneducated,Married,Fl,91750,No,No,No,Cellular,White-Collar,65361,2
709632483,45,M,3,Graduate,Married,Fl,91750,Yes,No,No,Cellular,Businessman,63474,3
709633533,54,F,1,Graduate,Single,Ca,91750,No,No,No,Cellular,White-Collar,32490,3
709635858,40,F,4,Graduate,Married,Ny,91750,No,Yes,No,Telephone,Selfemployeed,10384,2
709638783,53,F,2,Graduate,Married,Ca,91750,No,Yes,No,Cellular,Retirees,48948,2
709641933,45,M,4,Graduate,Married,Wa,91750,Yes,No,No,Cellular,Businessman,65704,2
709646433,54,M,4,Unknown,Married,Ca,91750,No,Yes,No,Cellular,White-Collar,119250,3
709649958,57,F,3,Graduate,Unknown,Ca,91750,No,Yes,No,Cellular,Retirees,24826,2
709657533,43,M,3,Graduate,Married,Ca,91750,No,No,No,Cellular,Govt,112593,2
709660233,58,M,1,Graduate,Single,Tx,91750,No,Yes,No,Cellular,Businessman,107744,2
709662708,48,F,5,Graduate,Married,Ny,91750,Yes,Yes,No,Cellular,Govt,19094,2
709663608,55,F,2,Graduate,Single,Ny,91750,No,Yes,Yes,Unknown,White-Collar,19474,2
709664658,63,M,0,Unknown,Single,Tx,91750,Yes,No,No,Cellular,Govt,49497,3
709665783,39,M,3,Doctorate,Married,Fl,91750,No,No,No,Cellular,Selfemployeed,78836,2
709666908,38,M,3,High School,Single,Nj,91750,No,No,No,Unknown,Govt,73510,3
709668408,34,M,2,Graduate,Married,Ca,91750,No,Yes,No,Cellular,Blue-Collar,97284,2
709669533,41,M,4,High School,Married,Ny,91750,No,No,Yes,Cellular,White-Collar,64945,2
709671708,54,M,1,High School,Married,Tx,91750,Yes,No,No,Cellular,Blue-Collar,10019,2
709674333,48,F,4,High School,Married,Ny,91750,Yes,No,No,Unknown,Selfemployeed,31383,2
709678608,59,F,1,Graduate,Single,Ny,91750,No,Yes,No,Cellular,Businessman,55866,2
709679658,37,M,4,Graduate,Married,Ny,91750,No,No,No,Unknown,Businessman,80933,2
709682658,56,F,4,Graduate,Married,Ny,91750,Yes,No,No,Cellular,Selfemployeed,12584,2
709683633,51,F,3,Unknown,Married,Ca,91750,Yes,No,No,Cellular,Selfemployeed,33499,2
709688883,45,F,4,Graduate,Unknown,Fl,91750,Yes,No,No,Unknown,Retirees,22969,2
709690158,41,F,4,Unknown,Single,Fl,91750,No,No,No,Cellular,Selfemployeed,14884,2
709693833,42,F,3,High School,Single,Tx,91750,No,Yes,No,Telephone,Govt,28104,3
709695333,47,F,3,Graduate,Married,Ca,91750,No,No,Yes,Cellular,Selfemployeed,39032,2
709700058,44,M,4,Unknown,Married,Ny,91750,Yes,No,No,Cellular,Blue-Collar,63135,3
709701558,46,F,3,Graduate,Unknown,Ca,91750,No,No,No,Cellular,Blue-Collar,14567,2
709703433,30,F,1,Graduate,Single,Tx,91750,No,No,No,Cellular,Retirees,15446,2
709707033,54,F,0,Post-Graduate,Single,Nj,91750,Yes,No,No,Cellular,Blue-Collar,13763,2
709708233,44,F,4,Uneducated,Single,Tx,91750,No,Yes,No,Cellular,Selfemployeed,14975,3
709709283,40,F,2,Uneducated,Single,Ca,91750,No,Yes,No,Cellular,Blue-Collar,24317,2
709710783,41,F,2,Graduate,Single,Ca,91750,No,No,No,Cellular,White-Collar,31967,3
709711758,54,F,1,Graduate,Married,Fl,91750,Yes,Yes,No,Unknown,White-Collar,17144,2
709713033,65,F,0,Graduate,Unknown,Ny,91750,No,No,No,Unknown,Selfemployeed,14975,2
709714008,46,F,2,Unknown,Married,Fl,91750,No,No,No,Cellular,Retirees,25686,3
709716258,49,M,4,Uneducated,Married,Ca,91750,No,No,No,Unknown,Retirees,16225,3
709718058,43,M,5,High School,Married,Fl,91750,No,No,Yes,Cellular,Govt,72630,3
709719333,35,M,2,Graduate,Married,Tx,91750,Yes,No,No,Cellular,Blue-Collar,80777,3
709722858,59,M,0,High School,Single,Tx,91750,No,No,No,Cellular,Govt,114711,2
709726158,38,M,2,Uneducated,Single,Tx,91750,Yes,Yes,No,Cellular,White-Collar,95473,2
709728183,42,F,2,Graduate,Married,Fl,91750,No,No,No,Cellular,White-Collar,59289,3
709729533,32,F,0,Graduate,Single,Ca,91750,No,Yes,No,Cellular,Businessman,22876,3
709730508,44,M,5,Doctorate,Single,Tx,91750,No,Yes,No,Cellular,Selfemployeed,68783,2
709732608,41,M,3,Graduate,Single,Ny,91750,No,Yes,No,Cellular,Blue-Collar,56365,3
709735008,47,F,2,Graduate,Married,Tx,91750,No,No,Yes,Cellular,Blue-Collar,18482,3
709736658,46,M,2,Graduate,Married,Nv,91750,No,Yes,No,Cellular,Businessman,62968,3
709738008,39,M,1,Graduate,Married,Ny,91750,Yes,Yes,No,Unknown,Businessman,90756,3
709739283,58,F,0,Graduate,Married,Ca,91750,No,Yes,Yes,Cellular,White-Collar,53629,2
709741608,43,M,3,Unknown,Married,Ca,91750,No,Yes,Yes,Cellular,Govt,41334,2
709742958,55,F,3,Uneducated,Single,Tx,91750,No,No,No,Cellular,White-Collar,36899,2
709745508,58,F,3,High School,Married,Ny,91750,No,Yes,No,Telephone,Blue-Collar,22334,3
709747308,56,M,3,High School,Married,Fl,91750,No,Yes,No,Cellular,Businessman,75538,2
709749483,34,M,1,Graduate,Married,Fl,91750,No,No,No,Cellular,White-Collar,69584,3
709752183,55,F,2,Graduate,Single,Va,91750,No,No,Yes,Cellular,Selfemployeed,12715,3
709757583,29,F,0,Uneducated,Single,Ny,91750,Yes,No,No,Telephone,Blue-Collar,21187,3
709759908,39,M,3,Graduate,Married,Ca,91750,No,Yes,Yes,Cellular,Govt,57930,2
709762008,57,M,3,Unknown,Married,Fl,91750,Yes,Yes,No,Cellular,Retirees,71313,2
709762908,43,M,3,Graduate,Unknown,Ny,91750,No,No,No,Cellular,Retirees,89096,2
709764483,37,M,3,Post-Graduate,Married,Tx,91750,No,Yes,No,Cellular,Businessman,48436,2
709766808,48,M,2,High School,Married,Ny,91750,No,No,No,Cellular,Govt,42746,2
709769283,53,F,1,Graduate,Single,Fl,91750,No,No,No,Cellular,Blue-Collar,52252,2
709770408,55,M,3,Graduate,Married,Fl,91750,Yes,Yes,No,Telephone,Businessman,115855,2
709774608,44,F,2,Graduate,Single,Ca,91750,Yes,Yes,No,Cellular,Businessman,37668,2
709779258,35,F,2,Unknown,Married,Tx,91750,No,Yes,No,Cellular,Govt,49630,2
709780158,39,M,3,High School,Single,Ca,91750,Yes,Yes,No,Cellular,Govt,79341,3
709781208,42,M,1,High School,Married,Tx,91750,Yes,No,No,Cellular,Retirees,98960,2
709783908,56,F,1,High School,Single,Ca,91750,No,No,No,Unknown,White-Collar,18581,2
709785783,26,M,0,Unknown,Single,Ny,91750,No,Yes,Yes,Unknown,Selfemployeed,14975,3
709787733,44,M,4,Graduate,Single,Ny,91750,Yes,No,No,Cellular,Blue-Collar,48600,3
709788783,52,M,0,Unknown,Married,Tx,91750,Yes,No,No,Cellular,Govt,92593,3
709790058,47,M,4,Graduate,Married,Fl,91750,Yes,Yes,No,Cellular,Govt,88788,2
709791333,52,M,3,Graduate,Married,Ny,91750,No,No,No,Cellular,Selfemployeed,76643,3
709793133,47,F,3,Uneducated,Single,Tx,91750,Yes,Yes,Yes,Cellular,Selfemployeed,14975,2
709794333,47,F,4,Unknown,Single,Fl,91750,Yes,Yes,Yes,Cellular,Selfemployeed,14975,1
709798908,53,F,1,Unknown,Married,Ca,91750,Yes,No,No,Unknown,Retirees,30654,3
709802208,48,F,3,Uneducated,Single,Nj,91750,No,No,No,Cellular,Blue-Collar,32977,2
709803258,43,F,0,High School,Married,Ny,91750,No,No,No,Unknown,Retirees,26760,2
709804533,50,F,4,High School,Married,Tx,91750,No,No,No,Cellular,Blue-Collar,46567,1
709807383,45,F,2,Unknown,Married,Fl,91750,Yes,No,No,Telephone,Businessman,212509,3
709810458,44,F,3,Graduate,Married,Ny,91750,Yes,Yes,No,Unknown,Retirees,54920,2
709813008,41,M,2,Graduate,Married,Ca,91750,No,No,Yes,Cellular,White-Collar,65986,1
709814883,43,F,2,Graduate,Single,Ca,90025,Yes,Yes,No,Unknown,Businessman,215862,3
709816158,47,F,3,Graduate,Single,Ca,91750,No,No,No,Cellular,White-Collar,23101,1
709820658,45,M,2,Unknown,Married,Tx,91750,No,Yes,No,Cellular,Govt,42191,1
709822008,63,M,1,Graduate,Married,Ny,91750,No,No,No,Cellular,Blue-Collar,57565,2
709823733,41,M,3,Uneducated,Single,Tx,91750,No,Yes,No,Telephone,Retirees,104384,2
709824633,57,M,2,Graduate,Married,Ny,91750,No,Yes,Yes,Cellular,White-Collar,91871,3
709826058,53,F,2,Uneducated,Married,Ca,91750,No,Yes,No,Unknown,Retirees,16146,1
709827933,30,M,1,Unknown,Single,Nj,91750,Yes,No,No,Cellular,White-Collar,39969,3
709830783,43,F,5,Graduate,Single,Tx,91750,Yes,No,No,Cellular,Retirees,48357,1
709831983,45,F,5,Graduate,Married,Ny,91750,No,Yes,No,Cellular,Businessman,204723,2
709836258,50,M,3,Uneducated,Single,Fl,91750,No,Yes,No,Telephone,Businessman,94176,3
709837308,45,F,2,Graduate,Married,Nj,91750,Yes,No,No,Cellular,White-Collar,43234,1
709838508,47,M,1,Unknown,Married,Fl,91750,No,No,No,Telephone,Businessman,102039,3
709839858,29,F,2,Uneducated,Single,Nj,91750,No,No,No,Unknown,Selfemployeed,14975,3
709841433,39,F,2,High School,Single,Ca,91750,Yes,Yes,No,Cellular,Selfemployeed,44329,2
709850508,42,F,3,Unknown,Married,Nj,91750,No,Yes,No,Cellular,Selfemployeed,33541,2
709852908,39,F,3,Graduate,Married,Nv,91750,No,No,No,Unknown,Selfemployeed,14975,3
709854483,62,F,0,Graduate,Single,Tx,91750,Yes,Yes,Yes,Unknown,Businessman,27552,2
709855608,61,F,0,Graduate,Married,Ca,91750,Yes,Yes,No,Cellular,Selfemployeed,6550,2
709857033,29,M,1,Uneducated,Married,Tx,91750,No,No,No,Cellular,White-Collar,51868,1
709858533,41,F,4,Uneducated,Unknown,Ny,91750,No,Yes,No,Cellular,White-Collar,25627,2
709861008,43,M,3,Graduate,Single,Fl,91750,No,No,No,Cellular,Businessman,114799,3
709864833,53,F,2,Graduate,Single,Ca,91750,Yes,Yes,No,Cellular,Blue-Collar,12005,3
709865883,32,M,1,High School,Single,Hi,91750,Yes,Yes,No,Cellular,White-Collar,116862,2
709868433,58,M,1,Graduate,Married,Tx,91750,Yes,No,No,Cellular,Businessman,60839,3
709869708,54,F,2,High School,Single,Ny,91750,Yes,No,No,Cellular,Blue-Collar,48255,2
709871658,48,M,4,Unknown,Single,Ny,91750,Yes,Yes,No,Cellular,Selfemployeed,107307,3
709873683,55,M,1,Uneducated,Single,Ny,91750,Yes,Yes,No,Cellular,Retirees,58881,1
709876008,36,F,2,Unknown,Unknown,Tx,91750,Yes,No,No,Cellular,Blue-Collar,16094,1
709879458,56,F,1,Graduate,Married,Pa,91750,No,Yes,No,Cellular,Retirees,17671,1
709883883,47,M,4,Graduate,Single,Tx,91750,No,No,No,Cellular,Selfemployeed,110342,1
709886583,53,F,3,Unknown,Single,Ca,91750,Yes,Yes,No,Telephone,Businessman,32243,1
709887483,51,F,3,High School,Married,Fl,91750,Yes,Yes,No,Cellular,Retirees,38348,1
709888383,59,M,0,Uneducated,Unknown,Ca,91750,Yes,Yes,No,Telephone,White-Collar,63945,1
709891608,33,F,1,Graduate,Married,Fl,91750,Yes,Yes,No,Unknown,Govt,19018,3
709892658,44,M,4,High School,Single,Ny,91750,No,Yes,No,Unknown,White-Collar,65216,1
709893858,49,M,2,Post-Graduate,Married,Ny,91750,Yes,Yes,No,Cellular,White-Collar,71847,2
709895508,44,M,4,Unknown,Single,Ca,91750,Yes,Yes,No,Cellular,White-Collar,103638,1
709897983,57,F,0,Graduate,Married,Ca,91750,No,Yes,Yes,Cellular,Selfemployeed,18501,1
709901058,35,M,2,High School,Married,Nj,91750,No,No,No,Cellular,Blue-Collar,52805,3
709902108,41,M,3,Doctorate,Single,Tx,91750,Yes,No,No,Cellular,Retirees,85981,3
709904508,41,M,2,Doctorate,Married,Ut,91750,No,Yes,No,Cellular,Businessman,52950,2
709910733,39,M,2,Unknown,Unknown,Tx,91750,No,No,No,Cellular,Businessman,126439,1
709912683,55,M,0,Unknown,Single,Tx,91750,No,Yes,No,Cellular,Govt,60020,1
709913733,37,F,3,High School,Single,Mi,91750,No,No,No,Cellular,Selfemployeed,14975,2
709914858,40,M,3,Graduate,Single,Ca,91750,No,No,No,Cellular,White-Collar,95077,1
709916058,65,F,1,Graduate,Single,Ny,91750,No,No,No,Unknown,Selfemployeed,14975,2
709918158,53,F,2,Graduate,Married,Ca,91750,No,Yes,Yes,Unknown,Blue-Collar,20405,2
709919283,58,F,0,Uneducated,Unknown,Tx,91750,Yes,Yes,No,Telephone,Selfemployeed,14975,3
709920258,36,M,4,Doctorate,Married,Ut,91750,Yes,No,Yes,Cellular,Selfemployeed,67145,3
709921158,56,F,1,Unknown,Married,Ca,91750,No,No,No,Cellular,Selfemployeed,54921,3
709922508,51,M,2,Unknown,Married,Ca,91750,Yes,Yes,No,Cellular,Govt,95699,3
709925733,55,M,0,Doctorate,Married,Ca,91750,No,No,No,Cellular,Govt,93040,3
709927458,50,F,3,Post-Graduate,Single,Wa,91750,No,Yes,No,Unknown,Selfemployeed,48536,1
709928358,51,M,3,Graduate,Single,Tx,91750,Yes,No,No,Telephone,Govt,114988,2
709930758,26,F,1,Uneducated,Single,Fl,91750,No,No,No,Unknown,Selfemployeed,14975,2
709932558,34,F,2,Graduate,Unknown,Tx,91750,No,No,No,Unknown,Blue-Collar,15484,3
709934808,56,M,3,Uneducated,Married,Fl,91750,Yes,No,No,Cellular,White-Collar,123414,3
709935708,49,M,3,High School,Single,Fl,91750,No,No,No,Cellular,White-Collar,56575,3
709937583,56,F,3,Graduate,Single,Fl,91750,No,Yes,No,Cellular,Businessman,156076,3
709938708,41,M,2,Graduate,Single,Ny,91750,No,No,No,Cellular,Selfemployeed,69235,2
709942383,50,F,4,Graduate,Married,Ca,91750,No,Yes,No,Unknown,Selfemployeed,14975,2
709945458,55,M,1,Doctorate,Single,Ny,91750,No,No,No,Cellular,Retirees,78433,3
709946658,57,M,2,Graduate,Unknown,Ny,91750,No,No,No,Cellular,Selfemployeed,71723,1
709948233,57,M,1,Graduate,Unknown,Ca,91750,No,Yes,No,Cellular,White-Collar,98193,2
709950858,42,F,3,Uneducated,Single,Ca,91750,Yes,Yes,No,Cellular,Retirees,37625,3
709952658,39,M,2,Doctorate,Single,Ca,91750,Yes,No,No,Cellular,Govt,63651,2
709955958,38,F,0,Uneducated,Single,Ca,91750,Yes,Yes,No,Unknown,White-Collar,36794,3
709957158,42,M,3,High School,Married,Tx,91750,Yes,No,No,Cellular,Retirees,45716,2
709959858,55,M,2,High School,Single,Fl,91750,No,Yes,No,Cellular,Selfemployeed,42908,1
709961958,45,F,4,Doctorate,Unknown,Nj,91750,Yes,No,No,Unknown,Selfemployeed,5525,2
709965858,46,M,3,Uneducated,Married,Ny,91750,No,No,Yes,Telephone,Retirees,70704,2
709967358,35,F,2,Graduate,Married,Fl,91750,No,No,No,Cellular,Selfemployeed,14975,3
709969758,49,M,1,Graduate,Single,Fl,91750,No,No,No,Unknown,White-Collar,147447,3
709971708,47,M,3,Post-Graduate,Unknown,Mn,91750,No,No,No,Cellular,White-Collar,118831,3
709972908,51,M,2,Graduate,Married,Ny,91750,Yes,No,No,Cellular,Blue-Collar,59285,3
709974108,54,F,1,Graduate,Unknown,Ny,91750,Yes,Yes,No,Cellular,White-Collar,34818,3
709976358,49,M,3,Graduate,Single,Tx,91750,Yes,No,No,Cellular,Selfemployeed,46013,3
709977933,38,M,2,High School,Married,Ny,91750,Yes,No,No,Cellular,Businessman,114772,1
709979583,40,F,3,Uneducated,Married,Ny,91750,No,No,No,Unknown,Selfemployeed,19950,3
709980783,41,F,4,Graduate,Married,Fl,91750,No,No,No,Cellular,Selfemployeed,49299,1
709982658,41,M,4,Graduate,Unknown,Tx,91750,No,Yes,No,Cellular,Selfemployeed,54328,3
709984083,42,M,2,Graduate,Married,Fl,91750,Yes,No,No,Cellular,Selfemployeed,109168,1
709985133,51,F,0,Graduate,Married,Ca,91750,No,No,No,Unknown,Retirees,30557,3
709986633,57,F,2,Graduate,Married,Fl,91750,No,No,No,Cellular,Blue-Collar,22430,1
709987683,35,F,2,Graduate,Married,Ca,91750,No,Yes,No,Cellular,Selfemployeed,32551,3
709990983,38,F,3,Post-Graduate,Married,Ca,91750,Yes,No,No,Cellular,Selfemployeed,11385,2
709991883,45,F,5,Post-Graduate,Married,Tx,91750,No,Yes,No,Cellular,Selfemployeed,5225,3
709993158,61,F,0,Graduate,Single,Ca,91750,No,No,No,Cellular,Blue-Collar,45266,1
709996833,45,M,2,Uneducated,Unknown,Nj,91750,No,No,No,Cellular,Businessman,104586,1
709997958,47,F,5,Graduate,Single,Ca,91750,No,No,No,Cellular,White-Collar,22129,3
709999308,27,F,0,Unknown,Single,Ca,91750,Yes,Yes,No,Cellular,Govt,37793,1
710002833,43,M,3,Post-Graduate,Married,Tx,91750,Yes,No,No,Cellular,Govt,58964,3
710003958,46,F,3,High School,Single,Ca,91750,No,Yes,No,Cellular,Blue-Collar,50310,1
710004933,57,F,0,Unknown,Married,Ca,91750,No,Yes,No,Unknown,Blue-Collar,14029,2
710005683,40,F,4,Uneducated,Married,Nj,91750,Yes,No,Yes,Cellular,Businessman,235039,2
710006958,37,M,3,Graduate,Married,Ca,91750,Yes,Yes,No,Cellular,Govt,76798,1
710013258,49,M,2,High School,Married,Ny,91750,No,No,No,Cellular,White-Collar,63977,2
710014683,45,F,2,Graduate,Married,Mi,91750,No,No,No,Cellular,Selfemployeed,32665,3
710015733,42,F,3,Unknown,Married,Ny,91750,No,No,No,Cellular,Govt,35023,2
710016708,52,M,3,Unknown,Single,Tx,91750,No,Yes,No,Unknown,Businessman,109516,1
710017758,35,F,3,Graduate,Married,Fl,91750,Yes,Yes,Yes,Cellular,Businessman,42161,2
710019933,34,F,2,High School,Married,Fl,91750,No,No,No,Cellular,White-Collar,138682,1
710023233,65,M,2,Unknown,Single,Ca,91750,No,No,No,Cellular,White-Collar,32029,2
710026458,36,M,2,Graduate,Single,Ca,91750,Yes,No,No,Cellular,Businessman,119774,3
710027508,52,F,4,Graduate,Married,Ca,91750,No,Yes,No,Unknown,Selfemployeed,13102,3
710032608,62,F,0,Graduate,Single,Fl,91750,No,Yes,No,Unknown,Selfemployeed,14975,1
710035008,35,F,3,Uneducated,Married,Fl,91750,No,No,No,Cellular,Retirees,28453,3
710036508,40,F,3,Graduate,Single,Fl,91750,Yes,No,No,Cellular,Selfemployeed,8250,1
710038008,38,F,1,High School,Unknown,Mo,91750,Yes,No,No,Unknown,Selfemployeed,14237,2
710039208,52,F,2,High School,Single,Ny,91750,No,Yes,No,Cellular,Retirees,44071,2
710040483,31,M,1,Graduate,Married,Ny,91750,No,No,No,Cellular,Selfemployeed,44698,1
710043408,47,F,5,Uneducated,Married,Ca,91750,No,No,No,Unknown,Blue-Collar,18439,2
710044308,50,F,0,Graduate,Married,Ca,91750,Yes,Yes,No,Telephone,Govt,28323,3
710045058,42,F,2,Unknown,Married,Tx,91750,Yes,Yes,No,Cellular,Blue-Collar,12512,3
710047533,48,M,2,High School,Single,Ca,91750,No,No,No,Cellular,Businessman,115498,1
710051658,39,M,2,High School,Single,Fl,91750,No,Yes,No,Cellular,Blue-Collar,60577,2
710056758,55,F,3,Post-Graduate,Unknown,Tx,91750,No,No,Yes,Cellular,Businessman,220595,3
710058033,51,M,3,Post-Graduate,Married,Ca,91750,Yes,No,No,Cellular,White-Collar,42092,1
710061783,47,M,4,Uneducated,Married,Ny,91750,Yes,No,No,Cellular,Blue-Collar,66411,1
710064033,43,F,4,Uneducated,Single,Ca,91750,No,No,No,Cellular,Selfemployeed,38771,1
710066133,54,M,2,High School,Married,Ca,91750,No,No,No,Cellular,Govt,119104,2
710067183,49,F,0,Graduate,Married,Tx,91750,No,Yes,No,Unknown,Govt,21188,1
710070183,53,F,2,Graduate,Married,Tx,91750,Yes,No,No,Cellular,Blue-Collar,13600,3
710074458,47,M,1,Graduate,Married,Tx,91750,No,No,No,Cellular,Retirees,56565,1
710077008,47,F,0,Graduate,Married,Fl,91750,No,Yes,Yes,Cellular,White-Collar,38259,2
710078358,52,F,5,Graduate,Single,Tx,91750,No,Yes,Yes,Cellular,White-Collar,50129,1
710080383,42,M,3,Graduate,Single,Fl,91750,Yes,No,No,Cellular,Retirees,61330,2
710081208,41,M,5,Unknown,Unknown,Ga,91750,Yes,No,No,Unknown,White-Collar,108672,1
710082708,47,F,4,Graduate,Single,Tx,91750,No,No,Yes,Cellular,Selfemployeed,11150,1
710084883,53,F,1,High School,Single,Ca,91750,Yes,No,No,Cellular,White-Collar,33915,1
710086308,47,M,4,High School,Married,Ca,91750,Yes,Yes,No,Cellular,Govt,73962,3
710088483,54,F,4,Unknown,Married,Ca,91750,Yes,Yes,No,Cellular,Retirees,36022,3
710090133,45,F,2,Graduate,Single,Fl,91750,No,No,No,Cellular,Selfemployeed,44956,1
710090958,44,F,4,Uneducated,Single,Tx,91750,No,No,No,Cellular,Selfemployeed,52717,3
710092683,40,F,4,Graduate,Single,Ca,91750,Yes,No,No,Unknown,Businessman,16725,2
710094108,48,M,2,Graduate,Married,Nj,91750,Yes,No,No,Telephone,White-Collar,95965,1
710096658,47,F,5,Graduate,Married,Ny,91750,No,No,No,Cellular,Retirees,23257,3
710098233,44,M,4,Graduate,Married,Ny,91750,Yes,No,No,Telephone,White-Collar,66212,2
710099358,49,M,2,Doctorate,Single,Ca,91750,No,No,Yes,Cellular,Selfemployeed,86420,2
710102208,53,M,2,High School,Single,Ny,91750,No,Yes,No,Cellular,Retirees,63887,2
710103558,55,F,1,Graduate,Unknown,Ca,91750,No,No,Yes,Cellular,Blue-Collar,12373,2
710104908,52,F,4,Uneducated,Single,Ca,91750,No,Yes,No,Cellular,Blue-Collar,10604,1
710106933,46,M,4,High School,Single,Ny,91750,Yes,No,No,Unknown,Businessman,179997,1
710108133,46,F,2,Graduate,Single,Tx,91750,No,Yes,No,Cellular,Selfemployeed,11588,2
710109633,55,F,2,Graduate,Single,Ny,91750,No,Yes,No,Cellular,Selfemployeed,14975,1
710110683,41,M,4,Uneducated,Married,Ca,91750,No,No,No,Cellular,Retirees,80840,1
710111733,49,F,2,Unknown,Married,Tx,91750,Yes,Yes,No,Unknown,Blue-Collar,12445,3
710112933,57,F,3,Post-Graduate,Married,Ca,91750,No,Yes,Yes,Cellular,White-Collar,30206,2
710115108,50,M,3,Graduate,Single,Ny,91750,Yes,No,No,Cellular,Blue-Collar,68950,1
710116833,54,F,1,Graduate,Married,Tx,91750,Yes,Yes,Yes,Cellular,Govt,32073,2
710119233,51,F,2,Unknown,Married,Tx,91750,No,No,No,Cellular,Businessman,52811,2
710120358,49,F,4,Graduate,Single,Fl,91750,No,Yes,Yes,Unknown,Businessman,23844,2
710122458,53,F,2,Graduate,Married,Ny,91750,No,Yes,No,Cellular,Businessman,209926,1
710125608,59,M,0,Unknown,Married,Nj,91750,No,No,No,Telephone,Retirees,76846,1
710129283,65,F,0,High School,Married,Nj,91750,No,No,No,Cellular,Businessman,33675,2
710133858,37,F,2,High School,Married,Tx,91750,Yes,Yes,Yes,Cellular,Selfemployeed,51900,1
710135058,51,F,2,Graduate,Married,Fl,91750,Yes,No,No,Cellular,Selfemployeed,14975,1
710136258,26,F,1,High School,Single,Fl,91750,No,Yes,No,Cellular,Blue-Collar,32823,2
710138883,47,F,4,Unknown,Single,Tx,91750,No,Yes,No,Unknown,Selfemployeed,16670,1
710141208,53,F,1,High School,Unknown,Tx,91750,No,Yes,No,Cellular,White-Collar,128211,2
710142258,57,M,4,Graduate,Married,Ny,91750,No,Yes,No,Cellular,Govt,73371,1
710147958,51,F,0,Doctorate,Married,Tx,91750,No,No,No,Cellular,Selfemployeed,9535,2
710149008,37,F,1,Graduate,Married,Tx,91750,No,Yes,Yes,Cellular,White-Collar,22329,1
710150208,41,F,2,Graduate,Married,Tx,91750,Yes,Yes,Yes,Cellular,Businessman,43253,1
710153583,45,M,4,Graduate,Single,Fl,91750,Yes,No,No,Unknown,Businessman,118381,1
710155158,36,M,4,Graduate,Married,Ca,91750,No,No,Yes,Cellular,White-Collar,119274,2
710155983,57,M,2,Unknown,Single,Ia,91750,Yes,Yes,No,Cellular,Govt,115203,3
710157108,42,M,4,Graduate,Married,Ny,91750,Yes,No,Yes,Cellular,Retirees,71764,3
710159658,46,F,2,Graduate,Unknown,Fl,91750,Yes,Yes,No,Unknown,Govt,27454,2
710161083,45,M,3,Graduate,Single,Tx,91750,Yes,Yes,No,Cellular,White-Collar,101185,1
710162133,48,M,2,Graduate,Single,Az,90025,Yes,Yes,No,Cellular,White-Collar,117903,1
710163633,57,M,3,Post-Graduate,Single,Tx,91750,No,Yes,No,Cellular,Retirees,89211,3
710164683,43,F,3,Unknown,Married,Ny,91750,No,Yes,No,Cellular,Selfemployeed,24132,1
710166783,51,M,3,High School,Single,Ca,91750,No,No,No,Cellular,Govt,56215,3
710170758,23,M,3,Graduate,Single,Ny,91750,Yes,No,Yes,Cellular,White-Collar,113257,3
710175783,36,F,1,Graduate,Married,Ca,91750,Yes,No,Yes,Cellular,Businessman,56950,1
710178558,39,M,1,High School,Single,Tx,91750,No,Yes,Yes,Cellular,White-Collar,118482,1
710180958,44,F,2,Uneducated,Married,Or,91750,Yes,Yes,No,Cellular,Selfemployeed,14975,2
710182383,55,F,1,Uneducated,Unknown,Tx,91750,Yes,No,No,Unknown,Selfemployeed,39474,3
710183283,48,M,2,Graduate,Married,Ny,91750,No,Yes,No,Cellular,Businessman,90708,3
710186958,51,M,2,Graduate,Married,Ny,91750,Yes,No,No,Cellular,White-Collar,62207,1
710188308,57,M,2,High School,Single,Fl,91750,Yes,No,No,Cellular,Govt,86061,1
710190858,47,M,1,High School,Married,Fl,91750,No,No,Yes,Unknown,White-Collar,142186,2
710192283,53,M,1,Graduate,Single,Tx,91750,No,Yes,No,Cellular,Businessman,116314,1
710194683,50,F,1,Graduate,Single,Tx,91750,No,Yes,No,Cellular,Selfemployeed,25503,2
710197308,43,F,3,Graduate,Married,Ny,91750,No,No,No,Cellular,Blue-Collar,50003,2
710201058,52,M,2,Uneducated,Single,Tx,91750,No,Yes,No,Cellular,Retirees,53374,3
710202783,43,F,4,Unknown,Single,Tx,91750,Yes,No,No,Unknown,Selfemployeed,12846,3
710207208,52,M,1,Uneducated,Married,Ny,91750,No,No,No,Cellular,White-Collar,126094,2
710208633,49,F,3,Unknown,Unknown,Ny,91750,Yes,No,No,Cellular,White-Collar,15540,3
710211783,56,F,3,High School,Married,Ca,91750,Yes,No,No,Unknown,Selfemployeed,24455,2
710213508,22,M,4,Unknown,Unknown,Nj,91750,Yes,No,Yes,Unknown,Govt,115680,2
710218233,36,F,3,High School,Married,Ny,91750,No,No,No,Cellular,Businessman,35185,2
710219658,54,M,2,Graduate,Single,Ny,91750,No,No,No,Telephone,Blue-Collar,71892,3
710226708,37,M,3,Uneducated,Unknown,Ny,91750,Yes,No,No,Cellular,Blue-Collar,69115,2
710227908,44,F,2,Graduate,Single,Ny,91750,Yes,No,No,Telephone,Businessman,32887,2
710229333,49,F,2,Graduate,Unknown,Ca,91750,Yes,No,No,Cellular,Selfemployeed,42568,2
710231433,46,F,4,Uneducated,Married,Ca,91750,Yes,Yes,Yes,Unknown,White-Collar,36968,2
710232483,50,F,3,High School,Married,Ny,91750,No,No,Yes,Cellular,Businessman,237124,3
710233683,48,F,2,Graduate,Married,Ca,91750,No,No,No,Telephone,Selfemployeed,14975,3
710237283,40,M,5,High School,Single,Ny,91750,Yes,Yes,Yes,Cellular,Businessman,155097,3
710241858,36,F,2,Uneducated,Single,Fl,91750,No,No,No,Cellular,Selfemployeed,20577,3
710243208,53,M,2,Graduate,Single,Ca,91750,No,Yes,No,Cellular,Govt,80933,2
710244108,53,M,0,Uneducated,Single,Ca,90275,Yes,Yes,No,Cellular,White-Collar,147537,3
710248233,47,F,3,Uneducated,Married,Fl,91750,No,Yes,No,Unknown,Selfemployeed,36936,2
710251608,42,F,4,Uneducated,Married,Tx,91750,No,Yes,Yes,Cellular,Selfemployeed,14397,3
710255208,44,F,3,Unknown,Single,Fl,91750,No,Yes,Yes,Telephone,Blue-Collar,19414,2
710256708,41,F,2,Graduate,Married,Ca,91750,No,No,No,Unknown,Businessman,30183,2
710257683,40,M,2,Graduate,Married,Ca,91750,Yes,Yes,No,Cellular,Selfemployeed,66678,2
710260983,50,M,3,High School,Married,Fl,91750,Yes,No,No,Cellular,Blue-Collar,112996,2
710262408,50,M,1,Doctorate,Married,Tx,91750,No,Yes,No,Cellular,White-Collar,147696,2
710263608,52,F,4,Graduate,Unknown,Fl,91750,No,Yes,No,Cellular,Retirees,22647,2
710267583,47,F,4,Post-Graduate,Single,Ca,91750,No,Yes,No,Cellular,White-Collar,45172,2
710268858,45,F,2,High School,Single,Tx,91750,No,No,No,Unknown,White-Collar,35216,2
710273658,41,F,4,Unknown,Married,Fl,91750,No,No,No,Telephone,Govt,33313,2
710277183,57,F,2,Doctorate,Married,Ca,91750,No,Yes,Yes,Cellular,Retirees,57568,2
710278458,39,F,2,Doctorate,Married,Ny,91750,No,Yes,Yes,Cellular,Selfemployeed,14975,2
710279508,48,F,2,High School,Married,Ca,91750,No,Yes,Yes,Cellular,Selfemployeed,14975,2
710280558,39,F,2,High School,Single,Ca,91750,No,Yes,No,Cellular,Selfemployeed,9535,2
710284233,56,F,1,Graduate,Married,Tx,91750,No,No,No,Unknown,Retirees,27492,3
710287533,40,F,3,High School,Married,Ny,91750,No,No,No,Cellular,Selfemployeed,23783,2
710288883,40,M,4,High School,Married,Mi,91750,Yes,Yes,No,Cellular,White-Collar,91552,3
710289783,50,F,1,Graduate,Married,Ca,91750,No,Yes,No,Cellular,Govt,29411,2
710292333,49,F,4,Graduate,Married,Tx,91750,Yes,No,Yes,Cellular,Selfemployeed,30862,2
710294808,51,M,1,High School,Single,Fl,91750,No,No,No,Unknown,Businessman,65840,2
710295858,47,M,2,Graduate,Married,Tx,91750,Yes,Yes,No,Cellular,White-Collar,110796,2
710297133,39,M,2,Graduate,Married,Tx,91750,No,Yes,No,Unknown,Retirees,38051,3
710299608,56,F,1,Uneducated,Married,Pa,91750,No,No,No,Cellular,Selfemployeed,2565,3
710300733,53,M,2,Post-Graduate,Single,Co,91750,No,Yes,No,Telephone,Businessman,140591,2
710301858,45,M,2,Graduate,Single,Nj,91750,No,Yes,No,Cellular,Selfemployeed,42835,2
710303208,43,F,3,Uneducated,Married,Tx,91750,Yes,No,No,Cellular,Businessman,207019,2
710306358,42,M,4,Doctorate,Married,Fl,91750,No,No,No,Cellular,White-Collar,109699,2
710307933,41,F,0,High School,Married,Tx,91750,No,No,No,Telephone,White-Collar,28141,2
710308983,58,M,2,Graduate,Married,Nj,91750,Yes,No,No,Cellular,Blue-Collar,51851,3
710310108,42,M,4,Uneducated,Married,Ny,91750,No,No,No,Cellular,Selfemployeed,73394,2
710311233,37,M,4,Graduate,Married,Nj,91750,No,No,No,Cellular,Selfemployeed,65446,2
710312658,50,F,1,Graduate,Married,Tx,91750,Yes,No,No,Cellular,Blue-Collar,14435,2
710317758,54,F,2,Unknown,Married,Ny,91750,No,No,No,Cellular,Businessman,20506,2
710319108,47,M,2,High School,Married,Or,91750,Yes,No,No,Cellular,Selfemployeed,67851,3
710322033,42,M,4,Graduate,Unknown,Tx,91750,Yes,Yes,No,Telephone,Govt,66374,2
710325258,49,F,4,Unknown,Single,Fl,91750,No,Yes,No,Cellular,Govt,36025,2
710327508,60,F,1,Uneducated,Married,Tx,91750,No,Yes,No,Cellular,Businessman,55125,2
710333883,51,F,1,High School,Single,Ca,91750,No,No,No,Unknown,Businessman,18232,2
710335983,52,M,4,Graduate,Single,Tx,91750,Yes,No,No,Cellular,White-Collar,56763,2
710342508,46,F,4,Graduate,Single,Ny,91750,No,No,No,Cellular,Govt,47337,1
710343783,34,M,1,Graduate,Unknown,Ak,99504,No,No,No,Cellular,Selfemployeed,70751,2
710345808,60,F,0,Uneducated,Married,Ny,91750,Yes,No,No,Cellular,Blue-Collar,16523,3
710349258,48,F,3,Post-Graduate,Married,Tx,91750,Yes,No,No,Cellular,Govt,51233,1
710353233,45,F,2,Graduate,Married,Tx,91750,Yes,Yes,No,Cellular,White-Collar,56519,2
710357208,41,M,3,Unknown,Married,Ny,91750,No,Yes,No,Cellular,Businessman,102852,1
710359458,40,M,3,Uneducated,Married,Fl,91750,Yes,Yes,Yes,Cellular,White-Collar,63390,3
710360583,52,M,2,Post-Graduate,Single,Fl,91750,No,Yes,No,Cellular,Blue-Collar,113431,1
710362233,39,F,1,Graduate,Married,Ca,90094,No,No,No,Cellular,White-Collar,145292,1
710363433,38,F,3,High School,Unknown,Ca,91750,No,Yes,No,Cellular,Retirees,27552,1
710364258,36,F,2,Graduate,Single,Ca,91750,No,No,No,Cellular,White-Collar,22190,3
710369658,41,M,3,Graduate,Married,Ny,91750,Yes,Yes,No,Cellular,White-Collar,64978,1
710370483,52,F,1,Uneducated,Single,Tx,91750,Yes,No,No,Cellular,Selfemployeed,14975,2
710371683,55,M,2,High School,Married,Mo,91750,No,Yes,No,Cellular,Selfemployeed,50152,1
710374008,49,M,2,Doctorate,Married,Tx,91750,Yes,Yes,No,Cellular,White-Collar,122023,1
710375283,50,F,1,Unknown,Single,Fl,91750,No,Yes,No,Cellular,Retirees,23938,2
710376708,57,M,2,Graduate,Married,Ny,91750,Yes,Yes,Yes,Cellular,Businessman,45454,1
710382108,49,F,5,Post-Graduate,Unknown,Ca,91750,No,No,No,Telephone,Selfemployeed,53605,1
710383158,56,F,3,High School,Married,Fl,91750,Yes,No,No,Cellular,Selfemployeed,14975,2
710387583,40,F,4,Uneducated,Married,Tx,91750,No,No,Yes,Cellular,Selfemployeed,5525,2
710391258,50,F,0,High School,Single,Ca,91750,Yes,Yes,No,Unknown,Retirees,22489,1
710395233,51,M,1,Unknown,Single,Ca,91750,No,No,No,Unknown,Govt,115886,1
710401458,60,F,1,Graduate,Single,Ny,91750,Yes,Yes,No,Cellular,Govt,58741,1
710402508,40,F,4,Unknown,Single,Ca,91750,No,No,No,Unknown,White-Collar,37898,1
710404533,39,F,1,Graduate,Single,Tx,91750,Yes,Yes,No,Cellular,Selfemployeed,13158,3
710405808,53,F,3,Graduate,Married,Co,91750,Yes,Yes,No,Cellular,Businessman,176864,3
710406633,48,F,1,Uneducated,Married,Ny,91750,Yes,Yes,No,Unknown,Selfemployeed,8250,2
710410158,55,F,0,Graduate,Single,Tx,91750,Yes,No,Yes,Cellular,Selfemployeed,14975,3
710411358,47,F,5,Graduate,Single,Ca,91750,No,No,No,Telephone,White-Collar,22755,2
710413533,43,M,2,Unknown,Single,Tx,91750,Yes,No,No,Cellular,Selfemployeed,78229,2
710416533,39,F,2,Graduate,Married,Fl,91750,No,Yes,No,Unknown,Govt,34482,1
710420133,53,M,2,Unknown,Married,Fl,91750,No,Yes,No,Cellular,White-Collar,61310,2
710423358,35,M,1,Doctorate,Single,Ca,91750,No,No,No,Cellular,Retirees,96972,2
710424408,30,M,0,Graduate,Married,Fl,91750,Yes,No,No,Cellular,Blue-Collar,10075,1
710428308,47,F,2,Unknown,Married,Tx,91750,Yes,Yes,No,Cellular,White-Collar,18342,2
710429358,33,F,2,Doctorate,Unknown,Tx,91750,No,No,No,Unknown,Selfemployeed,12150,3
710431158,55,M,1,Graduate,Married,Tx,91750,Yes,Yes,Yes,Cellular,Retirees,42002,3
710436108,44,F,4,Graduate,Married,Fl,91750,No,Yes,No,Cellular,Blue-Collar,52798,2
710438358,46,F,3,Graduate,Married,Ca,91750,No,Yes,Yes,Cellular,Retirees,22553,1
710439483,50,M,4,Graduate,Married,Fl,91750,Yes,No,No,Cellular,Govt,62201,3
710443833,61,M,0,Graduate,Married,Tx,91750,No,Yes,No,Cellular,Blue-Collar,66385,2
710445183,43,F,4,High School,Single,Tx,91750,Yes,Yes,No,Cellular,Businessman,49637,1
710449983,47,F,3,Uneducated,Married,Ny,91750,No,No,No,Cellular,Govt,33522,1
710451708,52,F,1,Unknown,Single,Fl,91750,No,Yes,Yes,Cellular,Businessman,189926,1
710453283,38,M,4,Graduate,Married,Nj,91750,Yes,No,No,Cellular,Govt,50489,2
710455608,41,M,3,Unknown,Married,Ar,72120,No,Yes,No,Cellular,Selfemployeed,101259,3
710456658,52,M,2,Graduate,Married,Ny,91750,No,Yes,No,Cellular,White-Collar,94222,2
710458758,46,F,3,Graduate,Married,Ca,91750,No,No,No,Cellular,Selfemployeed,9535,2
710461083,45,F,4,Graduate,Married,Tx,91750,Yes,Yes,No,Cellular,Businessman,58067,3
710462433,58,F,2,Graduate,Single,Tx,91750,No,No,No,Cellular,Blue-Collar,15525,2
710463408,50,F,0,High School,Single,Mo,91750,Yes,Yes,No,Cellular,White-Collar,220531,2
710464683,48,M,3,High School,Unknown,Fl,91750,No,No,No,Cellular,Retirees,100216,3
710466633,43,M,2,High School,Single,Ny,91750,Yes,Yes,No,Cellular,Selfemployeed,76804,3
710475408,34,F,1,High School,Married,Nj,91750,No,Yes,No,Cellular,Selfemployeed,22914,2
710476908,48,M,4,Unknown,Single,Ny,91750,No,Yes,No,Cellular,White-Collar,76743,3
710481333,26,F,0,Graduate,Single,Fl,91750,Yes,No,No,Cellular,Govt,24608,2
710482533,49,M,5,Graduate,Married,Tx,91750,No,Yes,No,Cellular,White-Collar,43986,3
710484408,54,F,2,Uneducated,Single,Ca,91750,No,Yes,No,Cellular,Blue-Collar,25256,3
710487033,50,M,3,Post-Graduate,Married,Ca,91750,No,No,Yes,Cellular,Blue-Collar,62929,2
710489583,41,M,2,Graduate,Married,Ny,91750,No,Yes,No,Cellular,White-Collar,105498,1
710490708,56,F,3,Graduate,Married,Ny,91750,Yes,No,No,Unknown,Govt,20664,3
710492733,38,F,2,Graduate,Single,Tx,91750,No,No,No,Cellular,White-Collar,22834,3
710493558,36,F,2,Uneducated,Married,Tx,91750,Yes,Yes,No,Cellular,Selfemployeed,19577,3
710496708,61,M,0,Graduate,Single,Ca,91750,Yes,No,No,Cellular,Govt,49877,3
710497608,43,F,4,Graduate,Married,Ny,91750,Yes,No,No,Unknown,White-Collar,17202,1
710500983,57,F,1,High School,Single,Ca,91750,No,Yes,No,Unknown,Selfemployeed,15637,2
710502258,38,M,2,Graduate,Single,Ca,91750,Yes,No,No,Cellular,Govt,70243,3
710503308,48,F,3,Graduate,Single,Ca,91750,No,No,No,Cellular,White-Collar,48720,2
710504283,44,M,3,Post-Graduate,Married,Fl,91750,Yes,No,No,Telephone,Blue-Collar,47648,1
710505483,39,F,3,Unknown,Married,Tx,91750,No,Yes,Yes,Cellular,Govt,34733,2
710506683,55,M,2,Uneducated,Single,Ca,91750,No,Yes,No,Cellular,Businessman,67920,3
710507733,49,M,2,Unknown,Single,Ca,91750,No,No,No,Cellular,Blue-Collar,48335,3
710508858,57,F,2,Unknown,Married,Fl,91750,No,Yes,No,Cellular,Blue-Collar,57598,1
710509758,40,M,4,High School,Married,Ut,91750,No,Yes,Yes,Unknown,Blue-Collar,28729,2
710511858,43,M,2,High School,Married,Ny,91750,No,Yes,Yes,Unknown,Blue-Collar,76415,2
710512833,37,M,3,Graduate,Married,Fl,91750,Yes,No,No,Telephone,Blue-Collar,95307,2
710515308,39,M,1,Unknown,Single,Ca,91750,No,Yes,No,Cellular,Selfemployeed,90497,1
710516283,49,F,4,Unknown,Married,Fl,91750,No,Yes,No,Unknown,Businessman,51274,3
710518308,37,M,2,Unknown,Single,Ca,91750,No,No,No,Cellular,Govt,52040,3
710519433,45,F,4,Graduate,Unknown,Fl,91750,No,Yes,Yes,Cellular,Selfemployeed,14099,2
710520408,34,M,3,Post-Graduate,Unknown,Ca,91750,Yes,Yes,No,Cellular,Selfemployeed,63556,2
710521383,49,M,1,Unknown,Married,Tx,91750,Yes,Yes,No,Cellular,Selfemployeed,24146,3
710522433,62,F,1,Uneducated,Married,Fl,91750,No,Yes,No,Cellular,Blue-Collar,26310,3
710523333,51,F,2,Uneducated,Single,Fl,91750,Yes,Yes,No,Cellular,Selfemployeed,13547,1
710524533,28,F,1,Graduate,Married,Ny,91750,No,Yes,No,Cellular,Selfemployeed,2565,3
710525508,57,F,1,Graduate,Married,Tx,91750,No,No,No,Cellular,Govt,21397,1
710526633,55,M,2,Doctorate,Single,Ca,91750,Yes,Yes,Yes,Unknown,Govt,81588,3
710527533,55,M,2,Unknown,Single,Ny,91750,No,Yes,No,Cellular,White-Collar,115216,1
710528583,56,F,2,High School,Married,Tx,91750,Yes,No,No,Telephone,Businessman,22499,3
710529708,42,F,2,Unknown,Single,Tx,91750,No,No,No,Cellular,Businessman,201560,2
710532258,62,M,0,Graduate,Unknown,Ca,91750,No,Yes,No,Cellular,Govt,84885,2
710533233,48,F,2,Graduate,Married,Tx,91750,Yes,No,No,Unknown,Businessman,22323,1
710535708,22,M,2,Graduate,Married,Tx,91750,Yes,No,No,Cellular,Businessman,158267,3
710536983,41,M,3,Unknown,Married,Ca,91750,No,Yes,No,Cellular,Govt,61777,2
710538183,44,M,2,Graduate,Married,Az,86503,Yes,Yes,Yes,Cellular,White-Collar,54079,2
710540883,50,F,3,High School,Married,Tx,91750,No,No,No,Unknown,Selfemployeed,27773,2
710541858,44,M,1,High School,Married,Ca,91750,Yes,No,No,Cellular,Blue-Collar,10618,3
710542983,51,M,3,Uneducated,Married,Tx,91750,No,Yes,No,Cellular,Businessman,90785,2
710544033,47,M,3,Doctorate,Unknown,Ny,91750,No,No,No,Cellular,White-Collar,75177,2
710545158,37,F,2,Graduate,Married,Ca,91750,Yes,Yes,Yes,Cellular,Retirees,41316,1
710547783,34,M,3,Unknown,Unknown,Ny,91750,No,No,No,Cellular,Blue-Collar,85200,2
710552733,37,F,1,Uneducated,Single,Fl,91750,Yes,No,No,Unknown,Businessman,25825,3
710555433,42,F,3,Graduate,Unknown,Ca,91750,Yes,No,No,Unknown,Blue-Collar,23642,1
710558058,61,F,1,High School,Single,Ca,91750,No,Yes,No,Cellular,Selfemployeed,14975,1
710558883,46,F,4,Graduate,Single,Ny,91750,Yes,Yes,No,Unknown,Blue-Collar,10610,2
710560008,62,M,1,High School,Single,Tx,91750,Yes,Yes,No,Cellular,White-Collar,69810,3
710562258,47,F,4,Post-Graduate,Married,Ca,91750,No,Yes,Yes,Unknown,Businessman,37053,2
710563458,42,F,3,Unknown,Unknown,Ny,91750,No,No,No,Cellular,Blue-Collar,53772,3
710565408,43,F,5,Graduate,Married,Fl,91750,No,Yes,No,Cellular,Selfemployeed,5525,2
710566533,26,M,0,Graduate,Single,Ny,91750,No,Yes,No,Cellular,White-Collar,52121,1
710567508,54,F,3,Uneducated,Married,Ca,91750,Yes,No,No,Cellular,Blue-Collar,13010,3
710568333,45,M,4,High School,Married,Tx,91750,No,No,No,Unknown,Retirees,25019,1
710569233,40,M,3,High School,Single,Ny,91750,Yes,Yes,No,Cellular,White-Collar,118236,3
710570058,50,F,1,Post-Graduate,Married,Tx,91750,Yes,No,No,Cellular,Blue-Collar,28851,3
710572458,46,F,4,Uneducated,Single,Ca,91750,Yes,Yes,No,Cellular,Businessman,21104,1
710573808,52,F,4,Graduate,Single,Ny,91750,Yes,No,No,Telephone,Blue-Collar,12081,3
710574558,48,F,4,Graduate,Married,Nj,91750,No,No,No,Cellular,Govt,13322,1
710577708,43,F,2,Post-Graduate,Married,Ca,91750,No,Yes,No,Cellular,Govt,30366,1
710579583,58,M,1,High School,Married,Ny,91750,No,No,No,Cellular,Selfemployeed,61492,2
710581758,46,F,5,Doctorate,Single,Ca,91750,No,No,No,Unknown,Selfemployeed,11597,2
710586483,57,F,3,High School,Single,Ca,91750,No,Yes,No,Cellular,Selfemployeed,5225,3
710587458,63,M,2,High School,Married,Tx,91750,No,No,No,Cellular,Selfemployeed,58252,1
710590683,49,M,1,Unknown,Single,Fl,91750,No,No,No,Cellular,Selfemployeed,107267,2
710592933,44,F,4,Graduate,Single,Ca,91750,No,Yes,Yes,Cellular,Retirees,23698,1
710594358,48,F,4,Doctorate,Married,Tx,91750,Yes,Yes,No,Cellular,Businessman,29683,3
710595783,55,M,2,Graduate,Married,Fl,91750,No,No,Yes,Cellular,Businessman,73086,1
710596983,53,M,3,Post-Graduate,Single,Fl,91750,Yes,No,No,Cellular,Retirees,103977,3
710598408,46,M,3,Graduate,Married,Ca,91750,No,No,No,Telephone,Blue-Collar,68663,1
710599683,40,F,5,Graduate,Married,Tx,91750,No,Yes,No,Cellular,Selfemployeed,14975,1
710603958,43,F,3,Graduate,Married,Ny,91750,No,No,No,Unknown,Businessman,154732,2
710605458,53,F,5,Graduate,Single,Tx,91750,No,No,No,Unknown,Businessman,51060,1
710607408,65,M,0,Graduate,Single,Mi,91750,No,Yes,Yes,Cellular,White-Collar,47249,3
710611683,41,F,3,Graduate,Married,Ca,91750,No,Yes,No,Cellular,Selfemployeed,56312,1
710612583,42,M,1,Graduate,Unknown,Ca,91750,No,No,No,Cellular,Retirees,90913,1
710616183,60,F,0,Graduate,Married,Ny,91750,No,Yes,Yes,Unknown,Retirees,17631,1
710620383,59,F,1,Graduate,Single,Fl,91750,Yes,Yes,No,Cellular,Selfemployeed,5225,2
710621283,43,F,3,Graduate,Single,Tx,91750,No,No,No,Unknown,Blue-Collar,44964,3
710622333,29,M,1,Uneducated,Single,Ny,91750,Yes,Yes,No,Cellular,Selfemployeed,59832,3
710624658,36,F,1,Uneducated,Single,Nj,91750,No,No,No,Cellular,Businessman,34330,3
710626758,64,F,1,High School,Married,Ny,91750,No,No,No,Telephone,Businessman,40774,3
710628783,39,F,0,Graduate,Married,Fl,91750,No,No,No,Cellular,Selfemployeed,14199,3
710630583,59,F,1,Graduate,Single,Tx,91750,No,Yes,No,Cellular,White-Collar,41331,3
710632683,42,F,3,Graduate,Married,Ca,91750,No,No,No,Cellular,White-Collar,25311,1
710633808,37,F,3,Graduate,Single,Fl,91750,Yes,Yes,No,Unknown,White-Collar,26902,1
710635083,37,M,2,Uneducated,Single,Fl,91750,No,No,No,Cellular,Retirees,37749,2
710636208,42,F,1,Graduate,Married,Tx,91750,No,Yes,No,Cellular,White-Collar,43563,3
710637183,42,M,2,Post-Graduate,Married,Tx,91750,No,Yes,No,Cellular,Selfemployeed,67735,1
710638233,40,M,3,Unknown,Single,Fl,91750,No,No,No,Cellular,White-Collar,116659,1
710639658,48,M,4,Graduate,Married,Fl,91750,Yes,Yes,No,Cellular,Govt,119126,1
710641008,26,F,0,High School,Married,Ny,91750,Yes,Yes,No,Cellular,Businessman,28195,1
710643183,58,F,2,Uneducated,Married,Ny,91750,No,No,No,Cellular,Govt,52295,2
710644158,36,F,4,High School,Married,Ca,91750,No,Yes,No,Cellular,Businessman,56631,2
710645583,47,M,5,Post-Graduate,Married,Ny,91750,Yes,Yes,No,Cellular,White-Collar,58730,3
710650608,34,M,5,Graduate,Married,Fl,91750,No,Yes,No,Cellular,White-Collar,79383,1
710653158,43,F,1,Graduate,Married,Ca,91750,Yes,No,No,Telephone,White-Collar,18595,1
710654808,43,M,3,Graduate,Single,Fl,91750,Yes,No,No,Unknown,Retirees,25299,1
710656683,50,M,2,Post-Graduate,Single,Fl,91750,Yes,No,Yes,Cellular,Selfemployeed,62723,1
710657508,42,M,5,Uneducated,Married,Nj,91750,No,Yes,No,Telephone,Retirees,46629,1
710658483,49,F,3,Graduate,Single,Ca,91750,Yes,No,No,Unknown,Selfemployeed,21500,3
710661333,64,M,1,Unknown,Married,Ca,91750,No,Yes,No,Cellular,Selfemployeed,28904,3
710662158,40,F,2,Graduate,Married,Nj,91750,Yes,No,No,Cellular,White-Collar,20741,2
710663508,44,F,3,Unknown,Married,Ca,90250,No,Yes,Yes,Unknown,Businessman,183932,3
710664558,33,M,4,High School,Single,Ny,91750,No,Yes,No,Cellular,Retirees,45424,1
710665533,55,F,1,Unknown,Single,Ca,91750,No,Yes,No,Cellular,Blue-Collar,12120,3
710666583,29,M,1,Post-Graduate,Married,Fl,91750,Yes,Yes,Yes,Cellular,Selfemployeed,25649,1
710667708,36,M,3,Post-Graduate,Married,Ca,91010,Yes,No,No,Unknown,White-Collar,149441,1
710668458,40,F,1,Uneducated,Single,Tx,91750,No,Yes,No,Unknown,Blue-Collar,37037,2
710669733,42,M,3,Graduate,Married,Ny,91750,Yes,Yes,No,Cellular,Blue-Collar,85758,1
710670633,45,F,5,Graduate,Single,Tx,91750,Yes,Yes,No,Cellular,Selfemployeed,22042,2
710671608,39,F,4,Graduate,Single,Tx,91750,No,No,No,Cellular,Businessman,46200,1
710673558,43,F,3,Unknown,Single,Tx,91750,No,Yes,No,Cellular,Blue-Collar,49950,3
710674533,35,F,4,High School,Single,Tx,91750,Yes,Yes,No,Unknown,Selfemployeed,14975,2
710675508,58,M,1,Post-Graduate,Single,Tx,91750,No,No,No,Cellular,Govt,94619,2
710676483,47,M,2,Graduate,Married,Tx,91750,No,No,No,Cellular,Blue-Collar,49214,3
710677608,56,F,1,Graduate,Married,Ia,91750,No,No,Yes,Cellular,Selfemployeed,14975,2
710678658,37,M,2,High School,Single,Ca,91750,No,No,No,Cellular,Retirees,40335,2
710679933,50,M,2,Graduate,Married,Fl,91750,No,Yes,No,Cellular,Businessman,116047,3
710681808,41,F,2,Graduate,Married,Tx,91750,Yes,Yes,No,Unknown,Blue-Collar,28385,3
710687508,40,F,1,Unknown,Married,Tx,91750,Yes,Yes,Yes,Cellular,Blue-Collar,22508,2
710690733,54,F,4,Graduate,Single,Tx,91750,Yes,No,No,Cellular,White-Collar,32719,2
710691633,43,M,3,High School,Unknown,Nj,91750,No,Yes,No,Cellular,Selfemployeed,68115,3
710694033,51,M,0,Graduate,Married,Il,91750,No,Yes,No,Cellular,White-Collar,130754,2
710695083,46,F,2,Uneducated,Married,Tx,91750,Yes,No,No,Cellular,Selfemployeed,14975,2
710697408,43,F,4,Uneducated,Single,Tx,91750,Yes,No,No,Cellular,Businessman,214047,2
710698233,45,F,1,Unknown,Married,Ny,91750,No,No,No,Unknown,Retirees,14694,2
710699283,38,F,2,Unknown,Married,Fl,91750,No,Yes,Yes,Cellular,Businessman,174955,2
710701233,53,F,4,High School,Single,Tx,91750,No,Yes,Yes,Cellular,Selfemployeed,44538,3
710702733,41,M,2,High School,Married,Ny,91750,Yes,No,No,Cellular,Businessman,45916,2
710703708,43,F,5,Uneducated,Single,Tx,91750,Yes,No,No,Telephone,Blue-Collar,33866,3
710706558,51,F,0,Uneducated,Married,Ca,91750,No,No,No,Unknown,Selfemployeed,7865,2
710710233,53,F,2,Graduate,Single,Ny,91750,No,Yes,No,Telephone,Businessman,217771,2
710712783,37,M,2,High School,Single,Tx,91750,No,No,Yes,Cellular,Selfemployeed,44847,3
710713608,55,F,3,High School,Single,Tx,91750,Yes,Yes,No,Cellular,Govt,49453,2
710715783,41,M,2,Graduate,Single,Fl,91750,Yes,Yes,No,Cellular,Businessman,62497,3
710719683,49,M,5,Graduate,Married,Tx,91750,Yes,Yes,Yes,Telephone,Blue-Collar,63745,2
710721858,24,M,1,High School,Married,Fl,91750,No,No,No,Telephone,Businessman,112413,2
710722908,43,F,4,High School,Married,Ca,91750,No,No,No,Cellular,Blue-Collar,10979,2
710723958,35,M,2,Graduate,Married,Fl,91750,No,No,No,Cellular,White-Collar,90054,2
710725383,43,F,2,Graduate,Married,Tx,91750,No,No,No,Cellular,Selfemployeed,35973,3
710727333,46,F,4,Graduate,Single,Fl,91750,Yes,No,No,Unknown,White-Collar,32705,2
710728458,59,M,1,Doctorate,Single,Ca,91750,No,Yes,No,Cellular,White-Collar,60862,3
710729358,47,F,4,Graduate,Married,Ca,91750,No,Yes,Yes,Cellular,Blue-Collar,29445,2
710733183,47,F,2,Unknown,Single,Fl,91750,No,No,No,Unknown,Blue-Collar,39530,3
710734308,57,F,1,Uneducated,Married,Ny,91750,Yes,No,No,Cellular,Businessman,227343,2
710736558,57,F,3,Unknown,Single,Nj,91750,No,No,No,Telephone,Govt,15955,2
710738883,53,F,3,Uneducated,Married,Ca,91750,No,No,No,Cellular,White-Collar,54112,2
710740008,51,M,3,Unknown,Married,Ca,91750,No,No,No,Telephone,Govt,94437,2
710741208,50,F,2,High School,Married,Tx,91750,Yes,Yes,No,Cellular,White-Collar,21465,2
710742408,46,M,4,Unknown,Married,Ca,91750,No,No,No,Cellular,Blue-Collar,66587,2
710744433,31,M,1,Graduate,Single,Wa,91750,No,No,No,Cellular,Govt,49684,3
710745633,55,F,0,Graduate,Married,Nj,91750,No,No,No,Unknown,White-Collar,150731,2
710748483,47,F,5,Post-Graduate,Married,Ca,91750,No,No,No,Cellular,Retirees,43814,3
710749458,57,F,3,High School,Married,Nj,91750,No,No,Yes,Unknown,Selfemployeed,14975,2
710751033,42,M,3,Uneducated,Single,Nv,91750,No,No,No,Cellular,Businessman,112929,2
710752233,44,F,2,High School,Married,Fl,91750,Yes,No,No,Unknown,Govt,32047,3
710754933,32,F,2,Graduate,Single,Tx,91750,Yes,Yes,Yes,Cellular,Selfemployeed,2565,3
710756133,48,F,3,High School,Married,Fl,91750,No,Yes,No,Cellular,Blue-Collar,56563,3
710758683,46,M,3,Doctorate,Married,Ca,90706,No,No,No,Cellular,White-Collar,122550,2
710760258,55,M,1,Graduate,Married,Ny,91750,No,No,No,Unknown,Govt,76358,3
710761533,46,F,3,Graduate,Single,Ca,91750,No,No,No,Cellular,Govt,53003,1
710763783,42,F,4,Graduate,Married,Fl,91750,Yes,Yes,No,Unknown,Businessman,40233,2
710769258,43,F,4,Graduate,Unknown,Tx,91750,Yes,No,No,Cellular,Selfemployeed,44670,1
710770383,47,M,2,Unknown,Married,Tx,91750,No,Yes,No,Cellular,Blue-Collar,85244,2
710771433,49,F,1,Uneducated,Single,Tx,91750,Yes,No,Yes,Unknown,White-Collar,148823,1
710773533,46,M,2,Uneducated,Married,Ny,91750,No,No,Yes,Cellular,Retirees,97112,3
710775483,52,M,2,Uneducated,Unknown,Ny,91750,No,No,No,Cellular,Businessman,161541,1
710779083,50,M,1,Uneducated,Married,Ny,91750,Yes,Yes,No,Cellular,Selfemployeed,58221,1
710780883,45,M,5,Unknown,Married,Tx,91750,No,Yes,No,Cellular,Retirees,70790,1
710782458,44,F,3,High School,Single,Fl,91750,No,Yes,No,Unknown,Selfemployeed,14975,1
710783358,36,M,4,Graduate,Single,Fl,91750,Yes,Yes,No,Cellular,Retirees,62769,2
710784333,49,F,2,Graduate,Single,Tx,91750,No,Yes,Yes,Cellular,Selfemployeed,14975,3
710785383,43,F,5,Uneducated,Married,Ny,91750,No,Yes,No,Cellular,Selfemployeed,26514,3
710787708,31,F,0,Graduate,Married,Fl,91750,Yes,No,Yes,Cellular,Selfemployeed,14975,3
710789058,37,F,1,High School,Unknown,Nj,91750,No,No,No,Unknown,Selfemployeed,11597,3
710790258,51,F,5,Unknown,Married,Fl,91750,No,No,No,Unknown,Blue-Collar,12082,1
710792733,39,M,3,Uneducated,Married,Nj,91750,Yes,No,Yes,Cellular,Businessman,65104,2
710793783,41,F,4,High School,Single,Nj,91750,No,Yes,No,Cellular,Govt,16687,2
710794983,34,M,1,Unknown,Married,Fl,91750,No,No,No,Cellular,Blue-Collar,74793,2
710795883,39,F,3,High School,Single,Ny,91750,No,No,No,Cellular,Selfemployeed,32183,3
710797833,54,M,3,Graduate,Single,Ny,91750,No,Yes,No,Cellular,Govt,59153,1
710798883,43,F,3,Doctorate,Married,Fl,91750,No,Yes,No,Unknown,Selfemployeed,14975,3
710799783,38,F,2,Graduate,Single,Fl,91750,Yes,No,No,Unknown,Businessman,35040,1
710801133,40,M,4,Graduate,Married,Ny,91750,No,No,No,Unknown,Blue-Collar,28912,2
710802258,56,F,0,High School,Married,Fl,91750,Yes,No,No,Unknown,Selfemployeed,6550,2
710803008,56,F,3,High School,Married,Nj,91750,No,No,No,Cellular,Businessman,59341,2
710803983,29,F,0,Graduate,Single,Ny,91750,Yes,No,Yes,Cellular,Businessman,155971,2
710806083,59,F,2,Unknown,Single,Tx,91750,No,No,No,Unknown,Selfemployeed,6550,2
710808108,51,F,1,Graduate,Single,Ca,91750,No,No,No,Cellular,Selfemployeed,24367,3
710809083,43,M,3,Post-Graduate,Married,Nj,91750,Yes,No,No,Cellular,Retirees,69714,2
710809833,35,F,3,Graduate,Married,Ca,91750,No,No,No,Cellular,Selfemployeed,35387,1
710810883,57,F,2,Graduate,Married,Nj,91750,Yes,No,No,Cellular,Businessman,176141,2
710812533,45,F,4,Doctorate,Married,Ca,91750,No,Yes,No,Cellular,Govt,19713,1
710813733,65,F,1,Unknown,Single,Fl,91750,No,No,No,Unknown,Selfemployeed,14975,3
710814633,50,M,2,Unknown,Married,Nj,91750,Yes,No,No,Cellular,Blue-Collar,117226,3
710815608,40,M,3,Graduate,Married,Tx,91750,No,Yes,No,Cellular,Businessman,66761,2
710816358,52,F,1,Graduate,Single,Fl,91750,No,Yes,No,Cellular,Businessman,29152,1
710819733,43,F,3,Unknown,Married,Ca,91750,Yes,No,No,Cellular,Selfemployeed,2565,2
710820783,43,M,2,Graduate,Married,Tx,91750,No,Yes,No,Unknown,Blue-Collar,55039,2
710821833,50,F,1,Graduate,Married,Ca,91750,Yes,No,No,Cellular,Selfemployeed,11745,2
710822808,53,M,1,Graduate,Single,Ny,91750,No,No,No,Cellular,Businessman,108442,2
710825658,52,F,2,Uneducated,Married,Ca,91750,Yes,No,No,Cellular,Retirees,48640,3
710829108,45,F,3,Post-Graduate,Married,Fl,91750,No,Yes,No,Cellular,Selfemployeed,5525,1
710831133,44,F,4,Graduate,Married,Ny,91750,No,No,Yes,Cellular,Selfemployeed,14975,1
710832108,37,M,2,High School,Single,Nj,91750,Yes,No,No,Cellular,Selfemployeed,68415,1
710833908,41,M,3,Graduate,Married,Nj,91750,No,Yes,No,Cellular,White-Collar,121796,1
710838108,36,M,3,Graduate,Married,Fl,91750,No,Yes,No,Cellular,Retirees,57573,3
710839308,33,F,0,Unknown,Married,Ny,91750,Yes,No,No,Unknown,White-Collar,35191,2
710840433,34,M,2,Graduate,Single,Tx,91750,Yes,No,Yes,Cellular,White-Collar,36479,2
710841183,51,F,2,Graduate,Married,Nj,91750,No,No,No,Unknown,Businessman,218777,2
710842308,44,M,3,Unknown,Married,Tx,91750,No,Yes,No,Cellular,Govt,51919,1
710844408,37,F,2,Uneducated,Unknown,Tx,91750,Yes,No,No,Cellular,Selfemployeed,16851,3
710845308,46,F,2,Graduate,Married,Ca,90250,Yes,Yes,No,Unknown,Businessman,188604,2
710849208,55,M,2,Graduate,Single,Ca,90250,No,No,No,Unknown,Businessman,182376,1
710850633,53,F,3,Graduate,Single,Ny,91750,No,Yes,No,Cellular,Blue-Collar,36377,1
710853033,50,M,3,High School,Single,Ny,91750,Yes,No,No,Cellular,Businessman,47870,2
710854008,50,F,2,Uneducated,Single,Tx,91750,No,Yes,No,Cellular,Retirees,44796,1
710855508,46,F,2,Graduate,Married,Ny,91750,No,Yes,No,Cellular,Businessman,57903,3
710856558,36,M,2,High School,Single,Ia,91750,No,No,No,Unknown,White-Collar,148757,1
710858658,30,F,0,High School,Married,Fl,91750,Yes,No,No,Cellular,Businessman,196761,1
710862258,37,M,1,High School,Single,Ca,91750,No,No,No,Cellular,White-Collar,78245,1
710863308,59,M,2,High School,Married,Ny,91750,No,Yes,No,Cellular,Selfemployeed,47762,3
710864358,45,M,1,Graduate,Married,Tx,91750,Yes,No,No,Cellular,Businessman,92180,1
710865633,40,F,3,Graduate,Single,Ca,91750,No,Yes,No,Cellular,Selfemployeed,11594,2
710866758,37,F,2,Graduate,Single,Ca,91750,Yes,Yes,Yes,Cellular,Selfemployeed,49610,1
710869008,37,M,5,Post-Graduate,Married,Fl,91750,Yes,No,No,Cellular,Blue-Collar,93417,1
710871108,48,M,4,Graduate,Single,Tx,91750,Yes,Yes,No,Cellular,Retirees,77077,1
710872233,44,F,4,Graduate,Married,Fl,91750,No,No,No,Unknown,Businessman,24764,1
710873583,44,F,5,Doctorate,Single,Fl,91750,No,Yes,No,Cellular,Businessman,155870,2
710874933,53,F,1,Doctorate,Married,Nj,91750,No,Yes,No,Cellular,Blue-Collar,22514,3
710877108,59,F,2,High School,Married,Ca,91750,No,Yes,No,Cellular,White-Collar,52453,1
710878308,45,M,3,Graduate,Single,Tx,91750,Yes,Yes,Yes,Cellular,Govt,102550,1
710879283,55,M,3,Graduate,Single,Ny,91750,No,No,No,Cellular,Businessman,57220,2
710881008,44,M,3,Uneducated,Single,Ny,91750,Yes,No,No,Cellular,Govt,50766,1
710883483,43,M,3,High School,Married,Nj,91750,No,No,Yes,Telephone,Govt,73199,3
710884683,40,F,4,Graduate,Married,Ca,91750,No,No,No,Cellular,White-Collar,45579,2
710888883,60,M,1,Uneducated,Married,Nj,91750,Yes,No,No,Cellular,White-Collar,79755,3
710892408,35,F,1,High School,Unknown,Tx,91750,No,No,Yes,Unknown,Selfemployeed,14975,1
710893533,61,F,1,Unknown,Married,Ny,91750,Yes,No,Yes,Cellular,Selfemployeed,14975,2
710895708,45,M,4,Graduate,Single,Ny,91750,Yes,No,No,Cellular,Govt,107030,1
710897133,55,M,1,Graduate,Married,Nj,91750,No,No,No,Cellular,Blue-Collar,63909,3
710899833,44,F,2,Graduate,Unknown,Ny,91750,No,No,Yes,Unknown,Selfemployeed,1250,1
710903358,46,F,1,Graduate,Single,Tx,91750,No,Yes,No,Cellular,Retirees,40886,2
710904708,50,F,1,Unknown,Single,Tx,91750,No,Yes,No,Cellular,Businessman,196680,2
710905908,42,F,3,Graduate,Married,Ca,91750,No,No,No,Telephone,White-Collar,18856,3
710912733,54,M,2,Post-Graduate,Single,Ca,91750,Yes,No,No,Cellular,Blue-Collar,69894,1
710914158,38,M,2,Graduate,Single,Tx,91750,No,Yes,No,Cellular,Govt,60709,1
710915358,44,F,4,Graduate,Married,Nj,91750,No,No,Yes,Unknown,White-Collar,35673,1
710916408,49,F,3,Graduate,Married,Ny,91750,No,Yes,No,Cellular,Selfemployeed,12150,3
710923533,44,F,3,Unknown,Single,Ca,90277,No,No,No,Cellular,Businessman,219755,2
710924658,54,M,2,High School,Married,Ny,91750,No,Yes,No,Cellular,White-Collar,118755,1
710926383,63,M,1,Graduate,Single,Fl,91750,Yes,No,No,Cellular,Selfemployeed,68254,2
710927733,27,F,0,Graduate,Single,Ca,91750,No,Yes,Yes,Cellular,Selfemployeed,14975,2
710929233,37,M,2,Unknown,Single,Fl,91750,No,No,No,Cellular,Govt,55344,3
710930508,47,F,2,Uneducated,Single,Tx,91750,No,No,No,Unknown,Selfemployeed,12180,1
710932683,50,F,4,Unknown,Married,Fl,91750,No,No,No,Telephone,White-Collar,37709,2
710934033,47,F,1,Unknown,Single,Ca,91750,No,No,No,Cellular,Businessman,22858,1
710937783,31,M,2,Unknown,Unknown,Tx,91750,No,No,No,Cellular,Businessman,97871,3
710939283,43,M,5,Graduate,Married,Ny,91750,No,Yes,No,Cellular,Businessman,228657,1
710940183,51,F,1,Graduate,Married,Ny,91750,Yes,No,No,Unknown,Selfemployeed,1250,3
710942358,51,F,2,Graduate,Single,Ca,91750,No,Yes,No,Cellular,White-Collar,42610,1
710944608,47,F,1,Unknown,Single,Tx,91750,Yes,No,No,Cellular,Selfemployeed,13530,1
710947683,55,F,1,High School,Single,Il,91750,No,Yes,No,Cellular,Blue-Collar,13647,2
710951808,42,F,3,Graduate,Unknown,Ca,91750,No,Yes,No,Cellular,Selfemployeed,14975,2
710952933,54,F,1,Graduate,Married,Tx,91750,No,No,No,Unknown,Blue-Collar,54316,2
710955633,42,F,2,Graduate,Single,Ca,91750,No,Yes,No,Cellular,Selfemployeed,14219,2
710958033,49,F,3,Post-Graduate,Married,Nj,91750,No,No,No,Telephone,Govt,49631,3
710958933,51,M,3,Uneducated,Married,Tx,91750,Yes,Yes,No,Cellular,White-Collar,82175,1
710962308,50,M,3,Graduate,Unknown,Tx,91750,Yes,Yes,No,Telephone,Govt,79812,2
710966433,51,F,2,Graduate,Single,Ny,91750,Yes,Yes,No,Cellular,Blue-Collar,42195,2
710968008,38,M,2,Graduate,Single,Fl,91750,No,No,No,Cellular,Businessman,161541,3
710969433,29,M,0,High School,Single,Ny,91750,Yes,Yes,Yes,Telephone,Blue-Collar,54429,2
710971908,46,M,2,Graduate,Single,Fl,91750,No,No,No,Cellular,Selfemployeed,84458,3
710974308,48,M,5,Graduate,Married,Tx,91750,No,No,No,Cellular,Govt,39112,3
710975883,32,F,0,Uneducated,Married,Ca,91750,No,No,No,Cellular,Selfemployeed,14975,2
710978058,47,M,2,High School,Unknown,Nj,91750,No,No,No,Telephone,Govt,72644,2
710979033,54,F,0,High School,Married,Nj,91750,No,No,No,Cellular,Govt,34379,3
710980383,36,M,4,Graduate,Single,Fl,91750,Yes,Yes,Yes,Cellular,Blue-Collar,100955,1
710981583,38,M,1,High School,Married,Ca,91750,No,Yes,No,Cellular,Govt,94246,3
710982858,44,F,5,Graduate,Married,Tx,91750,No,Yes,No,Cellular,Govt,32978,1
710984133,39,M,2,Post-Graduate,Married,Ny,91750,Yes,Yes,No,Cellular,Businessman,72849,2
710986758,32,F,3,Post-Graduate,Married,Tx,91750,No,No,No,Cellular,Retirees,44556,3
710989008,39,F,1,Graduate,Married,Nj,91750,Yes,No,No,Unknown,Blue-Collar,35480,2
710990283,46,F,3,Unknown,Unknown,Ny,91750,No,No,No,Unknown,Businessman,16747,2
710997183,58,F,0,Unknown,Unknown,Fl,91750,No,No,No,Cellular,Blue-Collar,13479,1
711000933,43,F,3,Graduate,Married,Tx,91750,No,No,No,Cellular,Businessman,41075,2
711002058,52,M,0,Graduate,Single,Ca,91750,Yes,Yes,No,Cellular,White-Collar,103714,1
711003483,43,F,4,High School,Married,Ca,91007,Yes,Yes,No,Telephone,Businessman,201176,1
711004533,51,M,2,High School,Married,Fl,91750,Yes,No,No,Telephone,Businessman,60304,1
711005583,47,M,4,Uneducated,Married,Ny,91750,No,No,Yes,Cellular,Businessman,93592,3
711006783,54,F,3,Graduate,Married,Ca,91750,No,Yes,No,Unknown,Selfemployeed,9535,1
711008508,37,M,3,Graduate,Married,Nj,91750,No,Yes,No,Cellular,Businessman,139871,3
711009708,53,F,0,High School,Single,Tx,91750,No,No,No,Cellular,Blue-Collar,12202,2
711010683,53,M,2,Graduate,Single,Ca,91307,No,No,No,Cellular,White-Collar,122187,3
711011508,44,F,4,Graduate,Married,Ca,91750,No,No,No,Cellular,Blue-Collar,59912,1
711012783,48,F,3,High School,Single,Ca,91750,No,No,No,Unknown,Selfemployeed,21068,2
711013983,57,F,4,Doctorate,Married,Mi,91750,Yes,No,No,Cellular,Selfemployeed,1250,2
711017433,41,M,5,Graduate,Married,Fl,91750,No,Yes,No,Cellular,Retirees,61280,3
711019308,52,F,5,Unknown,Single,Ny,91750,No,Yes,No,Cellular,Selfemployeed,14975,3
711020358,40,M,3,Unknown,Married,Tx,91750,Yes,No,Yes,Cellular,Businessman,62397,2
711023508,50,F,3,Uneducated,Unknown,Ca,91750,Yes,Yes,Yes,Cellular,Selfemployeed,14975,2
711027183,45,M,3,Graduate,Single,Fl,91750,No,No,No,Unknown,Businessman,86860,2
711028308,51,F,2,High School,Married,Tx,91750,No,No,No,Cellular,Blue-Collar,14785,3
711029358,51,M,2,Unknown,Single,Ca,91750,No,Yes,No,Telephone,Govt,89861,3
711032058,42,F,4,Unknown,Single,Tx,91750,No,Yes,No,Cellular,Selfemployeed,33381,3
711033408,46,F,2,Unknown,Married,Ca,91750,No,No,No,Cellular,Selfemployeed,10399,3
711039633,61,M,1,Graduate,Unknown,Ny,91750,Yes,No,No,Telephone,Businessman,72661,3
711040758,42,F,3,Graduate,Married,Ca,91750,No,No,No,Cellular,Govt,34162,2
711041508,41,F,3,Graduate,Married,Ca,91750,Yes,No,No,Cellular,Govt,30945,2
711043983,55,F,2,High School,Married,Nj,91750,Yes,Yes,No,Telephone,Blue-Collar,35844,3
711046383,39,F,3,Graduate,Single,Tx,91750,No,No,No,Unknown,Retirees,38584,3
711047658,30,M,0,Graduate,Married,Nj,91750,No,Yes,No,Cellular,Retirees,77774,2
711048783,38,F,2,Graduate,Married,Ny,91750,Yes,Yes,No,Cellular,Selfemployeed,12150,2
711050058,44,F,4,High School,Unknown,Fl,91750,No,Yes,No,Cellular,Selfemployeed,14975,2
711052308,57,M,0,Doctorate,Married,Fl,91750,No,No,No,Cellular,Govt,63176,3
711061908,60,F,1,Uneducated,Single,Ca,91750,No,Yes,No,Cellular,Retirees,48340,2
711062958,48,F,2,Unknown,Married,Ca,91750,No,No,No,Cellular,Businessman,37653,3
711064008,49,F,3,Post-Graduate,Married,Fl,91750,Yes,No,No,Unknown,Selfemployeed,39370,3
711065133,37,F,2,High School,Single,Ca,91750,Yes,Yes,No,Unknown,Selfemployeed,21500,2
711067383,57,F,2,Unknown,Married,Tx,91750,No,Yes,No,Cellular,Blue-Collar,52360,2
711069483,39,M,3,Graduate,Single,Tx,91750,No,Yes,No,Cellular,Retirees,83299,2
711070683,23,M,3,Unknown,Unknown,Tx,91750,No,No,Yes,Unknown,Businessman,145541,2
711076533,46,F,4,Graduate,Married,Tx,91750,No,Yes,Yes,Cellular,Businessman,37346,3
711079308,45,F,3,High School,Unknown,Ca,91750,No,Yes,No,Cellular,White-Collar,17730,2
711080358,46,F,4,Graduate,Married,Ny,91750,No,Yes,No,Cellular,Blue-Collar,39954,2
711082908,53,M,1,Unknown,Married,Fl,91750,No,No,No,Cellular,Businessman,113871,2
711084183,50,M,3,Graduate,Single,Tx,91750,No,Yes,Yes,Telephone,Govt,112083,3
711089733,50,F,1,Unknown,Single,Ca,91750,No,No,No,Cellular,Selfemployeed,5525,2
711092658,50,F,2,Uneducated,Single,Ny,91750,No,No,No,Unknown,Govt,33076,2
711093408,42,M,5,Unknown,Married,Ca,91750,No,No,No,Cellular,Businessman,79526,2
711096633,45,M,4,High School,Single,Mi,91750,Yes,No,No,Cellular,Businessman,115281,2
711099408,47,M,4,Uneducated,Married,Ca,91750,No,No,No,Cellular,Businessman,72981,2
711100608,50,F,1,Graduate,Single,Ca,91750,Yes,Yes,No,Cellular,White-Collar,30012,3
711102858,42,F,2,High School,Married,Ca,91750,No,Yes,No,Cellular,Selfemployeed,14975,2
711108408,36,M,0,High School,Married,Ny,91750,No,No,No,Cellular,Businessman,157703,2
711109908,42,F,3,Doctorate,Single,Fl,91750,No,No,No,Cellular,Govt,13289,2
711110733,37,F,4,Unknown,Single,Fl,91750,Yes,Yes,Yes,Cellular,Blue-Collar,36639,3
711111633,35,F,1,Doctorate,Single,Fl,91750,No,Yes,No,Cellular,White-Collar,43526,2
711112683,44,F,2,High School,Single,Ca,91750,No,No,No,Cellular,Selfemployeed,14975,3
711113958,48,F,2,Graduate,Single,Ca,91750,No,Yes,No,Cellular,Selfemployeed,14975,3
711116133,65,F,0,Uneducated,Single,Ca,91750,No,No,No,Cellular,Retirees,27953,3
711117108,43,M,3,Post-Graduate,Single,Ca,91750,No,No,No,Cellular,White-Collar,45237,2
711118083,32,M,0,Uneducated,Single,Ca,91750,No,No,No,Cellular,Selfemployeed,65672,2
711119358,49,F,3,Uneducated,Married,Tx,91750,Yes,Yes,No,Cellular,White-Collar,27927,3
711120333,40,F,4,Post-Graduate,Single,Ca,91750,Yes,No,No,Cellular,Govt,56264,3
711122958,49,F,3,Unknown,Married,Ny,91750,No,Yes,No,Cellular,Retirees,21570,3
711125358,50,M,0,Unknown,Married,Ca,91750,Yes,Yes,No,Cellular,Retirees,79016,2
711126483,38,M,1,Graduate,Married,Ca,91750,Yes,No,No,Cellular,Businessman,94255,2
711128433,34,M,2,Graduate,Married,Ny,91750,No,No,No,Cellular,Blue-Collar,106491,2
711129483,45,M,2,Graduate,Single,Ny,91750,No,No,No,Cellular,Blue-Collar,37504,2
711131958,47,M,1,Post-Graduate,Single,Ny,91750,No,No,No,Cellular,White-Collar,71398,2
711136008,35,M,3,Post-Graduate,Unknown,Fl,91750,No,Yes,No,Cellular,Govt,105785,2
711142308,54,F,2,Graduate,Married,Ny,91750,No,No,No,Unknown,Govt,29988,2
711144183,43,F,1,Graduate,Single,Ca,91750,Yes,No,No,Telephone,Govt,30856,2
711145008,31,F,1,Post-Graduate,Single,Tx,91750,Yes,No,No,Cellular,Selfemployeed,11925,2
711146358,26,F,0,Post-Graduate,Single,Fl,91750,No,Yes,No,Cellular,Blue-Collar,15309,2
711147483,41,F,3,High School,Married,Ny,91750,No,Yes,No,Unknown,Selfemployeed,6550,2
711148308,47,F,3,Graduate,Married,Ny,91750,Yes,No,No,Cellular,Blue-Collar,52556,2
711149133,45,M,3,High School,Unknown,Tx,91750,Yes,No,No,Cellular,White-Collar,116604,3
711150333,36,F,1,Graduate,Married,Tx,91750,Yes,Yes,Yes,Cellular,Govt,33043,3
711151383,64,F,0,Graduate,Single,Fl,91750,Yes,Yes,No,Unknown,Businessman,22680,2
711152658,54,M,0,High School,Married,Ny,91750,No,Yes,Yes,Unknown,Selfemployeed,102257,3
711153783,37,M,1,Graduate,Single,Ca,91750,No,No,No,Cellular,White-Collar,52547,2
711154908,40,M,1,Graduate,Married,Ct,91750,Yes,Yes,No,Cellular,Govt,57670,2
711156858,57,M,2,Uneducated,Single,Ny,91750,Yes,Yes,No,Cellular,Govt,119134,2
711157833,50,F,4,Doctorate,Single,Ca,91750,No,No,No,Cellular,Selfemployeed,14975,2
711159108,36,F,0,Graduate,Unknown,Tx,91750,Yes,Yes,Yes,Unknown,Selfemployeed,5225,2
711160233,47,F,2,Uneducated,Single,Tx,91750,Yes,Yes,No,Cellular,Businessman,173452,3
711161133,40,M,5,Unknown,Unknown,Fl,91750,No,Yes,Yes,Cellular,White-Collar,118623,3
711164508,44,F,3,Graduate,Single,Tx,91750,Yes,Yes,No,Cellular,Retirees,45711,1
711167808,51,M,1,High School,Single,Tx,91750,No,Yes,No,Telephone,White-Collar,78985,3
711173058,47,F,3,High School,Married,Ca,91750,Yes,Yes,No,Unknown,Blue-Collar,13373,3
711173883,46,F,4,High School,Single,Nj,91750,No,No,No,Telephone,Selfemployeed,28932,2
711175083,37,F,2,Unknown,Married,Fl,91750,Yes,Yes,No,Cellular,Selfemployeed,34142,3
711176133,33,F,3,High School,Married,Fl,91750,No,Yes,No,Cellular,Selfemployeed,36712,2
711178383,45,F,4,Graduate,Married,Ca,91750,No,No,No,Cellular,White-Collar,51779,3
711181608,39,F,2,High School,Single,Ia,91750,No,Yes,No,Cellular,Govt,51116,3
711183558,51,M,2,Uneducated,Married,Tx,91750,No,Yes,No,Cellular,Blue-Collar,115554,2
711184983,41,F,2,Graduate,Married,Tx,91750,No,Yes,No,Cellular,White-Collar,43433,2
711190233,43,M,5,Graduate,Single,Mn,91750,Yes,No,No,Cellular,White-Collar,142301,2
711191808,55,F,2,Graduate,Single,Ny,91750,Yes,No,Yes,Cellular,Govt,55458,1
711195558,53,F,4,Graduate,Married,Fl,91750,No,Yes,No,Cellular,Selfemployeed,11500,3
711196458,45,F,2,Graduate,Married,Tx,91750,No,Yes,No,Unknown,Selfemployeed,17895,2
711197658,37,M,1,High School,Married,Fl,91750,No,Yes,No,Cellular,Selfemployeed,53376,1
711199008,43,F,4,Uneducated,Married,Ny,91750,Yes,No,No,Cellular,Selfemployeed,26729,3
711199908,44,F,3,Uneducated,Single,Fl,91750,Yes,No,No,Cellular,Selfemployeed,34447,2
711201108,43,F,2,Uneducated,Married,Ny,91750,Yes,Yes,No,Cellular,Govt,24880,2
711203658,44,M,4,Doctorate,Married,Ny,91750,No,Yes,No,Unknown,Govt,107563,3
711204483,59,F,2,High School,Married,Fl,91750,No,Yes,No,Cellular,Selfemployeed,2565,3
711205758,46,F,4,Graduate,Married,Nj,91750,Yes,Yes,No,Cellular,Selfemployeed,29350,2
711206958,39,F,2,Graduate,Married,Ny,91750,No,No,No,Cellular,Govt,52268,1
711208083,59,M,0,Graduate,Married,Fl,91750,No,No,Yes,Cellular,Retirees,63288,1
711210633,46,M,2,Doctorate,Married,Fl,91750,No,No,No,Unknown,White-Collar,110496,3
711213108,45,F,2,High School,Married,Fl,91750,Yes,No,No,Cellular,White-Collar,25167,2
711216933,46,M,2,Post-Graduate,Married,Ny,91750,No,Yes,No,Cellular,Govt,90587,2
711219333,64,M,0,Unknown,Married,Ny,91750,Yes,No,Yes,Cellular,Retirees,24624,2
711220683,60,F,0,Doctorate,Married,Nj,91750,Yes,No,No,Unknown,Selfemployeed,35881,3
711221958,38,F,0,Unknown,Married,Ca,91750,No,Yes,No,Cellular,Businessman,31161,2
711224733,38,F,4,Graduate,Single,Tx,91750,No,Yes,No,Cellular,Selfemployeed,1250,2
711225933,44,F,3,Uneducated,Single,Ca,91750,No,No,No,Cellular,Govt,25262,3
711226758,57,F,3,High School,Single,Ny,91750,Yes,Yes,No,Cellular,Selfemployeed,20351,2
711227883,56,F,2,Graduate,Married,Ca,90201,No,No,No,Unknown,Businessman,223521,3
711231558,34,F,3,Uneducated,Single,Tx,91750,No,Yes,No,Cellular,Retirees,18413,1
711232608,45,F,2,Post-Graduate,Single,Ca,91750,No,No,No,Cellular,White-Collar,23933,2
711234783,55,F,3,Graduate,Married,Fl,91750,No,Yes,No,Unknown,Selfemployeed,30898,2
711237633,38,F,4,Graduate,Single,Ca,91750,No,Yes,Yes,Unknown,Selfemployeed,25749,2
711238908,53,M,0,Graduate,Single,Tx,91750,No,Yes,No,Unknown,Businessman,93119,1
711240108,44,M,3,Graduate,Married,Ca,91750,No,No,No,Cellular,White-Collar,78822,2
711242058,49,F,2,Unknown,Single,Ca,91750,No,No,No,Cellular,Selfemployeed,1250,1
711243108,34,F,2,Graduate,Single,Tx,91750,No,Yes,No,Cellular,Govt,43308,1
711245433,32,F,1,Graduate,Married,Tx,91750,No,Yes,No,Unknown,Businessman,24806,2
711249858,49,F,3,Graduate,Single,Tx,91750,No,No,Yes,Unknown,Selfemployeed,36309,3
711251133,38,F,2,Graduate,Married,Fl,91750,No,Yes,No,Cellular,White-Collar,34099,3
711252258,36,F,3,Graduate,Single,Ca,91750,No,No,No,Cellular,Selfemployeed,51831,3
711253383,50,F,2,Uneducated,Married,Ny,91750,Yes,Yes,No,Unknown,Govt,27610,2
711255858,41,F,4,Graduate,Married,Ca,91750,Yes,Yes,No,Telephone,Govt,51553,3
711256908,43,F,1,High School,Married,Ny,91750,No,No,No,Cellular,Selfemployeed,40554,3
711258108,43,F,2,Graduate,Married,Tx,91750,No,No,No,Telephone,Blue-Collar,13600,3
711263058,37,M,2,High School,Single,Ny,91750,Yes,No,Yes,Cellular,Selfemployeed,73173,1
711264033,49,M,2,Unknown,Single,Nj,91750,No,Yes,No,Cellular,Businessman,88133,3
711267633,26,M,0,Graduate,Single,Fl,91750,Yes,No,No,Cellular,Businessman,24567,2
711272058,55,F,1,High School,Married,Ny,91750,No,Yes,No,Cellular,Blue-Collar,53894,3
711274458,47,F,4,Graduate,Single,Ca,91750,Yes,Yes,Yes,Cellular,White-Collar,28282,3
711275433,52,F,3,High School,Married,Fl,91750,No,No,No,Cellular,Selfemployeed,20285,2
711276933,45,M,3,High School,Unknown,Fl,91750,Yes,Yes,No,Unknown,Blue-Collar,81243,2
711278283,37,M,2,High School,Married,Fl,91750,Yes,Yes,No,Cellular,Govt,74771,3
711283008,42,F,3,Unknown,Single,Fl,91750,Yes,No,No,Cellular,Businessman,228087,2
711285633,39,F,1,Graduate,Married,Ca,91750,Yes,Yes,No,Cellular,White-Collar,36257,2
711286533,50,M,3,Graduate,Single,Nj,91750,No,No,No,Cellular,White-Collar,91988,2
711287733,36,M,2,High School,Single,Mo,91750,No,No,No,Cellular,White-Collar,43744,2
711288558,56,M,4,High School,Married,Fl,91750,Yes,Yes,No,Cellular,Blue-Collar,73553,3
711289533,35,M,2,High School,Single,Nj,91750,No,No,No,Cellular,White-Collar,150458,2
711291558,51,F,2,Doctorate,Single,Tx,91750,No,Yes,No,Cellular,White-Collar,31052,2
711294258,43,M,3,Unknown,Unknown,Ca,91750,No,No,No,Cellular,Blue-Collar,78077,2
711296508,45,M,5,High School,Unknown,Nj,91750,No,Yes,No,Cellular,Selfemployeed,77929,2
711297483,46,F,2,Graduate,Single,Tx,91750,No,No,No,Cellular,Selfemployeed,14975,2
711298458,46,M,3,Uneducated,Married,Ca,91750,No,No,No,Cellular,Blue-Collar,25883,2
711302883,42,F,3,High School,Married,Ny,91750,Yes,Yes,No,Cellular,Govt,53162,3
711305208,48,M,4,Post-Graduate,Unknown,Ca,91750,Yes,Yes,No,Cellular,Blue-Collar,58949,2
711309033,32,M,0,High School,Married,Ut,91750,No,Yes,Yes,Cellular,Businessman,40057,3
711310908,47,F,2,Graduate,Single,Ny,91750,Yes,No,No,Cellular,Govt,29562,2
711311883,42,F,2,Graduate,Married,Tx,91750,No,Yes,Yes,Cellular,Blue-Collar,36149,2
711313158,39,M,1,Unknown,Single,Ny,91750,No,Yes,No,Cellular,Selfemployeed,87802,2
711314058,46,F,3,Doctorate,Single,Il,91750,Yes,No,Yes,Cellular,Selfemployeed,14975,2
711315783,43,F,3,Graduate,Single,Tx,91750,Yes,Yes,No,Unknown,Govt,22764,3
711318033,45,F,4,Post-Graduate,Unknown,Ny,91750,No,No,No,Unknown,Selfemployeed,11547,3
711320508,49,F,4,High School,Married,Ca,91750,No,No,No,Cellular,Retirees,15327,2
711323283,48,M,3,High School,Unknown,Ny,91750,Yes,No,No,Telephone,Selfemployeed,32284,2
711325308,56,M,2,Uneducated,Married,Fl,91750,No,No,No,Cellular,Businessman,81802,2
711326583,43,F,4,Graduate,Single,Ca,91750,No,Yes,No,Cellular,White-Collar,56110,2
711327558,50,F,3,Graduate,Married,Ca,91750,No,No,No,Telephone,Selfemployeed,14975,2
711328458,52,M,1,Unknown,Married,Ca,90025,No,No,No,Cellular,White-Collar,148468,2
711329658,39,F,3,Graduate,Single,Tx,91750,No,No,No,Cellular,Retirees,18595,3
711330408,46,F,2,High School,Single,Fl,91750,No,No,No,Cellular,White-Collar,21221,3
711332883,45,M,3,Doctorate,Single,Fl,91750,No,No,No,Cellular,Selfemployeed,97454,2
711333933,52,M,0,High School,Single,Ny,91750,No,Yes,No,Cellular,White-Collar,69659,2
711334983,47,F,4,High School,Married,Ny,91750,No,Yes,No,Cellular,Blue-Collar,21208,2
711336033,52,F,3,Uneducated,Unknown,Tx,91750,No,Yes,No,Cellular,Businessman,49717,3
711337158,32,M,0,Graduate,Single,Fl,91750,Yes,No,No,Cellular,Blue-Collar,77729,2
711338058,43,M,1,Unknown,Married,Ca,91750,No,No,No,Cellular,Businessman,81256,2
711339258,46,M,4,Graduate,Single,Ny,91750,No,Yes,No,Cellular,Businessman,112442,3
711340233,55,F,2,Graduate,Single,Ny,91750,Yes,No,No,Cellular,Blue-Collar,39523,2
711341433,41,F,4,Graduate,Single,Fl,91750,No,Yes,No,Cellular,Blue-Collar,44776,2
711342483,47,M,3,High School,Married,Fl,91750,Yes,Yes,No,Cellular,Businessman,44708,3
711343233,46,M,2,Unknown,Married,Fl,91750,No,Yes,No,Cellular,Govt,68355,2
711345258,35,M,1,Graduate,Single,Va,91750,No,No,No,Cellular,Retirees,76655,2
711346383,65,M,1,Unknown,Single,Ny,91750,No,Yes,No,Cellular,Govt,32633,2
711348033,50,F,1,Uneducated,Married,Ca,90670,No,No,No,Cellular,Businessman,230955,3
711349083,46,F,3,Graduate,Single,Nj,91750,No,No,No,Cellular,White-Collar,33941,3
711350133,53,M,4,High School,Married,Fl,91750,No,Yes,No,Cellular,Blue-Collar,89182,2
711351108,40,M,4,Post-Graduate,Married,Ny,91750,No,No,Yes,Cellular,Retirees,73577,2
711355908,41,M,3,Graduate,Married,Fl,91750,Yes,No,No,Cellular,White-Collar,119527,2
711356733,47,M,1,Graduate,Married,Ny,91750,No,Yes,Yes,Cellular,Blue-Collar,73475,3
711357858,45,F,3,High School,Married,Tx,91750,No,Yes,No,Unknown,Selfemployeed,2565,2
711359058,41,M,3,Uneducated,Married,Ca,91750,No,No,No,Cellular,White-Collar,71479,3
711360783,43,M,3,Graduate,Married,Ny,91750,Yes,No,No,Cellular,Businessman,213821,2
711363258,57,M,2,High School,Married,Ak,99504,No,No,No,Cellular,Retirees,73932,2
711364233,41,M,5,Graduate,Married,Tx,91750,No,No,No,Cellular,Businessman,117221,3
711365133,58,M,4,Graduate,Single,Ca,91750,No,Yes,No,Cellular,Businessman,93041,2
711367308,54,F,0,Graduate,Married,Ca,91750,Yes,No,No,Cellular,White-Collar,30769,2
711368283,47,F,3,Graduate,Single,Ny,91750,No,No,No,Cellular,Govt,37520,2
711370458,42,M,2,Doctorate,Married,Ca,91750,No,No,No,Cellular,Blue-Collar,106317,3
711371208,40,M,4,Graduate,Married,Ny,91750,Yes,No,No,Cellular,White-Collar,65021,2
711372258,40,F,4,Graduate,Married,Ny,91750,No,No,No,Unknown,White-Collar,33348,2
711374283,26,F,0,Graduate,Married,Ca,91750,Yes,No,No,Cellular,Selfemployeed,13556,2
711375558,56,M,3,Unknown,Married,Nj,91750,Yes,No,No,Cellular,Blue-Collar,67833,3
711377808,47,F,4,High School,Single,Ma,91750,Yes,No,No,Cellular,Businessman,59117,2
711379083,52,M,3,High School,Single,Ca,91750,No,Yes,No,Cellular,White-Collar,93966,2
711381183,38,M,2,High School,Married,Fl,91750,No,Yes,No,Cellular,Selfemployeed,64766,2
711382458,62,F,1,Unknown,Single,Fl,91750,No,No,No,Telephone,Govt,26459,3
711388458,53,M,3,High School,Single,Tx,91750,No,Yes,No,Cellular,Govt,115217,2
711389358,44,F,3,Graduate,Married,Ca,91750,No,Yes,No,Telephone,White-Collar,28990,2
711390333,61,F,0,High School,Single,Ny,91750,Yes,No,Yes,Cellular,Govt,25784,2
711391308,42,M,5,High School,Married,Ca,91750,No,Yes,No,Cellular,White-Collar,69633,1
711392508,34,M,0,Graduate,Married,Oh,91750,No,No,No,Cellular,Blue-Collar,66262,3
711393483,46,F,3,High School,Married,Tx,91750,No,Yes,No,Cellular,Blue-Collar,58265,1
711396483,30,M,0,Graduate,Unknown,Nj,91750,Yes,Yes,Yes,Cellular,White-Collar,65755,2
711397533,36,F,1,Uneducated,Single,Nj,91750,No,Yes,Yes,Cellular,Selfemployeed,37062,1
711398433,52,F,2,Uneducated,Married,Ny,91750,No,Yes,No,Unknown,Businessman,236601,1
711399408,45,F,1,Graduate,Single,Tx,91750,Yes,No,No,Cellular,Selfemployeed,27992,1
711402333,53,F,2,Graduate,Single,Tx,91750,Yes,Yes,No,Cellular,Selfemployeed,14975,2
711403383,63,M,1,Graduate,Unknown,Ny,91750,No,Yes,No,Cellular,Retirees,24353,1
711405333,49,F,3,Graduate,Single,Ca,91750,Yes,Yes,No,Cellular,Selfemployeed,14975,3
711406758,59,M,1,Doctorate,Married,Tx,91750,Yes,Yes,No,Cellular,Retirees,59786,1
711409833,44,M,4,Graduate,Married,Ny,91750,Yes,No,No,Cellular,Selfemployeed,80412,1
711410958,52,M,2,High School,Single,Ny,91750,Yes,Yes,No,Unknown,Selfemployeed,105120,2
711412533,51,F,1,Graduate,Married,Ny,91750,No,No,No,Cellular,Retirees,27081,2
711416958,53,F,2,Unknown,Single,Ca,91750,Yes,Yes,Yes,Cellular,Selfemployeed,25659,2
711419133,37,M,2,Uneducated,Married,Ny,91750,No,No,No,Telephone,Businessman,63041,2
711420258,49,M,3,High School,Unknown,Fl,91750,No,Yes,No,Cellular,Blue-Collar,62281,3
711421233,52,M,4,Graduate,Single,Fl,91750,No,No,No,Cellular,Blue-Collar,87992,1
711422358,53,F,2,Unknown,Married,Nj,91750,Yes,No,No,Cellular,Businessman,191635,3
711423558,45,M,5,Graduate,Single,Tx,91750,No,No,No,Cellular,White-Collar,52700,3
711426033,52,F,2,Graduate,Married,Ny,91750,Yes,Yes,No,Unknown,Blue-Collar,42435,3
711427458,53,F,1,Uneducated,Single,Ca,91750,Yes,Yes,No,Unknown,Blue-Collar,12389,2
711428733,50,F,2,Graduate,Single,Ny,91750,No,No,No,Cellular,Govt,51667,3
711430908,52,F,1,Graduate,Married,Ny,91750,Yes,Yes,No,Unknown,Selfemployeed,22575,2
711432258,38,M,4,Graduate,Married,Nj,91750,Yes,No,No,Cellular,Blue-Collar,108917,1
711433908,51,M,1,Doctorate,Married,Fl,91750,Yes,No,No,Cellular,White-Collar,117820,3
711436083,53,F,2,Graduate,Married,Ny,91750,Yes,Yes,No,Unknown,Blue-Collar,27818,3
711436983,38,M,1,Graduate,Single,Nj,91750,Yes,No,No,Cellular,Businessman,115276,1
711438033,43,M,3,High School,Married,Nj,91750,No,No,No,Cellular,Retirees,100510,1
711441333,38,F,2,Graduate,Single,Ny,91750,Yes,Yes,No,Cellular,Selfemployeed,10391,3
711443808,46,M,3,Graduate,Married,Ny,91750,Yes,Yes,No,Telephone,Retirees,49342,3
711445233,42,M,3,Graduate,Single,Fl,91750,No,No,No,Cellular,Retirees,72829,2
711447783,56,M,3,Graduate,Married,Fl,91750,No,No,No,Cellular,Selfemployeed,89366,3
711448983,55,F,4,Graduate,Single,Ny,91750,Yes,No,No,Unknown,Selfemployeed,25499,3
711452583,46,M,3,Graduate,Unknown,Ny,91750,No,No,No,Cellular,Retirees,69181,3
711453783,43,M,2,Unknown,Married,Ny,91750,No,Yes,No,Cellular,Selfemployeed,73412,2
711455133,45,F,2,Doctorate,Single,Ny,91750,Yes,No,No,Telephone,Selfemployeed,28331,3
711456108,47,F,4,Doctorate,Married,Ca,91750,No,Yes,No,Cellular,Blue-Collar,28402,3
711458583,47,M,4,Graduate,Single,Ny,91750,No,Yes,No,Cellular,White-Collar,115189,3
711459483,56,M,0,High School,Married,Fl,91750,No,Yes,No,Cellular,Blue-Collar,80844,2
711460458,53,M,2,Graduate,Married,Nm,91750,Yes,Yes,No,Cellular,White-Collar,119405,3
711461658,37,F,1,Graduate,Single,Fl,91750,Yes,Yes,No,Unknown,Blue-Collar,35619,2
711465333,38,M,3,Unknown,Single,Tx,91750,Yes,Yes,No,Cellular,Businessman,119886,2
711466533,47,F,3,High School,Married,Fl,91750,No,Yes,No,Cellular,Selfemployeed,14975,3
711468708,53,F,2,High School,Married,Ny,91750,Yes,Yes,No,Cellular,White-Collar,19680,2
711473058,44,F,3,Graduate,Single,Ca,91750,No,No,No,Cellular,Selfemployeed,44044,2
711474333,46,F,3,High School,Single,Fl,91750,No,No,No,Unknown,Selfemployeed,14975,2
711478233,62,F,0,Post-Graduate,Single,Tx,91750,No,Yes,No,Cellular,Govt,40470,2
711480108,38,F,3,Graduate,Married,Tx,91750,No,No,No,Unknown,Govt,17853,3
711481533,30,F,1,Uneducated,Married,Ca,91750,No,No,No,Cellular,Selfemployeed,11775,3
711487533,36,F,2,Graduate,Unknown,Ca,91750,No,Yes,No,Cellular,Selfemployeed,14975,2
711491283,45,F,1,Uneducated,Single,Ca,91750,Yes,No,No,Cellular,Govt,33824,1
711492258,51,M,1,High School,Married,Tx,91750,No,Yes,No,Cellular,Retirees,97463,3
711493158,45,M,0,Uneducated,Single,Tx,91750,Yes,Yes,No,Cellular,Retirees,85978,2
711494208,50,M,1,Unknown,Unknown,Tx,91750,Yes,Yes,No,Cellular,Govt,92809,1
711497283,39,F,1,Graduate,Single,Ny,91750,No,No,No,Cellular,Businessman,54743,2
711498258,30,M,1,Unknown,Unknown,Ny,91750,No,Yes,No,Cellular,Blue-Collar,10971,2
711499158,52,F,1,Unknown,Single,Tx,91750,No,Yes,No,Unknown,Blue-Collar,34273,1
711502908,43,F,3,Graduate,Married,Tx,91750,No,No,Yes,Cellular,Govt,38679,3
711505308,46,M,4,Graduate,Married,Fl,91750,No,No,No,Cellular,Blue-Collar,75634,1
711507783,48,F,3,High School,Married,Tx,91750,Yes,Yes,No,Telephone,Businessman,18647,1
711508608,47,F,3,Uneducated,Married,Ny,91750,No,No,No,Cellular,Selfemployeed,58770,1
711509658,56,F,2,Graduate,Married,Tx,91750,No,Yes,No,Unknown,Selfemployeed,5525,2
711515433,51,M,3,Post-Graduate,Married,Ny,91750,No,No,No,Cellular,Retirees,57679,1
711516783,43,M,2,Uneducated,Married,Ny,91750,Yes,Yes,No,Cellular,White-Collar,99332,1
711521958,56,M,3,Uneducated,Single,Ca,91750,No,Yes,No,Cellular,White-Collar,73143,2
711523533,32,M,0,High School,Married,Fl,91750,Yes,Yes,No,Cellular,Businessman,184323,1
711525033,36,F,2,Unknown,Single,Tx,91750,Yes,Yes,No,Cellular,Selfemployeed,18984,1
711526533,49,F,2,Uneducated,Married,Ca,91750,No,Yes,No,Cellular,Selfemployeed,14975,3
711527508,43,F,3,Unknown,Single,Ca,91750,No,No,No,Unknown,Retirees,15953,1
711529383,42,F,4,Graduate,Married,Tx,91750,No,No,No,Unknown,Businessman,35236,2
711531858,50,F,2,Uneducated,Married,Tx,91750,Yes,No,No,Unknown,Retirees,22093,2
711533058,48,M,4,Unknown,Married,Fl,91750,Yes,Yes,No,Cellular,Retirees,100014,3
711534183,34,F,3,Graduate,Single,Sc,91750,Yes,No,No,Cellular,Selfemployeed,38416,1
711535158,46,F,1,Doctorate,Married,Ca,91750,Yes,No,No,Cellular,Retirees,19122,1
711538758,34,F,2,Graduate,Married,Ny,91750,No,Yes,No,Cellular,Blue-Collar,19121,2
711540108,30,F,0,Graduate,Married,Ny,91750,No,No,No,Unknown,Selfemployeed,25557,2
711542358,49,M,4,High School,Married,Tx,91750,No,Yes,No,Cellular,Govt,103833,2
711546333,51,M,1,Unknown,Single,Ca,91750,No,No,No,Cellular,Govt,87745,1
711549408,45,F,4,Uneducated,Single,Fl,91750,No,Yes,No,Cellular,Govt,51049,1
711550983,47,M,2,Graduate,Married,Tx,91750,No,No,No,Unknown,Businessman,113241,3
711551958,50,F,2,Graduate,Single,Ny,91750,No,No,No,Unknown,Selfemployeed,2565,1
711553308,48,M,3,Graduate,Married,Ca,91750,Yes,No,No,Cellular,Businessman,67908,3
711555483,56,M,2,Unknown,Married,Ca,91750,Yes,No,No,Cellular,White-Collar,68402,1
711556533,40,M,2,Uneducated,Single,Tx,91750,Yes,Yes,No,Cellular,Blue-Collar,10084,3
711557508,59,M,1,Graduate,Single,Pa,91750,No,No,Yes,Cellular,Retirees,49306,2
711559008,35,M,1,High School,Married,Nj,91750,Yes,No,Yes,Cellular,White-Collar,117931,1
711560058,44,M,3,Graduate,Unknown,Ca,91750,No,Yes,No,Cellular,Blue-Collar,79158,3
711561108,43,F,3,Graduate,Unknown,Ny,91750,Yes,No,No,Cellular,Govt,32007,1
711561933,29,M,2,Graduate,Single,Fl,91750,No,Yes,No,Cellular,Businessman,55481,1
711562833,45,F,3,Unknown,Single,Ca,91750,No,Yes,No,Cellular,Selfemployeed,1250,2
711566208,55,M,2,Graduate,Single,Tx,91750,Yes,Yes,No,Cellular,Businessman,152039,3
711567333,35,M,3,Graduate,Married,Ca,91750,Yes,No,No,Cellular,Retirees,69512,1
711569433,53,F,1,Graduate,Married,Fl,91750,Yes,Yes,No,Cellular,Selfemployeed,5525,2
711571383,47,M,3,Graduate,Married,Tx,91750,Yes,No,No,Cellular,Govt,62398,1
711574008,56,F,0,Unknown,Married,Ny,91750,Yes,Yes,No,Cellular,Govt,28273,1
711575058,53,F,3,Uneducated,Married,Tx,91750,Yes,Yes,No,Unknown,White-Collar,17961,2
711577458,52,M,2,High School,Married,Tx,91750,Yes,Yes,No,Telephone,Blue-Collar,110988,2
711578658,51,M,3,High School,Single,Fl,91750,Yes,No,No,Telephone,Businessman,146995,2
711580908,48,F,1,Uneducated,Single,Tx,91750,No,No,No,Cellular,Businessman,50789,1
711583458,47,M,3,High School,Married,Ca,91750,No,No,Yes,Cellular,White-Collar,85206,1
711587433,48,F,5,Uneducated,Married,Ca,91750,Yes,Yes,No,Cellular,Selfemployeed,57960,2
711588708,45,F,2,Graduate,Married,Fl,91750,Yes,Yes,No,Cellular,Blue-Collar,17269,2
711589758,42,M,4,Unknown,Married,Ny,91750,No,No,No,Unknown,Selfemployeed,46411,3
711593808,40,F,4,Graduate,Married,Nj,91750,Yes,No,No,Unknown,Selfemployeed,2565,2
711594858,51,M,1,Unknown,Single,Tx,91750,Yes,Yes,No,Cellular,Retirees,65856,1
711595833,45,F,2,Graduate,Unknown,Fl,91750,Yes,Yes,No,Cellular,Blue-Collar,14448,1
711597183,46,M,3,High School,Single,Fl,91750,Yes,No,No,Telephone,Govt,69066,1
711598533,29,M,2,Graduate,Single,Fl,91750,No,Yes,Yes,Telephone,Businessman,39334,3
711600033,36,M,4,High School,Single,Tx,91750,No,No,No,Cellular,Businessman,165526,2
711605208,56,F,0,Uneducated,Single,Nj,91750,Yes,No,No,Cellular,Businessman,19164,1
711606558,39,M,2,Graduate,Married,Ny,91750,No,No,No,Cellular,White-Collar,74592,1
711607833,58,M,3,Unknown,Single,Ca,91750,No,Yes,No,Cellular,Selfemployeed,82689,2
711608958,62,M,0,Graduate,Married,Nj,91750,Yes,No,No,Unknown,Selfemployeed,50015,3
711613308,50,F,5,Graduate,Single,Ca,91750,Yes,Yes,No,Cellular,Businessman,29732,3
711614658,44,F,2,Graduate,Married,Ca,91750,No,No,No,Cellular,White-Collar,28825,2
711615933,35,F,3,Doctorate,Single,Fl,91750,No,No,No,Cellular,Selfemployeed,5525,1
711619608,46,M,0,Uneducated,Single,Ny,91750,No,Yes,No,Cellular,Selfemployeed,69632,1
711622683,35,F,1,Graduate,Single,Ca,91750,No,Yes,No,Unknown,Selfemployeed,14975,2
711625683,49,F,3,Graduate,Married,Tx,91750,Yes,No,No,Cellular,Govt,32454,2
711626658,39,F,2,Uneducated,Married,Ca,91750,Yes,Yes,No,Telephone,Govt,19461,1
711627558,59,M,1,Post-Graduate,Married,Nj,91750,Yes,Yes,Yes,Cellular,White-Collar,46440,2
711628458,55,F,0,Graduate,Married,Ny,91750,No,No,No,Cellular,Retirees,18119,3
711629733,47,F,3,Graduate,Married,Nj,91750,No,No,Yes,Unknown,Businessman,35978,2
711631158,45,M,1,Graduate,Single,Ca,91750,Yes,No,No,Cellular,Blue-Collar,73357,3
711634008,58,M,1,Uneducated,Single,Ca,91750,No,Yes,No,Cellular,Blue-Collar,69897,3
711635358,43,F,1,Uneducated,Single,Ny,91750,No,Yes,No,Unknown,Blue-Collar,23363,3
711636558,51,F,1,Uneducated,Married,Ny,91750,Yes,Yes,No,Unknown,Selfemployeed,14975,1
711637458,57,F,2,Unknown,Married,Nj,91750,No,No,No,Cellular,White-Collar,29146,1
711638658,43,F,3,Uneducated,Married,Ny,91750,No,No,Yes,Unknown,White-Collar,33253,2
711639708,42,F,2,Graduate,Single,Tx,91750,No,Yes,No,Cellular,Govt,15960,2
711642108,44,F,3,High School,Married,Ny,91750,Yes,No,No,Cellular,White-Collar,29966,3
711643458,58,F,3,Unknown,Married,Nv,91750,No,No,No,Cellular,Selfemployeed,14111,2
711644508,56,F,2,Graduate,Single,Ca,91750,No,No,No,Unknown,Selfemployeed,25028,1
711646908,52,F,1,Graduate,Single,Ny,91750,No,Yes,No,Unknown,Selfemployeed,20102,1
711647808,42,M,3,Unknown,Married,Ny,91750,No,Yes,No,Cellular,Selfemployeed,61221,2
711648708,46,F,1,Graduate,Single,Ny,91750,No,No,No,Cellular,Govt,49987,3
711649908,65,M,1,High School,Married,Ut,91750,Yes,No,No,Cellular,White-Collar,53653,3
711654558,47,M,3,High School,Married,Ia,91750,No,No,Yes,Cellular,Retirees,47895,3
711655683,46,F,4,Uneducated,Married,Nj,91750,No,Yes,Yes,Cellular,Govt,34126,1
711657783,45,M,2,Unknown,Single,Fl,91750,Yes,No,No,Cellular,Blue-Collar,71115,3
711658758,39,M,3,High School,Single,Tx,91750,No,No,No,Cellular,Blue-Collar,102628,2
711659958,58,F,0,Unknown,Married,Ny,91750,Yes,Yes,No,Cellular,Selfemployeed,14975,1
711663858,44,F,2,High School,Married,Tx,91750,No,No,Yes,Cellular,Businessman,224581,1
711666708,42,F,4,Graduate,Single,Fl,91750,No,Yes,No,Cellular,White-Collar,33346,2
711668283,49,F,3,Graduate,Unknown,Fl,91750,Yes,No,No,Cellular,Selfemployeed,14975,1
711669258,53,F,3,Graduate,Married,Ca,91750,No,No,No,Telephone,White-Collar,26386,2
711670308,37,F,2,Graduate,Married,Tx,91750,No,Yes,No,Telephone,Govt,35444,2
711671058,35,F,3,Graduate,Married,Tx,91750,Yes,Yes,Yes,Cellular,Selfemployeed,22915,2
711673983,41,M,3,Unknown,Married,Ny,91750,No,Yes,No,Cellular,Selfemployeed,67714,1
711675108,50,M,2,Unknown,Married,Ny,91750,Yes,Yes,No,Cellular,Selfemployeed,46116,2
711676008,56,F,2,High School,Married,Fl,91750,Yes,Yes,No,Cellular,Retirees,39289,3
711676908,40,F,4,High School,Single,Tx,91750,Yes,Yes,No,Unknown,White-Collar,17427,3
711679533,36,F,2,Post-Graduate,Single,Ca,91750,Yes,No,No,Unknown,White-Collar,30511,1
711683358,47,F,3,Post-Graduate,Married,Fl,91750,No,No,No,Cellular,Retirees,22156,3
711684408,57,M,0,Graduate,Married,Ca,91750,No,No,No,Cellular,Businessman,114918,1
711685758,51,M,1,Graduate,Married,Ca,91750,Yes,Yes,No,Cellular,Businessman,78448,2
711686658,53,M,0,Graduate,Married,Ny,91750,Yes,Yes,No,Unknown,Businessman,235376,1
711688158,53,F,4,Graduate,Married,Tx,91750,No,Yes,Yes,Unknown,Selfemployeed,14975,1
711688983,57,F,0,Graduate,Married,Ca,91750,Yes,No,No,Cellular,Govt,34487,1
711691608,45,F,3,Uneducated,Unknown,Fl,91750,No,No,No,Cellular,Selfemployeed,27787,1
711692508,48,F,1,Unknown,Married,Tx,91750,Yes,Yes,No,Cellular,Selfemployeed,7865,2
711694083,47,M,2,Uneducated,Single,Tx,91750,Yes,No,No,Telephone,Govt,75462,2
711697158,44,F,3,Graduate,Single,Tx,91750,No,Yes,No,Unknown,Selfemployeed,14975,3
711699183,41,F,4,Uneducated,Single,Nj,91750,No,No,No,Unknown,Blue-Collar,41072,1
711700158,51,F,3,Graduate,Married,Tx,91750,Yes,Yes,No,Cellular,White-Collar,59744,1
711701058,51,M,0,Unknown,Married,Tx,91750,Yes,No,No,Telephone,Retirees,84053,1
711701958,45,M,3,Graduate,Married,Tx,91750,Yes,Yes,No,Cellular,White-Collar,52603,1
711706458,51,M,2,Post-Graduate,Married,Nv,91750,No,Yes,No,Unknown,White-Collar,128625,3
711708408,44,F,1,High School,Married,Tx,91750,No,No,No,Cellular,Govt,46410,2
711709683,31,F,2,Uneducated,Married,Nj,91750,Yes,No,No,Unknown,Govt,19945,3
711711483,31,F,0,Graduate,Married,Ca,91750,Yes,No,No,Telephone,Blue-Collar,13997,1
711712983,41,M,2,Graduate,Single,Ny,91750,No,No,No,Cellular,Businessman,65636,2
711716133,43,F,4,Graduate,Single,Ny,91750,Yes,Yes,No,Cellular,White-Collar,26165,1
711717258,48,M,3,High School,Single,Ca,91750,No,No,No,Cellular,Retirees,97901,3
711720408,53,M,2,High School,Married,Ny,91750,No,No,No,Cellular,Businessman,206552,1
711721458,30,F,0,Graduate,Married,Ny,91750,Yes,Yes,No,Cellular,Selfemployeed,25759,3
711722808,49,F,2,Graduate,Married,Ca,91750,Yes,No,No,Cellular,Govt,29042,2
711724083,49,F,3,Unknown,Married,Ny,91750,No,No,No,Unknown,Retirees,18165,1
711727083,43,F,3,Graduate,Unknown,Ny,91750,No,No,No,Telephone,Businessman,165190,2
711728208,39,F,2,Unknown,Unknown,Tx,91750,No,No,No,Cellular,Selfemployeed,51611,3
711733308,37,M,2,Uneducated,Married,Fl,91750,Yes,No,No,Cellular,Selfemployeed,86281,1
711734508,46,F,2,Graduate,Married,Ny,91750,No,Yes,Yes,Unknown,Selfemployeed,14975,3
711736083,40,M,3,High School,Married,Ca,91750,No,No,No,Cellular,Retirees,83402,2
711738333,55,F,2,Uneducated,Married,Ca,91750,No,Yes,Yes,Cellular,White-Collar,26183,2
711740508,45,M,2,Graduate,Married,Ny,91750,No,No,No,Cellular,Blue-Collar,71035,2
711741708,43,F,3,Graduate,Married,Fl,91750,Yes,No,No,Cellular,Blue-Collar,25129,2
711742758,31,M,0,Graduate,Married,Tx,91750,No,Yes,No,Cellular,White-Collar,96744,3
711743883,65,M,1,Uneducated,Single,Ny,91750,No,No,No,Cellular,Blue-Collar,10533,2
711745233,55,M,1,Post-Graduate,Married,Nj,91750,No,No,No,Telephone,White-Collar,118760,2
711746133,32,M,3,Graduate,Unknown,Ut,91750,No,No,No,Cellular,Businessman,118367,3
711748983,53,F,3,Uneducated,Married,Tx,91750,Yes,Yes,No,Cellular,Blue-Collar,18991,3
711750183,63,M,0,Doctorate,Single,Ny,91750,No,No,No,Cellular,Selfemployeed,39690,2
711751533,40,M,2,Uneducated,Married,Ny,91750,No,No,No,Telephone,Selfemployeed,78214,3
711757383,45,M,1,Graduate,Married,Mn,91750,Yes,No,No,Cellular,Businessman,18230,2
711762408,57,M,2,Uneducated,Single,Ca,91750,No,Yes,No,Telephone,Businessman,47861,2
711764733,40,M,3,Uneducated,Married,Tx,91750,No,No,Yes,Cellular,White-Collar,107674,2
711765708,40,M,4,High School,Unknown,Ca,91750,No,Yes,No,Cellular,Selfemployeed,44136,2
711766758,40,M,1,High School,Single,Ia,91750,Yes,No,No,Cellular,Selfemployeed,59353,1
711768858,45,F,4,Graduate,Married,Ca,91750,No,Yes,No,Cellular,Selfemployeed,12933,3
711772008,65,M,0,Doctorate,Single,Ny,91750,Yes,No,No,Cellular,Selfemployeed,14975,1
711772983,39,M,1,Uneducated,Single,Nj,91750,Yes,No,Yes,Cellular,Selfemployeed,73835,2
711775383,48,F,3,Graduate,Single,Tx,91750,Yes,No,No,Cellular,White-Collar,48973,3
711776433,49,F,3,Uneducated,Married,Ny,91750,No,Yes,No,Unknown,Businessman,30076,3
711777633,64,F,0,Graduate,Single,Ny,91750,No,No,No,Cellular,Govt,52557,2
711780108,57,M,2,Uneducated,Single,Ca,91750,No,No,No,Cellular,Businessman,78491,2
711781233,38,M,1,Graduate,Single,Ca,91750,No,Yes,No,Telephone,White-Collar,96198,3
711782733,40,F,3,High School,Single,Ca,91750,No,No,No,Telephone,Selfemployeed,13119,2
711783483,56,F,3,Graduate,Single,Tx,91750,No,No,No,Cellular,Selfemployeed,38851,2
711784908,48,F,3,Graduate,Single,Ny,91750,No,Yes,No,Cellular,Retirees,45162,2
711786108,54,F,5,High School,Married,Ca,91750,Yes,No,No,Unknown,Selfemployeed,8250,3
711787383,48,M,2,Uneducated,Single,Ny,91750,No,Yes,No,Telephone,Selfemployeed,42092,3
711788583,53,F,3,Graduate,Single,Nj,91750,No,Yes,No,Cellular,Businessman,199188,3
711790308,46,F,3,Graduate,Married,Ca,91750,No,No,Yes,Unknown,Retirees,29438,2
711791583,54,F,2,High School,Single,Ny,91750,No,Yes,No,Cellular,Selfemployeed,2565,3
711792783,50,M,1,Unknown,Single,Tx,91750,Yes,Yes,No,Cellular,Govt,64532,1
711794358,48,F,3,Graduate,Married,Ca,91750,Yes,Yes,Yes,Cellular,Blue-Collar,34850,1
711795633,46,M,2,High School,Single,Tx,91750,Yes,Yes,Yes,Cellular,Retirees,42339,2
711796683,41,F,2,High School,Married,Nj,91750,Yes,No,No,Cellular,White-Collar,57166,3
711799458,42,M,1,Post-Graduate,Single,Tx,91750,No,No,No,Cellular,White-Collar,68048,3
711800658,49,F,4,Graduate,Married,Ca,91750,Yes,Yes,No,Telephone,White-Collar,28017,1
711801933,43,F,4,Uneducated,Married,Tx,91750,No,No,No,Unknown,Blue-Collar,21439,2
711802758,46,F,1,Graduate,Unknown,Tx,91750,Yes,Yes,No,Cellular,Selfemployeed,14975,3
711807333,55,F,3,Graduate,Married,Tx,91750,No,No,No,Cellular,White-Collar,45867,3
711808383,49,M,2,Post-Graduate,Married,Ia,91750,No,Yes,Yes,Cellular,White-Collar,64390,1
711809283,45,F,3,Unknown,Single,Tx,91750,Yes,No,No,Cellular,Businessman,23841,1
711813258,47,M,2,Graduate,Single,Mi,91750,Yes,No,No,Unknown,White-Collar,135505,1
711814608,36,F,2,High School,Married,Tx,91750,No,Yes,Yes,Cellular,Businessman,212644,1
711816108,45,F,3,Unknown,Married,Ca,91750,Yes,No,No,Unknown,Blue-Collar,26521,2
711817158,46,F,3,Graduate,Married,Ca,91750,No,No,No,Cellular,Selfemployeed,28815,2
711819708,56,F,2,Unknown,Married,Tx,91750,No,Yes,Yes,Cellular,Businessman,24671,3
711822933,53,M,3,Doctorate,Single,Nj,91750,No,No,No,Unknown,Businessman,154296,1
711824358,39,M,5,Graduate,Single,Fl,91750,No,No,No,Cellular,Selfemployeed,66806,1
711825558,34,F,1,Graduate,Married,Ny,91750,No,No,No,Cellular,White-Collar,39175,2
711826983,52,F,2,High School,Married,Tx,91750,No,No,No,Unknown,Govt,35656,1
711827958,41,F,3,Graduate,Married,Ca,91750,No,No,No,Cellular,Selfemployeed,5525,3
711830433,52,M,4,Graduate,Married,Tx,91750,No,Yes,No,Cellular,Businessman,106074,3
711831558,48,F,3,Graduate,Married,Ca,91750,Yes,Yes,No,Cellular,Govt,35706,3
711832533,47,F,4,Uneducated,Single,Ca,91750,Yes,No,No,Cellular,White-Collar,41437,3
711833508,40,M,2,Unknown,Single,Tx,91750,No,No,No,Cellular,Selfemployeed,72414,1
711834708,46,F,2,Unknown,Unknown,Ny,91750,No,No,No,Unknown,Businessman,230558,1
711835758,46,F,3,High School,Married,Ny,91750,Yes,No,No,Unknown,Businessman,15080,3
711836733,41,F,2,Graduate,Single,Ny,91750,No,Yes,No,Unknown,Retirees,17299,3
711838008,55,M,2,Graduate,Single,Fl,91750,Yes,No,No,Telephone,White-Collar,118490,1
711840408,49,F,1,Uneducated,Unknown,Fl,91750,Yes,No,No,Cellular,Govt,12720,1
711842508,51,M,3,Uneducated,Married,Ny,91750,No,Yes,No,Cellular,Blue-Collar,108104,3
711843708,45,F,1,Unknown,Single,Tx,91750,No,Yes,Yes,Unknown,Govt,33075,1
711844758,59,F,0,Doctorate,Married,Ca,91750,Yes,No,No,Cellular,Selfemployeed,13064,1
711846183,44,F,2,Unknown,Single,Fl,91750,No,No,No,Cellular,Blue-Collar,24559,2
711847833,47,M,3,High School,Married,Tx,91750,Yes,Yes,No,Telephone,White-Collar,79994,2
711848658,41,F,2,High School,Married,Tx,91750,No,Yes,No,Unknown,White-Collar,15777,3
711850533,45,F,2,Doctorate,Single,Tx,91750,No,Yes,No,Cellular,White-Collar,56032,3
711851583,35,M,4,Graduate,Single,Ny,91750,No,No,No,Cellular,Blue-Collar,78548,3
711852783,37,F,3,High School,Married,Fl,91750,No,No,No,Telephone,Businessman,37487,3
711854808,49,M,4,Graduate,Married,Ny,91750,No,No,No,Cellular,Businessman,76033,2
711856683,46,M,3,Doctorate,Married,Ny,91750,Yes,Yes,No,Cellular,Blue-Collar,103032,3
711857733,35,F,3,Uneducated,Married,Fl,91750,No,No,No,Cellular,Blue-Collar,12010,1
711861258,34,M,1,Graduate,Unknown,Ny,91750,Yes,Yes,No,Cellular,Blue-Collar,48654,3
711862533,59,F,0,Graduate,Married,Tx,91750,Yes,Yes,No,Cellular,Businessman,28605,1
711863433,42,F,5,Uneducated,Unknown,Az,86503,No,Yes,No,Unknown,Businessman,221163,3
711864783,52,F,4,High School,Single,Nj,91750,Yes,No,No,Cellular,Selfemployeed,9535,2
711866358,54,M,4,Graduate,Married,Ny,91750,No,No,No,Cellular,Blue-Collar,62024,1
711870333,41,F,3,High School,Unknown,Ny,91750,No,No,No,Cellular,Selfemployeed,14975,1
711871758,57,F,4,High School,Married,Nj,91750,No,No,No,Telephone,Retirees,28391,2
711873033,41,F,3,Doctorate,Married,Ca,91750,Yes,No,No,Unknown,Blue-Collar,29532,3
711873858,56,M,1,Uneducated,Unknown,Ny,91750,No,Yes,No,Cellular,Blue-Collar,73477,1
711874833,50,M,2,Graduate,Married,Tx,91750,Yes,No,No,Unknown,Retirees,99890,1
711876333,44,F,3,Uneducated,Single,Ca,91750,No,No,No,Cellular,Selfemployeed,11714,1
711877458,43,M,4,Unknown,Married,Tx,91750,Yes,Yes,No,Cellular,Selfemployeed,49563,3
711878733,55,F,2,Graduate,Married,Tx,91750,No,No,No,Unknown,Selfemployeed,14975,2
711879633,50,M,2,High School,Unknown,Fl,91750,Yes,No,No,Cellular,Businessman,64562,2
711881733,54,M,1,Graduate,Married,Ca,91750,No,No,No,Cellular,White-Collar,68244,2
711883833,53,M,2,Post-Graduate,Single,Tx,91750,No,Yes,No,Cellular,Selfemployeed,76696,1
711885258,50,F,3,Uneducated,Married,Ca,91750,Yes,No,No,Unknown,Businessman,21237,1
711886383,57,F,1,Graduate,Married,Tx,91750,No,Yes,No,Unknown,Businessman,27286,2
711887583,54,F,1,Graduate,Single,Tx,91750,No,No,No,Unknown,Selfemployeed,2565,1
711890808,62,M,0,Unknown,Single,Ny,91750,Yes,No,No,Cellular,White-Collar,55775,3
711891933,52,F,1,Graduate,Married,Ca,91750,No,No,No,Cellular,Retirees,36772,2
711893358,44,F,2,Graduate,Single,Ny,91750,Yes,Yes,No,Cellular,White-Collar,49937,1
711900033,53,M,2,Graduate,Married,Fl,91750,Yes,Yes,No,Cellular,White-Collar,96831,1
711902058,59,F,0,High School,Single,Ia,91750,Yes,Yes,No,Cellular,Blue-Collar,28475,2
711904008,32,F,0,Graduate,Single,Ny,91750,Yes,No,No,Cellular,Businessman,23481,1
711906033,41,F,1,High School,Single,Ny,91750,No,No,No,Cellular,Retirees,38634,3
711907083,56,F,2,Graduate,Single,Ca,91750,No,Yes,No,Cellular,Blue-Collar,33752,2
711909933,32,M,0,High School,Married,Fl,91750,No,No,No,Cellular,Businessman,79523,3
711913833,43,F,3,Graduate,Married,Tx,91750,No,Yes,No,Cellular,Retirees,17271,2
711916533,60,M,0,Unknown,Married,Ca,91750,No,No,No,Cellular,Blue-Collar,76081,2
711918033,47,F,5,Post-Graduate,Single,Ca,91750,No,Yes,No,Unknown,Blue-Collar,20694,2
711919608,48,F,1,Graduate,Unknown,Tx,91750,No,No,No,Cellular,Blue-Collar,31646,2
711922158,41,M,3,High School,Married,Tx,91750,No,Yes,No,Cellular,Businessman,93515,2
711925608,41,F,3,Unknown,Unknown,Ca,91750,No,No,No,Cellular,Businessman,44349,2
711927108,42,F,3,High School,Married,Ny,91750,No,Yes,Yes,Cellular,Selfemployeed,9535,2
711929058,43,F,3,Graduate,Married,Ny,91750,No,No,No,Unknown,Retirees,22689,2
711934308,35,F,3,Graduate,Single,Ny,91750,Yes,No,No,Cellular,Blue-Collar,36511,3
711935283,51,F,3,Unknown,Single,Ca,91750,No,No,No,Cellular,Blue-Collar,13841,3
711937158,47,M,5,High School,Married,Fl,91750,No,No,No,Cellular,Blue-Collar,80398,2
711939558,52,F,3,Uneducated,Single,Ny,91750,Yes,Yes,No,Cellular,Retirees,30412,2
711942783,52,F,2,Graduate,Married,Tx,91750,No,No,No,Cellular,Govt,48695,2
711944733,48,M,2,Unknown,Unknown,Mi,91750,No,No,No,Unknown,Govt,98817,2
711947358,49,M,4,Unknown,Married,Ny,91750,No,Yes,Yes,Cellular,White-Collar,107082,2
711948333,39,F,4,Graduate,Married,Ca,91750,No,No,Yes,Cellular,Selfemployeed,8250,3
711949683,36,F,4,High School,Married,Ca,91750,No,No,No,Cellular,Retirees,17711,2
711953358,48,M,4,Graduate,Married,Tx,91750,No,No,No,Cellular,White-Collar,70588,2
711954558,53,F,1,Graduate,Single,Ca,91750,No,No,No,Cellular,Blue-Collar,12066,2
711957708,52,F,3,Graduate,Married,Tx,91750,No,No,No,Cellular,Govt,20977,2
711963183,52,M,3,Graduate,Married,Ca,91750,No,No,No,Unknown,White-Collar,105229,3
711964533,53,F,2,Graduate,Married,Fl,91750,Yes,No,Yes,Cellular,Blue-Collar,52024,2
711967158,41,F,3,Graduate,Single,Ca,91750,No,Yes,No,Cellular,Businessman,59112,3
711968358,51,F,2,High School,Single,Ny,91750,No,No,No,Cellular,Businessman,51925,3
711970533,53,F,3,High School,Single,Ny,91750,No,No,No,Cellular,Retirees,59174,3
711977508,56,F,3,Post-Graduate,Single,Ca,91750,Yes,No,No,Cellular,White-Collar,22351,2
711978858,41,M,5,Graduate,Married,Tx,91750,No,No,No,Cellular,Govt,61657,2
711982383,55,M,2,Uneducated,Single,Tx,91750,Yes,Yes,No,Telephone,Businessman,74464,3
711984633,36,M,2,High School,Single,Ny,91750,Yes,No,No,Cellular,Retirees,59362,2
711985833,44,F,2,Uneducated,Single,Tx,91750,No,Yes,No,Cellular,Selfemployeed,8250,3
711989358,48,M,3,Graduate,Married,Fl,91750,No,Yes,Yes,Cellular,Blue-Collar,42559,3
711990933,36,F,2,Post-Graduate,Married,Ny,91750,No,Yes,Yes,Cellular,Retirees,36086,2
711992133,58,M,2,High School,Single,Tx,91750,No,Yes,Yes,Cellular,Blue-Collar,78857,2
711993258,41,M,3,Graduate,Single,Ca,91750,No,No,No,Cellular,Selfemployeed,54885,2
711994458,42,F,4,Graduate,Single,Ca,91750,Yes,Yes,No,Cellular,Retirees,54620,2
711999783,52,F,2,Graduate,Unknown,Fl,91750,Yes,Yes,No,Unknown,Blue-Collar,13330,2
712000758,48,F,3,Graduate,Married,Tx,91750,Yes,No,No,Cellular,Blue-Collar,47176,2
712003083,49,F,4,Graduate,Married,Tx,91750,No,No,No,Cellular,Selfemployeed,14975,3
712004208,40,F,2,Graduate,Single,Fl,91750,No,No,No,Unknown,Retirees,19505,3
712005108,49,F,2,Post-Graduate,Married,Tx,91750,Yes,No,No,Unknown,Selfemployeed,12773,2
712006308,53,F,2,Uneducated,Married,Ny,91750,Yes,No,No,Cellular,Blue-Collar,10517,2
712009083,53,M,1,Graduate,Married,Ca,91750,No,Yes,Yes,Cellular,Govt,117599,2
712010358,50,M,3,Post-Graduate,Single,Nj,91750,No,No,No,Cellular,White-Collar,105018,3
712011633,40,F,3,High School,Single,Tx,91750,Yes,No,No,Cellular,White-Collar,39913,2
712012758,45,F,4,Unknown,Single,Ca,91750,No,Yes,No,Telephone,Selfemployeed,53293,2
712013808,48,F,3,Graduate,Married,Ca,91750,No,No,No,Cellular,Businessman,53332,2
712014708,45,M,4,Graduate,Married,Ca,91750,No,No,No,Cellular,Selfemployeed,66582,2
712018233,51,M,2,High School,Married,Fl,91750,No,Yes,No,Cellular,Blue-Collar,74592,2
712019883,62,F,0,High School,Unknown,Tx,91750,No,No,No,Unknown,Retirees,36473,3
712021233,47,M,3,Uneducated,Single,Tx,91750,No,Yes,No,Cellular,White-Collar,118797,2
712022883,47,M,2,Post-Graduate,Single,Tx,91750,Yes,No,No,Cellular,Retirees,68534,2
712024908,51,F,1,High School,Married,Nj,91750,No,No,No,Cellular,Selfemployeed,14085,2
712025958,53,M,3,Graduate,Married,Nj,91750,No,No,No,Telephone,Businessman,180122,3
712027683,54,F,4,Graduate,Single,Ny,91750,Yes,Yes,No,Cellular,Blue-Collar,12104,2
712029783,56,M,1,Uneducated,Married,Nj,91750,Yes,No,No,Cellular,Businessman,108202,2
712030833,59,F,0,Uneducated,Single,Ny,91750,No,Yes,No,Unknown,Selfemployeed,1250,2
712033833,53,M,3,Graduate,Married,Fl,91750,Yes,Yes,No,Cellular,Retirees,44756,3
712036383,44,F,2,Graduate,Married,Ny,91750,No,No,No,Cellular,White-Collar,119212,2
712037358,39,F,3,High School,Unknown,Ca,91750,No,No,No,Cellular,Selfemployeed,14975,2
712038258,64,F,1,Graduate,Single,Ny,91750,Yes,No,No,Cellular,Selfemployeed,29435,2
712040433,40,F,3,Graduate,Married,Fl,91750,No,No,No,Unknown,Selfemployeed,21500,3
712043433,37,M,3,Uneducated,Single,Ca,91750,No,Yes,No,Cellular,Blue-Collar,10115,2
712044558,52,M,3,Post-Graduate,Married,Fl,91750,Yes,Yes,No,Cellular,Businessman,100956,2
712046808,65,F,0,Graduate,Married,Ca,91750,Yes,No,No,Cellular,White-Collar,19998,3
712048008,45,F,3,Uneducated,Single,Tx,91750,No,Yes,No,Cellular,Blue-Collar,51059,3
712049208,51,F,2,Graduate,Single,Fl,91750,No,No,No,Cellular,Blue-Collar,10538,3
712050933,38,F,2,Graduate,Single,Ny,91750,Yes,Yes,Yes,Cellular,Selfemployeed,14975,3
712052058,49,F,2,Graduate,Single,Fl,91750,Yes,No,No,Cellular,White-Collar,53825,2
712053033,54,M,3,Graduate,Married,Fl,91750,Yes,Yes,No,Cellular,White-Collar,114539,2
712055433,45,F,2,Uneducated,Married,Tx,91750,No,No,No,Cellular,Businessman,152497,3
712058133,47,M,3,Unknown,Married,Tx,91750,Yes,Yes,Yes,Cellular,White-Collar,107419,2
712058958,50,M,3,Uneducated,Married,Tx,91750,No,No,Yes,Cellular,Selfemployeed,32063,2
712060158,41,F,2,High School,Single,Ca,91750,Yes,No,No,Cellular,Selfemployeed,28373,3
712064358,54,F,4,Graduate,Single,Fl,91750,No,No,No,Cellular,Selfemployeed,19889,2
712069008,42,F,4,Uneducated,Married,Ny,91750,No,No,No,Unknown,Selfemployeed,14975,2
712070208,59,M,1,High School,Married,Ca,91750,No,No,No,Cellular,White-Collar,51551,2
712071708,40,F,4,High School,Married,Ca,91750,Yes,Yes,No,Unknown,Selfemployeed,11832,3
712072908,47,F,3,Graduate,Married,Tx,91750,Yes,Yes,No,Cellular,Selfemployeed,12914,2
712075083,43,M,3,Unknown,Married,Tx,91750,Yes,Yes,No,Telephone,Govt,79911,2
712076358,38,F,2,Graduate,Single,Ca,91750,Yes,Yes,No,Cellular,Blue-Collar,38475,2
712080333,51,F,2,Unknown,Single,Fl,91750,No,No,Yes,Cellular,Businessman,232322,3
712084383,40,F,4,Graduate,Married,Ny,91750,Yes,Yes,No,Cellular,Govt,55104,3
712085733,53,F,3,High School,Married,Tx,91750,No,Yes,No,Cellular,White-Collar,37954,2
712089108,43,M,2,Post-Graduate,Married,Ny,91750,Yes,Yes,No,Cellular,Selfemployeed,71839,2
712091433,39,F,2,Graduate,Married,Ca,91750,Yes,Yes,No,Cellular,Govt,33771,3
712092783,27,F,1,Post-Graduate,Single,Ca,91750,No,No,No,Unknown,Govt,20382,3
712096758,47,M,4,High School,Married,Nj,91750,No,No,No,Telephone,Blue-Collar,65677,3
712098033,42,F,2,Doctorate,Unknown,Fl,91750,Yes,No,No,Cellular,Blue-Collar,86755,1
712102983,40,F,4,Post-Graduate,Single,Tx,91750,Yes,Yes,No,Cellular,Retirees,43228,1
712104333,50,F,1,Unknown,Married,Ca,90025,No,Yes,No,Unknown,Businessman,167207,3
712105533,28,F,1,High School,Married,Ca,91750,Yes,Yes,No,Unknown,Businessman,33425,3
712107783,42,F,4,Graduate,Married,Fl,91750,Yes,No,No,Unknown,Businessman,229018,2
712110333,56,F,2,Post-Graduate,Married,Ny,91750,No,Yes,No,Telephone,White-Collar,29883,1
712111608,48,M,4,Graduate,Unknown,Nj,91750,No,Yes,No,Cellular,Retirees,85461,2
712112733,33,F,1,Post-Graduate,Married,Ca,91750,No,No,No,Cellular,White-Collar,28999,1
712113558,46,M,3,Graduate,Single,Fl,91750,No,No,No,Cellular,Retirees,101090,2
712114458,42,F,3,Unknown,Married,Ca,91750,Yes,Yes,No,Cellular,Selfemployeed,45701,3
712115958,49,F,2,Uneducated,Married,Ca,91750,Yes,No,No,Cellular,White-Collar,38855,1
712117983,45,M,3,Unknown,Single,Tx,91750,Yes,No,No,Cellular,Govt,78352,1
712120608,59,F,1,Uneducated,Single,Ny,91750,Yes,Yes,Yes,Cellular,Selfemployeed,2565,2
712121508,57,M,2,Graduate,Married,Tx,91750,No,No,Yes,Unknown,Blue-Collar,95669,3
712123008,59,M,1,Graduate,Single,Fl,91750,No,No,No,Cellular,Businessman,172629,1
712125258,48,F,3,Post-Graduate,Married,Tx,91750,Yes,No,No,Cellular,Selfemployeed,1250,2
712128258,43,F,1,Graduate,Married,Ny,91750,No,Yes,Yes,Cellular,Businessman,225318,3
712129158,56,F,4,Graduate,Single,Tx,91750,No,Yes,No,Cellular,Govt,107568,1
712130058,43,F,2,Post-Graduate,Married,Ny,91750,No,Yes,Yes,Cellular,Blue-Collar,27063,1
712132383,57,M,3,High School,Single,Ny,91750,No,No,No,Cellular,Govt,91687,3
712133508,45,M,0,Graduate,Married,Ny,91750,Yes,No,No,Cellular,Govt,76073,1
712136058,47,F,3,Graduate,Married,Mo,91750,Yes,Yes,No,Cellular,Govt,31107,2
712137033,49,M,5,Graduate,Single,Ia,91750,No,No,No,Cellular,White-Collar,75473,2
712138008,25,M,1,Graduate,Single,Tx,91750,No,Yes,No,Cellular,Businessman,68957,2
712138983,58,F,1,Unknown,Single,Ca,91750,No,No,No,Cellular,Selfemployeed,14975,1
712141683,38,M,1,Uneducated,Married,Ca,91750,Yes,No,No,Unknown,White-Collar,37612,2
712142733,47,F,3,Graduate,Single,Tx,91750,Yes,No,No,Cellular,Blue-Collar,20390,2
712144158,40,F,3,Uneducated,Single,Fl,91750,No,Yes,No,Cellular,Businessman,22727,3
712146558,26,F,0,Unknown,Single,Ny,91750,Yes,Yes,No,Cellular,Selfemployeed,35624,1
712149033,47,F,4,Graduate,Single,Fl,91750,Yes,Yes,No,Cellular,Blue-Collar,16667,3
712152408,42,M,4,Uneducated,Married,Tx,91750,Yes,No,No,Cellular,White-Collar,119658,2
712154883,52,M,3,Graduate,Single,Ny,91750,No,No,No,Cellular,Govt,79742,1
712157958,56,F,0,Doctorate,Single,Ny,91750,No,Yes,No,Cellular,Govt,83012,3
712159083,49,F,2,Post-Graduate,Single,Ca,91750,Yes,Yes,Yes,Cellular,Selfemployeed,2565,2
712160058,48,F,4,Graduate,Married,Ca,91750,No,No,No,Cellular,Retirees,22484,2
712161858,40,F,2,Graduate,Single,Tx,91750,No,Yes,No,Cellular,Selfemployeed,24108,3
712163433,39,F,1,Graduate,Married,Ca,91750,No,No,No,Cellular,Businessman,22727,1
712164333,41,F,3,High School,Married,Tx,91750,Yes,No,Yes,Cellular,Selfemployeed,15309,3
712165308,43,M,3,Uneducated,Single,Tx,91750,No,Yes,No,Cellular,Selfemployeed,55400,3
712166583,36,F,3,Graduate,Married,Ny,91750,No,Yes,No,Cellular,White-Collar,37951,1
712168833,48,F,2,Unknown,Married,Ca,91750,Yes,No,No,Unknown,Blue-Collar,13803,1
712169883,52,F,0,Graduate,Married,Fl,91750,Yes,No,No,Telephone,Blue-Collar,52984,1
712171158,37,M,3,Uneducated,Married,Fl,91750,No,Yes,No,Cellular,Blue-Collar,88837,3
712173108,57,F,4,Post-Graduate,Single,Ca,91750,No,Yes,Yes,Cellular,Selfemployeed,54386,1
712176708,63,F,0,High School,Single,Ny,91750,Yes,No,No,Cellular,Selfemployeed,70711,3
712177908,53,F,4,Graduate,Married,Fl,91750,No,No,No,Cellular,White-Collar,57146,3
712178883,51,F,2,Unknown,Married,Fl,91750,Yes,No,No,Cellular,Retirees,39165,2
712180308,52,F,0,High School,Married,Nj,91750,No,Yes,No,Unknown,Businessman,183827,3
712181658,52,M,3,Graduate,Single,Ny,91750,No,No,Yes,Cellular,Retirees,88699,3
712184133,52,M,2,Uneducated,Single,Ny,91750,Yes,No,No,Unknown,Businessman,92738,2
712187808,47,F,3,Uneducated,Single,Fl,91750,Yes,Yes,No,Cellular,Selfemployeed,16520,3
712189233,49,F,3,Graduate,Married,Tx,91750,No,Yes,No,Cellular,Businessman,34722,2
712190358,41,M,3,Graduate,Single,Fl,91750,Yes,Yes,No,Cellular,Govt,95521,2
712191783,48,M,4,Uneducated,Married,Il,91750,Yes,Yes,No,Cellular,Selfemployeed,107927,3
712195383,43,F,2,Graduate,Married,Ca,90250,No,Yes,No,Telephone,Businessman,190012,3
712196508,62,F,0,Graduate,Married,Mi,91750,No,Yes,No,Cellular,Selfemployeed,5525,1
712198983,42,F,4,High School,Married,Tx,91750,No,Yes,No,Unknown,Selfemployeed,35287,2
712200033,37,M,3,Uneducated,Single,Ia,91750,Yes,Yes,No,Telephone,Blue-Collar,88602,1
712202433,60,F,0,High School,Single,Ca,91750,Yes,No,No,Cellular,Retirees,40366,2
712203333,41,M,5,Graduate,Single,Ny,91750,Yes,No,No,Cellular,Businessman,74295,2
712204308,50,F,2,Unknown,Married,Fl,91750,No,No,No,Cellular,Selfemployeed,33254,3
712206033,39,F,2,Unknown,Married,Tx,91750,Yes,Yes,No,Cellular,Businessman,228681,2
712206858,26,F,1,Unknown,Single,Ca,91750,No,No,No,Unknown,Govt,34685,1
712207683,48,F,2,Graduate,Single,Ca,91750,No,No,No,Cellular,Selfemployeed,14975,3
712208658,34,M,3,High School,Single,Ny,91750,Yes,Yes,No,Cellular,Businessman,111320,1
712210458,51,F,2,Unknown,Married,Ny,91750,Yes,No,No,Cellular,Businessman,235876,1
712214283,36,M,2,Graduate,Single,Ca,91750,No,No,No,Cellular,Govt,79820,3
712215258,60,F,0,Uneducated,Single,Ny,91750,Yes,Yes,No,Cellular,Selfemployeed,11468,1
712216533,44,F,5,Graduate,Single,Ca,91750,Yes,No,No,Unknown,Selfemployeed,14975,2
712219083,53,M,3,High School,Married,Fl,91750,No,Yes,Yes,Unknown,Blue-Collar,108843,3
712220283,42,F,3,Graduate,Single,Fl,91750,Yes,Yes,No,Cellular,Retirees,53870,2
712221408,43,M,1,Graduate,Single,Tx,91750,No,Yes,Yes,Cellular,White-Collar,77405,1
712222758,44,F,1,Graduate,Single,Ca,91750,Yes,Yes,No,Unknown,Govt,28606,1
712225008,26,F,0,Graduate,Single,Fl,91750,No,No,No,Cellular,Selfemployeed,47217,2
712228458,39,M,5,Uneducated,Married,Fl,91750,Yes,No,No,Cellular,Selfemployeed,56926,3
712229283,53,F,1,Graduate,Single,Tx,91750,No,Yes,No,Cellular,Selfemployeed,25200,2
712230408,59,F,2,Uneducated,Single,Ca,91750,No,No,No,Cellular,Govt,40712,2
712231308,55,M,4,Graduate,Single,Nj,91750,Yes,Yes,Yes,Unknown,White-Collar,145249,3
712233183,57,F,0,Uneducated,Married,Ny,91750,Yes,Yes,No,Unknown,Govt,35711,3
712234308,42,M,2,Graduate,Single,Tx,91750,Yes,Yes,No,Cellular,Govt,77429,3
712235433,57,F,3,High School,Single,Mi,91750,No,Yes,No,Cellular,Govt,25699,3
712236483,48,M,5,Unknown,Unknown,Tx,91750,Yes,Yes,Yes,Telephone,White-Collar,64838,3
712237458,49,M,4,Graduate,Single,Fl,91750,Yes,Yes,Yes,Unknown,Businessman,41552,3
712238958,53,F,1,Graduate,Single,Nj,91750,No,No,No,Telephone,Businessman,217807,1
712240083,49,F,2,Uneducated,Single,Tx,91750,No,No,No,Cellular,Selfemployeed,2565,2
712241433,39,F,3,Uneducated,Single,Fl,91750,No,Yes,No,Cellular,Retirees,55116,3
712242633,41,M,2,Uneducated,Married,Tx,91750,Yes,Yes,No,Cellular,Selfemployeed,45049,3
712244733,53,F,4,Graduate,Single,Ca,91750,No,No,No,Cellular,White-Collar,61087,2
712246983,53,M,3,Graduate,Married,Ny,91750,Yes,No,No,Cellular,Businessman,210534,2
712253058,34,M,0,Graduate,Married,Nj,91750,Yes,No,No,Cellular,Businessman,52924,3
712255458,49,F,4,Graduate,Married,Tx,91750,Yes,Yes,Yes,Cellular,White-Collar,33256,1
712256358,49,F,3,Graduate,Married,Tx,91750,No,Yes,No,Unknown,White-Collar,136787,2
712257258,45,F,2,Graduate,Married,Ny,91750,Yes,No,Yes,Cellular,Selfemployeed,14183,3
712258308,52,F,3,Graduate,Married,Ny,91750,No,No,No,Cellular,Retirees,60126,3
712260633,45,M,3,Graduate,Single,Ca,90250,No,No,No,Cellular,White-Collar,135833,1
712263258,61,F,0,Graduate,Married,Nj,91750,No,Yes,No,Cellular,Blue-Collar,36780,3
712265508,53,F,2,Graduate,Single,Nj,91750,Yes,Yes,No,Cellular,White-Collar,113787,3
712266633,51,M,1,High School,Unknown,Ny,91750,Yes,No,No,Cellular,Govt,116947,3
712267983,62,F,1,High School,Married,Tx,91750,No,No,No,Cellular,Selfemployeed,28257,3
712268808,52,F,3,Unknown,Single,Tx,91750,No,Yes,No,Cellular,Businessman,116723,3
712270158,50,M,4,High School,Married,Tx,91750,Yes,No,No,Cellular,Blue-Collar,10046,3
712271958,33,M,4,Graduate,Single,Ny,91750,Yes,No,No,Cellular,White-Collar,40195,3
712275108,63,F,1,Graduate,Married,Fl,91750,No,Yes,Yes,Unknown,Businessman,19125,3
712278108,39,M,2,Graduate,Married,Tx,91750,Yes,No,No,Cellular,Retirees,79681,3
712279683,36,F,3,Graduate,Married,Ca,91750,No,Yes,No,Cellular,Selfemployeed,32038,1
712281183,43,F,4,Unknown,Single,Tx,91750,Yes,No,No,Cellular,Blue-Collar,13782,2
712283808,42,F,2,Uneducated,Married,Ny,91750,No,No,No,Unknown,White-Collar,19263,1
712285908,49,M,2,Uneducated,Married,Ny,91750,No,No,Yes,Unknown,Businessman,96512,2
712287333,38,M,2,Unknown,Married,Fl,91750,No,Yes,No,Cellular,Retirees,48702,1
712288158,39,F,1,Graduate,Unknown,Tx,91750,Yes,No,Yes,Cellular,Selfemployeed,33110,2
712290258,65,F,0,Graduate,Married,Ny,91750,No,No,No,Cellular,Selfemployeed,48910,2
712291308,50,F,4,Graduate,Single,Ny,91750,No,Yes,No,Unknown,Govt,17106,3
712292133,32,F,0,Unknown,Married,Ca,91750,No,Yes,No,Cellular,Blue-Collar,21584,3
712294083,51,F,2,Graduate,Single,Tx,91750,Yes,Yes,No,Cellular,Govt,26236,1
712294983,36,M,3,High School,Married,Nj,91750,No,No,No,Cellular,Govt,65269,3
712296408,57,F,4,Uneducated,Married,Ny,91750,No,Yes,No,Unknown,Businessman,221274,2
712297683,59,F,1,Graduate,Married,Fl,91750,Yes,Yes,No,Cellular,Blue-Collar,23327,3
712298883,65,F,1,Graduate,Married,Ny,91750,Yes,No,No,Unknown,Govt,34097,3
712299858,40,F,1,High School,Single,Tx,91750,Yes,No,No,Unknown,Blue-Collar,12518,2
712300683,48,M,4,Graduate,Married,Ca,91750,Yes,No,No,Cellular,Businessman,84452,1
712302783,37,F,2,High School,Single,Ca,91750,Yes,No,No,Cellular,Blue-Collar,61907,3
712303908,63,M,1,Graduate,Single,Ca,91750,Yes,No,No,Cellular,Selfemployeed,37057,1
712305333,59,M,0,High School,Single,Ny,91750,No,Yes,No,Cellular,Businessman,49165,2
712307283,44,F,2,Graduate,Single,Va,91750,Yes,No,Yes,Cellular,Selfemployeed,24015,3
712309758,55,F,4,Graduate,Married,Ny,91750,Yes,Yes,No,Cellular,Retirees,58786,2
712311258,40,M,3,Graduate,Married,Fl,91750,No,No,No,Unknown,Retirees,72019,1
712312908,43,M,2,Unknown,Single,Fl,91750,No,No,No,Cellular,Selfemployeed,44515,1
712315683,46,F,3,Graduate,Unknown,Ca,91750,Yes,No,No,Cellular,Selfemployeed,5225,3
712319058,33,F,4,Graduate,Married,Nj,91750,Yes,No,No,Cellular,White-Collar,28114,3
712319958,65,F,0,High School,Married,Fl,91750,Yes,Yes,No,Cellular,Selfemployeed,43661,3
712322058,45,F,2,Uneducated,Married,Ny,91750,Yes,Yes,Yes,Cellular,White-Collar,37270,2
712323183,28,M,0,High School,Married,Nj,91750,No,No,No,Cellular,Blue-Collar,41267,3
712325433,61,M,1,Uneducated,Married,Fl,91750,No,Yes,No,Cellular,Businessman,51228,1
712326708,43,M,3,Graduate,Unknown,Ny,91750,No,Yes,Yes,Cellular,White-Collar,62556,1
712327608,53,F,2,Graduate,Married,Ny,91750,No,No,No,Cellular,Retirees,25654,3
712329933,60,M,0,Graduate,Married,Ak,99504,Yes,Yes,No,Cellular,Retirees,19883,2
712332183,41,M,1,Graduate,Married,Tx,91750,Yes,No,No,Cellular,White-Collar,45491,1
712335858,51,M,2,Post-Graduate,Unknown,Fl,91750,No,No,No,Cellular,Selfemployeed,82235,2
712337208,50,M,4,High School,Married,Tx,91750,No,Yes,No,Unknown,White-Collar,135983,1
712338033,48,F,4,Graduate,Single,Fl,91750,Yes,Yes,No,Cellular,Selfemployeed,14975,2
712340733,42,F,3,Unknown,Single,Tx,91750,Yes,No,No,Cellular,Blue-Collar,15828,3
712341933,57,F,2,Unknown,Single,Fl,91750,Yes,Yes,Yes,Unknown,White-Collar,133164,3
712342833,47,M,2,Graduate,Married,Tx,91750,No,Yes,No,Cellular,Selfemployeed,48548,1
712347258,38,M,1,Unknown,Single,Fl,91750,No,No,No,Cellular,Blue-Collar,61421,1
712349808,49,F,3,High School,Married,Fl,91750,No,Yes,No,Cellular,Selfemployeed,52632,1
712350858,32,F,0,Unknown,Single,Fl,91750,No,No,No,Unknown,Selfemployeed,11546,1
712351908,37,M,3,Uneducated,Married,Ca,91750,No,Yes,No,Cellular,Businessman,110182,3
712361583,34,F,4,Graduate,Single,Ny,91750,Yes,Yes,No,Unknown,Selfemployeed,41613,3
712363158,48,M,3,Doctorate,Single,Fl,91750,Yes,Yes,Yes,Unknown,Businessman,181991,2
712364283,42,F,2,Uneducated,Married,Ny,91750,Yes,Yes,No,Telephone,Selfemployeed,46178,2
712365483,61,F,0,High School,Single,Fl,91750,No,No,No,Cellular,Govt,40464,2
712367658,53,M,2,High School,Married,Mi,91750,Yes,No,No,Unknown,White-Collar,144245,2
712369308,55,F,1,Unknown,Married,Ca,91750,No,Yes,No,Unknown,White-Collar,19408,1
712370208,44,F,4,Graduate,Married,Va,91750,No,Yes,No,Unknown,Selfemployeed,12627,3
712372158,32,F,0,High School,Married,Tx,91750,No,Yes,No,Cellular,Govt,17226,2
712373208,52,F,3,High School,Married,Ca,91750,No,No,No,Unknown,Selfemployeed,1250,1
712374708,37,M,1,Uneducated,Married,Tx,91750,Yes,Yes,No,Cellular,White-Collar,150611,2
712375758,58,F,2,High School,Single,Fl,91750,Yes,No,No,Telephone,Blue-Collar,14573,3
712378983,39,M,4,Graduate,Married,Ca,91750,No,Yes,No,Unknown,Businessman,30491,3
712381683,43,M,2,High School,Unknown,Tx,91750,Yes,No,No,Cellular,Businessman,112762,2
712389108,47,F,4,Uneducated,Married,Ca,91750,No,No,No,Telephone,Govt,48969,3
712390683,54,F,2,Graduate,Single,Ny,91750,No,Yes,Yes,Cellular,Businessman,218011,3
712392108,26,F,0,Uneducated,Single,Fl,91750,No,Yes,No,Cellular,Selfemployeed,14326,1
712394283,40,M,3,Graduate,Married,Fl,91750,Yes,No,No,Cellular,Govt,93533,3
712395408,65,F,0,Graduate,Single,Fl,91750,No,Yes,No,Cellular,Businessman,29542,1
712396908,37,F,3,Graduate,Unknown,Ny,91750,No,Yes,No,Cellular,Selfemployeed,14975,2
712399308,44,F,2,Graduate,Single,Fl,91750,Yes,Yes,No,Cellular,Selfemployeed,22428,3
712401033,49,F,1,Graduate,Married,Ny,91750,No,Yes,Yes,Cellular,Selfemployeed,23194,1
712403358,42,F,3,High School,Married,Fl,91750,No,Yes,Yes,Cellular,Selfemployeed,57099,3
712404483,44,M,4,Uneducated,Married,Tx,91750,Yes,No,No,Cellular,Businessman,95433,3
712405908,56,M,2,Uneducated,Single,Wa,53010,Yes,Yes,Yes,Cellular,White-Collar,107691,3
712407033,38,M,1,High School,Single,Ia,91750,Yes,Yes,No,Cellular,Businessman,52567,2
712407783,44,M,3,Graduate,Married,Tx,91750,No,Yes,Yes,Cellular,Govt,63157,3
712410858,31,M,0,Uneducated,Married,Ny,91750,No,Yes,No,Cellular,Govt,51595,3
712411908,47,F,3,Unknown,Married,Ny,91750,No,Yes,No,Cellular,Selfemployeed,49487,3
712412958,46,F,3,Uneducated,Single,Ca,90025,Yes,No,No,Cellular,Businessman,176845,3
712414908,43,M,2,Graduate,Married,Ca,91750,Yes,Yes,No,Cellular,Retirees,89170,2
712419708,46,F,4,Graduate,Married,Fl,91750,No,No,No,Unknown,White-Collar,23300,3
712420833,43,F,2,Unknown,Single,Fl,91750,No,No,No,Cellular,Selfemployeed,14975,2
712423233,47,F,4,Uneducated,Married,Ca,91750,Yes,No,No,Cellular,Businessman,41512,2
712425258,46,F,4,Uneducated,Unknown,Tx,91750,No,Yes,No,Telephone,Businessman,55645,3
712428333,38,F,2,High School,Married,Ny,91750,Yes,No,Yes,Cellular,Blue-Collar,48459,1
712429458,34,F,0,Graduate,Married,Ca,91750,No,No,No,Cellular,Blue-Collar,48858,2
712431183,43,M,2,Uneducated,Married,Mi,91750,Yes,Yes,No,Cellular,Businessman,97210,3
712433508,50,F,3,Uneducated,Married,Ny,91750,No,No,Yes,Unknown,Selfemployeed,1250,3
712434708,40,F,4,Uneducated,Married,Tx,91750,Yes,No,No,Cellular,Govt,31452,2
712437108,61,M,0,Graduate,Married,Ca,91750,No,No,No,Telephone,Retirees,83687,3
712438308,38,M,3,Graduate,Single,Fl,91750,No,Yes,No,Telephone,Businessman,236211,3
712440483,53,F,3,Graduate,Married,Tx,91750,No,No,No,Telephone,Selfemployeed,8250,3
712441308,53,M,2,Unknown,Married,Ny,91750,Yes,Yes,No,Cellular,White-Collar,119148,3
712442508,55,F,2,Graduate,Married,Fl,91750,No,No,No,Unknown,Blue-Collar,37676,1
712443558,45,F,2,Graduate,Married,Ny,91750,No,No,No,Cellular,Retirees,19822,2
712444533,58,F,1,Doctorate,Single,Ny,91750,Yes,Yes,No,Cellular,Selfemployeed,44264,1
712445583,46,F,4,High School,Single,Tx,91750,No,Yes,No,Unknown,Selfemployeed,25668,3
712446783,50,F,2,Doctorate,Single,Tx,91750,No,No,No,Cellular,Govt,26749,3
712447758,39,M,2,Graduate,Married,Fl,91750,Yes,Yes,No,Cellular,Govt,109802,1
712448658,32,F,0,Unknown,Married,Fl,91750,Yes,Yes,Yes,Telephone,Selfemployeed,24810,1
712450008,46,F,2,Post-Graduate,Married,Fl,91750,No,No,Yes,Cellular,Blue-Collar,27471,3
712452033,43,F,2,Uneducated,Unknown,Tx,91750,Yes,Yes,No,Cellular,Selfemployeed,23812,3
712453308,50,M,2,Graduate,Married,Ny,91750,No,No,No,Cellular,Govt,107426,3
712454058,36,F,3,Graduate,Single,Ny,91750,No,No,No,Unknown,Selfemployeed,6550,3
712454958,47,F,1,High School,Single,Fl,91750,No,No,No,Cellular,Selfemployeed,14975,1
712457208,38,M,2,Unknown,Married,Ny,91750,No,No,No,Cellular,Businessman,111135,2
712459233,50,F,0,Graduate,Married,Ny,91750,Yes,Yes,No,Cellular,White-Collar,19231,3
712460433,55,F,3,High School,Single,Ny,91750,Yes,Yes,No,Cellular,White-Collar,50607,3
712463883,46,F,4,High School,Single,Nj,91750,Yes,Yes,Yes,Cellular,Selfemployeed,36533,3
712464933,44,F,3,High School,Single,Tx,91750,Yes,No,Yes,Telephone,Businessman,206224,3
712470033,44,F,2,Graduate,Single,Ca,91750,No,No,No,Unknown,Businessman,33846,3
712475733,43,F,1,Uneducated,Married,Fl,91750,Yes,Yes,No,Unknown,White-Collar,17012,3
712479633,37,F,4,Graduate,Married,Fl,91750,No,No,No,Unknown,Govt,27294,1
712481733,33,F,3,Post-Graduate,Married,Ca,91750,No,No,No,Cellular,Blue-Collar,49698,3
712484733,46,M,2,High School,Married,Fl,91750,Yes,No,Yes,Cellular,Businessman,73704,3
712487883,45,M,3,Unknown,Married,Ny,91750,Yes,No,No,Cellular,White-Collar,117845,3
712489158,55,F,2,Unknown,Single,Tx,91750,No,No,No,Unknown,Businessman,32450,1
712490283,46,F,1,High School,Married,Ny,91750,Yes,No,No,Cellular,Govt,21418,3
712491108,44,F,3,Unknown,Married,Tx,91750,No,Yes,No,Cellular,Govt,30527,3
712493058,44,M,2,Graduate,Married,Tx,91750,No,Yes,No,Cellular,Businessman,66807,1
712494108,49,F,2,Uneducated,Single,Fl,91750,Yes,No,Yes,Cellular,Selfemployeed,17490,2
712495233,37,F,2,High School,Married,Ca,91750,Yes,No,No,Cellular,Govt,26952,1
712497783,50,F,2,High School,Married,Ny,91750,Yes,Yes,Yes,Cellular,Businessman,184214,3
712500933,44,F,1,High School,Married,Tx,91750,Yes,Yes,No,Cellular,White-Collar,34127,1
712503408,36,F,3,Graduate,Married,Il,91750,Yes,No,No,Cellular,Businessman,238789,2
712505658,39,F,1,High School,Single,Ny,91750,Yes,No,No,Cellular,Businessman,15397,3
712506708,45,F,2,Graduate,Unknown,Ny,91750,No,No,No,Cellular,Selfemployeed,35322,1
712507758,48,M,3,Graduate,Single,Ca,91750,No,No,No,Cellular,Businessman,99638,3
712509108,48,M,4,Doctorate,Single,Wa,53012,No,Yes,No,Cellular,Govt,113579,2
712510833,50,F,3,Doctorate,Single,Ca,91750,Yes,Yes,No,Cellular,Govt,50825,3
712513458,55,F,2,Graduate,Married,Fl,91750,Yes,No,Yes,Unknown,Govt,35093,3
712514508,49,F,2,Graduate,Married,Tx,91750,No,Yes,Yes,Unknown,Blue-Collar,34589,3
712515558,32,F,3,High School,Married,Mi,91750,No,No,No,Cellular,Businessman,32829,1
712516608,44,F,3,High School,Married,Ca,90250,No,Yes,No,Cellular,Businessman,186296,2
712517808,40,F,5,Unknown,Single,Tx,91750,No,No,No,Cellular,Businessman,186470,1
712521783,33,F,2,Graduate,Single,Ny,91750,No,Yes,No,Cellular,White-Collar,40920,1
712523283,28,F,0,Graduate,Married,Tx,91750,No,No,No,Cellular,Selfemployeed,6550,1
712524858,39,M,1,Unknown,Single,Fl,91750,Yes,Yes,No,Cellular,Selfemployeed,57468,3
712531008,59,F,0,Graduate,Married,Fl,91750,No,Yes,No,Cellular,Retirees,28748,3
712532058,48,F,3,Graduate,Married,Ny,91750,No,No,No,Cellular,Businessman,215468,3
712533708,44,M,2,Graduate,Married,Ca,91750,No,Yes,No,Cellular,Businessman,84249,1
712542258,42,M,4,Unknown,Married,Ny,91750,Yes,Yes,Yes,Cellular,Businessman,76429,3
712544358,47,F,3,Graduate,Unknown,Ca,90670,Yes,Yes,Yes,Unknown,Businessman,216876,1
712545183,28,M,0,Graduate,Married,Ca,91750,Yes,No,No,Unknown,Govt,36452,3
712546233,52,M,1,Unknown,Single,Tx,91750,Yes,No,No,Cellular,Businessman,49232,2
712549758,46,M,3,Graduate,Married,Tx,91750,Yes,No,No,Cellular,Selfemployeed,41441,3
712551258,48,F,5,Unknown,Single,Tx,91750,No,No,No,Unknown,Selfemployeed,2565,3
712552608,54,F,2,Doctorate,Married,Ny,91750,Yes,No,No,Unknown,Retirees,31238,3
712554183,39,F,1,Unknown,Married,Tx,91750,No,No,No,Cellular,Businessman,49456,3
712555233,47,F,3,Uneducated,Single,Ca,91750,No,Yes,No,Telephone,Retirees,20348,1
712556433,58,F,1,Graduate,Single,Ny,91750,Yes,Yes,No,Cellular,Businessman,215176,3
712557708,50,F,2,Graduate,Married,Tx,91750,No,No,No,Cellular,Blue-Collar,24646,1
712559058,50,M,3,Graduate,Married,Tx,91750,Yes,Yes,No,Cellular,Govt,77314,2
712560558,61,M,0,High School,Single,Ny,91750,No,Yes,No,Cellular,Selfemployeed,73199,3
712562433,31,F,0,Uneducated,Single,Fl,91750,No,Yes,No,Cellular,Businessman,25535,3
712563408,43,F,3,Uneducated,Single,Ny,91750,No,Yes,No,Cellular,White-Collar,25036,1
712566258,56,M,1,Graduate,Married,Ny,91750,No,No,No,Telephone,Retirees,64824,2
712567083,48,M,4,Graduate,Married,Fl,91750,Yes,Yes,No,Cellular,Selfemployeed,88921,1
712568358,39,F,2,High School,Single,Ny,91750,No,Yes,No,Unknown,Blue-Collar,34816,2
712569408,53,M,1,Graduate,Single,Tx,91750,No,Yes,No,Unknown,Selfemployeed,85919,1
712570458,39,M,4,Graduate,Married,Tx,91750,No,Yes,No,Cellular,White-Collar,108791,3
712571883,44,M,4,Unknown,Married,Ny,91750,No,No,No,Cellular,Retirees,73815,2
712572858,50,F,1,Post-Graduate,Single,Tx,91750,Yes,No,No,Cellular,Businessman,43193,3
712574583,37,M,2,Graduate,Single,Fl,91750,No,Yes,No,Cellular,Blue-Collar,95446,3
712575708,50,M,3,Uneducated,Married,Ny,91750,No,No,No,Cellular,White-Collar,63330,3
712576908,50,F,2,Doctorate,Single,Fl,91750,No,Yes,No,Cellular,Businessman,16419,2
712578933,41,F,3,Graduate,Married,Fl,91750,No,Yes,Yes,Cellular,Govt,28606,1
712579983,55,F,2,Post-Graduate,Married,Nj,91750,No,Yes,Yes,Cellular,Govt,24383,3
712580958,42,M,4,Graduate,Single,Fl,91750,Yes,No,No,Cellular,Retirees,103449,3
712582983,43,M,1,High School,Married,Ny,91750,No,No,No,Unknown,Blue-Collar,75751,1
712586583,37,F,0,Doctorate,Single,Tx,91750,Yes,No,No,Cellular,Blue-Collar,22567,1
712589658,45,F,3,Graduate,Single,Fl,91750,No,No,No,Cellular,White-Collar,15964,2
712591983,49,F,2,High School,Married,Ny,91750,No,No,No,Cellular,Govt,50345,3
712593933,65,M,0,High School,Married,Ca,91750,Yes,Yes,No,Cellular,Selfemployeed,24181,3
712595433,44,F,4,Unknown,Married,Fl,91750,Yes,No,No,Cellular,Govt,16147,3
712597233,40,F,2,Graduate,Single,Tx,91750,No,Yes,No,Cellular,Selfemployeed,14975,3
712599783,46,M,2,Graduate,Married,Ny,91750,No,No,No,Cellular,White-Collar,77474,3
712602708,54,F,1,Graduate,Married,Fl,91750,No,Yes,No,Cellular,Retirees,20566,2
712604133,39,F,3,Graduate,Single,Ny,91750,No,No,No,Cellular,Selfemployeed,14975,3
712606158,32,M,2,Graduate,Married,Ny,91750,No,No,No,Telephone,Blue-Collar,40338,1
712607583,47,F,2,Graduate,Married,Fl,91750,Yes,Yes,No,Cellular,White-Collar,26557,2
712608783,47,F,4,Graduate,Married,Tx,91750,No,Yes,No,Cellular,Selfemployeed,14975,3
712609533,53,M,1,Unknown,Married,Ca,90250,No,Yes,No,Unknown,White-Collar,131393,3
712611108,48,F,4,Uneducated,Married,Ny,91750,No,Yes,No,Unknown,Govt,24797,1
712612233,43,F,2,Graduate,Married,Tx,91750,Yes,Yes,No,Unknown,Blue-Collar,21084,2
712613808,37,M,2,Uneducated,Unknown,Ca,91750,No,No,No,Cellular,Businessman,56376,2
712615008,46,F,3,Unknown,Married,Mn,91750,Yes,No,No,Cellular,Businessman,37623,3
712617408,60,F,0,Graduate,Married,Ny,91750,No,Yes,No,Unknown,Selfemployeed,29847,2
712619808,40,M,2,High School,Single,Ny,91750,Yes,Yes,No,Cellular,Govt,55745,2
712620858,53,M,4,Uneducated,Single,Ny,91750,Yes,No,No,Cellular,Businessman,69105,2
712623258,42,F,2,High School,Married,Tx,91750,Yes,No,No,Unknown,White-Collar,24583,1
712624383,47,M,4,High School,Married,Fl,91750,Yes,Yes,No,Cellular,Blue-Collar,106926,3
712627083,54,M,2,Graduate,Single,Fl,91750,Yes,Yes,Yes,Cellular,White-Collar,119148,2
712630608,43,M,3,Graduate,Married,Ny,91750,No,No,No,Cellular,Selfemployeed,62079,3
712634133,49,F,2,High School,Married,Fl,91750,Yes,No,No,Cellular,Blue-Collar,13356,2
712636308,56,F,2,Uneducated,Single,Fl,91750,Yes,No,No,Cellular,Selfemployeed,14975,2
712637283,62,M,0,Graduate,Single,Ny,91750,Yes,No,No,Cellular,Govt,95374,3
712640583,58,M,1,Graduate,Single,Ca,91750,No,No,No,Cellular,Govt,86951,2
712642533,48,F,3,High School,Single,Ca,91711,No,No,Yes,Unknown,Retirees,42226,1
712643358,48,F,2,High School,Married,Ny,91750,Yes,No,Yes,Cellular,Blue-Collar,12087,1
712644483,43,F,3,Graduate,Married,Fl,91750,Yes,No,No,Cellular,Selfemployeed,55945,2
712645908,47,M,4,High School,Married,Nj,91750,No,No,No,Cellular,Govt,117004,3
712649058,43,M,3,High School,Single,Ny,91750,No,No,Yes,Cellular,Businessman,50870,2
712650333,37,F,3,High School,Single,Ca,91750,No,No,No,Unknown,Selfemployeed,8250,1
712652283,49,F,3,Graduate,Married,Tx,91750,Yes,No,No,Cellular,Selfemployeed,34310,1
712653183,61,F,0,Graduate,Married,Ny,91750,No,No,No,Cellular,Blue-Collar,40213,3
712654233,50,M,2,Graduate,Single,Tx,91750,No,Yes,No,Cellular,Govt,113320,3
712655583,65,F,1,High School,Single,Ca,91750,No,Yes,No,Unknown,Blue-Collar,20514,2
712656783,40,F,4,Graduate,Married,Fl,91750,Yes,Yes,No,Unknown,Retirees,23007,2
712658283,64,F,0,Unknown,Married,Ny,91750,No,Yes,No,Unknown,Businessman,35603,3
712659408,33,M,3,High School,Married,Fl,91750,No,Yes,No,Cellular,Govt,69431,1
712660308,30,F,1,Post-Graduate,Married,Fl,91750,No,No,No,Telephone,Blue-Collar,28146,3
712661433,55,F,3,Graduate,Single,Wa,54101,Yes,Yes,No,Cellular,Selfemployeed,14197,1
712662783,51,F,1,Unknown,Single,Fl,91750,Yes,No,No,Unknown,Blue-Collar,30145,2
712663533,43,F,3,Graduate,Married,Ca,91750,No,Yes,Yes,Cellular,Businessman,44807,1
712664658,26,M,1,Graduate,Single,Ca,91750,No,Yes,Yes,Unknown,Selfemployeed,29529,3
712665633,42,F,4,Graduate,Single,Ca,91750,No,Yes,Yes,Cellular,Selfemployeed,37725,2
712667058,56,M,3,Graduate,Single,Ny,91750,No,Yes,No,Cellular,Blue-Collar,67161,2
712667958,36,F,0,Uneducated,Single,Fl,91750,Yes,Yes,No,Telephone,Retirees,41150,3
712669983,57,F,3,Unknown,Married,Ny,91750,Yes,No,No,Cellular,Govt,58577,3
712672083,48,F,2,Uneducated,Married,Ny,91750,No,Yes,No,Cellular,Selfemployeed,5225,3
712673283,50,M,2,Graduate,Married,Tx,91750,No,No,Yes,Telephone,Retirees,83466,2
712674183,43,F,3,Uneducated,Single,Tx,91750,No,Yes,No,Cellular,Selfemployeed,11069,1
712675158,50,M,4,Graduate,Single,Tx,91750,No,Yes,No,Telephone,Govt,52200,3
712676208,46,M,1,Graduate,Unknown,Ca,91750,Yes,No,No,Cellular,Govt,49851,2
712677633,59,F,1,Uneducated,Unknown,Fl,91750,No,No,No,Cellular,White-Collar,25275,3
712681608,37,M,2,Graduate,Single,Ny,91750,Yes,No,No,Cellular,Govt,47547,2
712682583,43,M,4,High School,Unknown,Nj,91750,Yes,Yes,No,Cellular,White-Collar,88758,2
712683633,36,F,1,Unknown,Single,Ny,91750,Yes,Yes,No,Cellular,Retirees,27995,3
712685733,65,F,1,Graduate,Married,Nj,91750,Yes,Yes,No,Cellular,Retirees,38022,2
712687083,43,M,3,Graduate,Married,Ny,91750,No,No,No,Cellular,White-Collar,102289,2
712688433,31,F,0,High School,Married,Tx,91750,Yes,Yes,No,Unknown,Businessman,26871,2
712689333,51,F,2,Graduate,Single,Fl,91750,Yes,No,No,Cellular,Selfemployeed,6550,2
712690458,56,F,2,High School,Married,Mi,91750,No,Yes,No,Cellular,Businessman,227472,2
712691883,48,F,3,Graduate,Married,Ca,91750,Yes,Yes,No,Cellular,Govt,24119,3
712693908,38,F,2,Doctorate,Married,Tx,91750,No,No,No,Cellular,Govt,17432,2
712700358,56,F,5,Graduate,Married,Fl,91750,No,Yes,No,Cellular,Businessman,26952,3
712701333,38,M,2,Uneducated,Married,Ca,91750,Yes,Yes,No,Cellular,Selfemployeed,10205,2
712704933,35,F,2,Uneducated,Married,Ca,91750,No,No,No,Cellular,Selfemployeed,23827,3
712706058,50,F,3,Graduate,Single,Tx,91750,No,No,No,Unknown,Blue-Collar,19442,2
712707408,44,F,4,Doctorate,Married,Tx,91750,No,No,No,Cellular,Retirees,45295,3
712709508,38,F,2,Graduate,Married,Tx,91750,No,Yes,No,Cellular,Retirees,31149,3
712710708,51,F,2,Uneducated,Single,Ca,91750,No,Yes,No,Unknown,Selfemployeed,14198,3
712713108,42,M,4,Graduate,Single,Nj,91750,No,Yes,No,Cellular,Selfemployeed,78917,3
712714008,58,M,2,Unknown,Married,Fl,91750,Yes,No,No,Cellular,Govt,75050,3
712715208,45,F,4,Graduate,Unknown,Tx,91750,No,No,No,Telephone,Govt,26430,2
712716108,58,M,1,Uneducated,Single,Tx,91750,Yes,No,No,Unknown,White-Collar,109314,2
712718958,57,F,1,High School,Married,Fl,91750,No,Yes,No,Cellular,Businessman,194027,2
712720158,45,F,5,Graduate,Married,Tx,91750,Yes,No,No,Cellular,Blue-Collar,18319,2
712721358,49,F,3,Graduate,Single,Ny,91750,No,No,No,Cellular,Retirees,20891,2
712723608,43,M,3,Unknown,Married,Nj,91750,Yes,No,No,Cellular,Businessman,47220,3
712724733,42,M,5,Graduate,Married,Ny,91750,Yes,No,No,Cellular,Retirees,46164,2
712727283,59,F,0,Graduate,Married,Ca,91750,No,No,Yes,Cellular,Selfemployeed,11198,2
712730583,54,F,1,Unknown,Married,Ca,91750,Yes,No,No,Telephone,White-Collar,16837,2
712732908,37,F,1,High School,Single,Ca,91750,No,No,No,Cellular,White-Collar,50710,3
712733958,58,F,1,Uneducated,Married,Ca,91750,No,No,No,Cellular,Selfemployeed,25136,3
712734933,45,F,2,Graduate,Married,Ca,91750,Yes,No,No,Cellular,Businessman,19068,2
712737108,42,F,3,Graduate,Married,Ca,91750,Yes,Yes,No,Cellular,Businessman,54107,3
712740108,52,F,0,Uneducated,Married,Ny,91750,No,No,No,Telephone,Blue-Collar,26289,2
712742808,48,F,3,High School,Married,Fl,91750,Yes,No,No,Unknown,Selfemployeed,8250,3
712747758,39,F,2,Unknown,Married,Nj,91750,No,Yes,No,Cellular,White-Collar,20521,2
712751133,42,F,1,Graduate,Married,Ny,91750,Yes,No,No,Cellular,Businessman,16564,3
712753758,45,F,2,Graduate,Unknown,Ca,91750,Yes,No,No,Cellular,Govt,57268,3
712755783,56,F,1,High School,Unknown,Ny,91750,No,Yes,No,Cellular,White-Collar,44349,2
712757808,58,F,2,High School,Single,Tx,91750,No,Yes,No,Cellular,Selfemployeed,14975,2
712760208,44,M,2,Unknown,Married,Nj,91750,No,No,No,Cellular,Govt,109110,2
712762758,42,F,2,Graduate,Married,Ia,91750,Yes,No,No,Cellular,Selfemployeed,35325,3
712763808,51,F,3,Uneducated,Married,Fl,91750,No,Yes,No,Unknown,Blue-Collar,14826,2
712765158,38,F,2,Unknown,Married,Ca,91750,No,No,No,Cellular,Retirees,26415,2
712766208,42,M,3,High School,Single,Nj,91750,Yes,No,Yes,Cellular,Blue-Collar,115315,2
712767858,34,F,2,High School,Married,Ca,91750,No,Yes,No,Unknown,Govt,23085,2
712768983,53,M,2,Unknown,Married,Ny,91750,No,Yes,No,Telephone,White-Collar,115638,2
712770408,53,F,2,High School,Single,Ny,91750,No,Yes,No,Cellular,Govt,24909,3
712771233,40,M,3,Unknown,Single,Ny,91750,No,Yes,No,Cellular,White-Collar,63784,2
712774008,54,F,1,Uneducated,Married,Tx,91750,No,No,No,Unknown,Selfemployeed,14975,3
712774908,45,M,5,Uneducated,Married,Tx,91750,Yes,Yes,No,Cellular,Govt,93711,2
712777233,47,F,4,Graduate,Married,Tx,91750,Yes,Yes,No,Unknown,Blue-Collar,31610,3
712778658,48,M,2,High School,Married,Ny,91750,No,No,No,Cellular,White-Collar,54793,2
712781883,52,M,3,Uneducated,Single,Nj,91750,Yes,No,No,Cellular,Businessman,93956,3
712783083,55,F,2,Graduate,Married,Ny,91750,Yes,Yes,No,Cellular,Blue-Collar,20185,2
712784058,56,F,5,Doctorate,Married,Ny,91750,No,No,No,Cellular,Selfemployeed,7865,2
712788258,58,M,2,Graduate,Married,Nj,91750,Yes,No,No,Cellular,Govt,102421,2
712789383,53,F,1,Graduate,Married,Ny,91750,Yes,Yes,No,Cellular,Retirees,20693,2
712790358,38,F,2,Graduate,Unknown,Ca,91750,No,Yes,No,Telephone,Businessman,23744,2
712795833,60,F,0,Uneducated,Married,Ca,91750,No,Yes,Yes,Telephone,Businessman,24545,2
712797258,54,F,2,Post-Graduate,Married,Ca,91750,No,Yes,Yes,Cellular,Blue-Collar,14690,3
712801758,38,F,0,Unknown,Married,Fl,91750,Yes,No,No,Cellular,Businessman,34416,3
712802733,52,F,3,Post-Graduate,Married,Ca,91750,No,Yes,No,Unknown,Govt,33950,2
712804383,44,M,4,Graduate,Single,Ga,91750,No,Yes,No,Cellular,Businessman,74111,2
712805658,45,M,3,Graduate,Single,Ny,91750,Yes,Yes,No,Cellular,White-Collar,79026,3
712807758,56,F,2,High School,Married,Tx,91750,No,No,No,Cellular,Selfemployeed,28230,2
712810233,26,F,0,Uneducated,Unknown,Fl,91750,Yes,Yes,No,Cellular,Govt,55581,2
712812408,44,F,4,Uneducated,Married,Ny,91750,No,Yes,No,Cellular,Selfemployeed,18509,2
712813458,45,F,4,Unknown,Single,Ca,91750,No,Yes,No,Cellular,Selfemployeed,13531,2
712814658,37,M,2,Graduate,Married,Nj,91750,No,No,No,Cellular,Blue-Collar,76834,2
712815858,38,F,2,High School,Single,Tx,91750,Yes,Yes,No,Cellular,White-Collar,38304,3
712816833,43,F,3,High School,Married,Tx,91750,No,No,No,Cellular,Blue-Collar,13774,2
712817808,42,F,3,Post-Graduate,Married,Ca,91750,No,Yes,Yes,Unknown,Blue-Collar,20640,3
712820208,45,F,3,Uneducated,Married,Ca,91750,No,Yes,Yes,Unknown,Selfemployeed,22386,2
712821333,46,F,4,Graduate,Married,Ny,91750,Yes,No,No,Cellular,Selfemployeed,16520,2
712822758,45,F,4,Graduate,Married,Tx,91750,No,No,No,Cellular,Businessman,31945,3
712826208,37,M,2,Uneducated,Single,Fl,91750,No,No,No,Cellular,Selfemployeed,14975,3
712827258,42,M,3,Graduate,Married,Ny,91750,No,No,No,Cellular,White-Collar,91305,3
712828533,54,M,1,Unknown,Single,Tx,91750,No,No,No,Cellular,Selfemployeed,79642,2
712829808,51,F,4,Unknown,Single,Ca,91750,No,No,No,Cellular,Businessman,20456,2
712831908,49,M,0,Graduate,Married,Ca,91750,Yes,Yes,No,Cellular,White-Collar,68564,2
712833633,43,M,2,Uneducated,Single,Ny,91750,Yes,No,No,Cellular,Businessman,145350,2
712834533,40,M,2,Graduate,Married,Ny,91750,Yes,No,Yes,Cellular,Businessman,50783,2
712835433,49,M,3,Graduate,Single,Fl,91750,No,Yes,No,Cellular,Blue-Collar,82349,3
712837233,37,M,3,Graduate,Married,Fl,91750,No,Yes,Yes,Cellular,Blue-Collar,40138,1
712838358,52,M,4,High School,Unknown,Nj,91750,No,No,No,Cellular,Retirees,74732,3
712839633,43,M,2,Graduate,Single,Ny,91750,Yes,No,No,Unknown,Govt,117121,1
712840608,40,F,2,Doctorate,Married,Ca,91750,No,Yes,No,Telephone,White-Collar,49700,1
712841883,39,F,3,Uneducated,Single,Tx,91750,No,No,No,Cellular,Businessman,102012,3
712843983,41,F,2,Doctorate,Unknown,Fl,91750,No,Yes,No,Unknown,Businessman,24965,2
712845258,58,F,2,High School,Single,Ca,91750,Yes,No,No,Cellular,Selfemployeed,52226,2
712846458,42,M,4,Uneducated,Married,Tx,91750,No,No,No,Cellular,Businessman,180767,1
712847208,36,M,1,Unknown,Married,Fl,91750,No,No,No,Telephone,Govt,18043,2
712849158,44,F,3,Unknown,Married,Tx,91750,Yes,No,Yes,Cellular,Retirees,23184,3
712851108,56,F,4,Uneducated,Married,Ny,91750,Yes,Yes,No,Unknown,Govt,33948,2
712852233,37,M,2,Graduate,Single,Nj,91750,Yes,Yes,No,Cellular,Blue-Collar,69549,3
712853358,42,F,2,Doctorate,Unknown,Fl,91750,No,Yes,No,Unknown,White-Collar,23646,3
712854633,43,F,3,High School,Married,Tx,91750,No,Yes,No,Unknown,Blue-Collar,32938,1
712855683,46,M,4,Uneducated,Single,Ca,91750,Yes,No,No,Cellular,Businessman,84913,3
712860858,46,M,4,Uneducated,Married,Tx,91750,Yes,Yes,No,Unknown,Businessman,86659,3
712863183,57,M,4,Unknown,Single,Tx,91750,No,No,No,Cellular,White-Collar,144014,2
712864683,38,F,1,Uneducated,Married,Tx,91750,Yes,No,No,Unknown,Selfemployeed,14975,2
712865583,49,F,3,Uneducated,Married,Nv,91750,No,No,No,Cellular,White-Collar,45636,2
712866933,45,F,2,Graduate,Unknown,Tx,91750,No,Yes,No,Cellular,Blue-Collar,40705,3
712867983,57,M,4,High School,Married,Ny,91750,No,No,No,Cellular,Govt,95280,1
712868733,52,F,2,Unknown,Married,Ny,91750,No,No,No,Cellular,Selfemployeed,14975,3
712869783,47,M,3,Graduate,Single,Nm,91750,No,Yes,No,Cellular,Retirees,70602,3
712872183,43,F,3,High School,Unknown,Fl,91750,No,Yes,No,Unknown,Selfemployeed,28010,2
712874433,53,M,3,Unknown,Married,Ny,91750,No,Yes,No,Cellular,White-Collar,98986,3
712876233,55,F,2,Graduate,Married,Fl,91750,No,Yes,No,Cellular,Selfemployeed,11346,3
712877733,48,M,0,Doctorate,Married,Ca,91750,Yes,Yes,No,Cellular,White-Collar,60785,3
712879158,38,M,4,Post-Graduate,Single,Ny,91750,Yes,Yes,No,Cellular,Blue-Collar,106682,3
712880283,49,F,2,Graduate,Single,Tx,91750,No,Yes,Yes,Cellular,Retirees,15188,1
712881483,56,F,2,Doctorate,Married,Ny,91750,Yes,No,No,Cellular,White-Collar,20595,2
712884408,42,M,4,Uneducated,Single,Ny,91750,Yes,No,No,Cellular,Govt,109279,2
712885533,50,F,2,High School,Married,Ca,91750,Yes,Yes,No,Unknown,White-Collar,36059,3
712886733,49,F,4,Graduate,Married,Ia,91750,Yes,No,No,Unknown,Govt,55840,3
712887633,49,F,1,Doctorate,Single,Nv,91750,No,Yes,No,Cellular,Retirees,15025,2
712890408,54,F,2,Post-Graduate,Single,Tx,91750,No,Yes,No,Unknown,Blue-Collar,12139,3
712891833,47,M,3,Uneducated,Unknown,Ca,91750,No,No,No,Cellular,Businessman,44160,3
712894308,33,M,1,Graduate,Married,Fl,91750,Yes,No,No,Cellular,Selfemployeed,58520,2
712895733,48,M,4,Unknown,Single,Ca,91750,Yes,No,No,Cellular,Govt,115979,3
712899333,50,F,1,Graduate,Married,Fl,91750,Yes,No,No,Cellular,Selfemployeed,6550,3
712900308,33,F,3,Uneducated,Single,Ca,91750,No,No,No,Telephone,White-Collar,21229,1
712901283,43,F,3,Post-Graduate,Married,Tx,91750,No,No,No,Telephone,Retirees,14745,3
712902483,55,F,0,Uneducated,Married,Tx,91750,Yes,Yes,No,Telephone,Blue-Collar,17936,2
712905708,55,F,2,Unknown,Single,Tx,91750,Yes,No,No,Unknown,Selfemployeed,8250,2
712912233,50,M,5,Uneducated,Married,Tx,91750,No,No,No,Cellular,Businessman,156583,3
712914783,40,M,3,Graduate,Unknown,Ca,91750,Yes,Yes,No,Cellular,Govt,76470,3
712916958,48,M,3,Graduate,Married,Va,91750,No,Yes,No,Cellular,Blue-Collar,101597,2
712918083,48,M,2,Graduate,Married,Ca,91750,No,No,No,Cellular,Blue-Collar,104569,1
712920633,46,M,3,Graduate,Married,Fl,91750,No,Yes,Yes,Cellular,Selfemployeed,58630,2
712924383,49,F,3,Graduate,Single,Ca,91750,No,No,No,Cellular,Selfemployeed,5225,3
712925808,53,M,0,High School,Married,Tx,91750,No,Yes,No,Cellular,Blue-Collar,75419,1
712927383,62,F,1,Graduate,Married,Ca,91750,No,Yes,No,Unknown,Selfemployeed,18864,1
712931733,55,M,1,High School,Married,Ny,91750,Yes,No,No,Cellular,Govt,101925,1
712933083,44,F,5,Unknown,Married,Tx,91750,Yes,No,Yes,Cellular,Selfemployeed,24994,3
712934583,29,M,0,Post-Graduate,Married,Tx,91750,Yes,Yes,No,Cellular,White-Collar,37941,3
712936908,42,F,0,Unknown,Married,Tx,91750,No,Yes,No,Cellular,Blue-Collar,33986,3
712938258,56,M,1,Unknown,Married,Nj,91750,No,No,No,Telephone,Businessman,113377,2
712939533,73,M,0,High School,Married,Il,91750,Yes,Yes,No,Cellular,Govt,42237,1
712940508,46,F,3,Unknown,Unknown,Ca,91750,Yes,Yes,Yes,Unknown,Retirees,17996,2
712941483,46,M,3,Graduate,Unknown,Nj,91750,No,Yes,No,Unknown,Businessman,101364,2
712942308,43,F,3,Post-Graduate,Single,Ca,91750,Yes,No,No,Unknown,Govt,41126,3
712943508,46,F,4,Post-Graduate,Married,Ca,91750,Yes,Yes,No,Cellular,White-Collar,70641,1
712947333,48,F,5,Unknown,Single,Tx,91750,Yes,No,No,Cellular,Selfemployeed,14975,1
712948383,49,M,4,High School,Single,Tx,91750,Yes,Yes,No,Cellular,Businessman,103446,3
712949733,47,F,2,Uneducated,Single,Ny,91750,Yes,No,Yes,Cellular,Businessman,38493,3
712950783,65,F,0,Uneducated,Single,Ny,91750,No,No,No,Cellular,Selfemployeed,2565,2
712952283,32,M,3,Unknown,Single,Nj,91750,No,No,No,Cellular,Businessman,170984,3
712953483,58,F,1,Unknown,Married,Ny,91750,Yes,No,No,Unknown,Selfemployeed,16293,1
712955433,44,M,4,Doctorate,Married,Fl,91750,Yes,Yes,No,Cellular,Govt,102283,3
712960308,46,F,3,Graduate,Married,Tx,91750,No,Yes,No,Cellular,White-Collar,21799,3
712961658,41,M,3,Unknown,Married,Ca,91750,No,No,No,Cellular,Blue-Collar,97982,3
712965183,42,F,5,Doctorate,Married,Ny,91750,No,Yes,Yes,Cellular,Selfemployeed,8250,3
712966458,21,F,1,Unknown,Single,Ny,91750,Yes,No,No,Unknown,Businessman,185905,3
712967508,43,M,4,Graduate,Married,Fl,91750,No,No,Yes,Unknown,Businessman,91003,2
712968708,55,M,4,Graduate,Single,Ca,91750,No,No,No,Cellular,Selfemployeed,95026,3
712971708,37,M,1,High School,Married,Fl,91750,Yes,No,No,Cellular,Selfemployeed,72539,1
712973733,45,F,3,Graduate,Unknown,Ny,91750,Yes,No,No,Cellular,Blue-Collar,13208,3
712974558,43,M,1,Graduate,Married,Ca,91750,No,Yes,No,Cellular,Govt,68162,1
712977183,54,F,3,High School,Married,Fl,91750,Yes,Yes,Yes,Unknown,Blue-Collar,13698,2
712979133,44,F,4,Graduate,Single,Ny,91750,No,Yes,Yes,Cellular,Selfemployeed,1250,3
712980333,56,F,3,Unknown,Single,Ny,91750,No,No,Yes,Cellular,White-Collar,30269,3
712981383,58,F,4,Graduate,Married,Fl,91750,No,No,No,Cellular,Selfemployeed,5525,3
712982808,41,F,2,Uneducated,Married,Ca,91750,No,Yes,No,Cellular,Blue-Collar,26433,2
712984983,49,M,1,Graduate,Single,Ne,91750,No,Yes,No,Cellular,Govt,107469,1
712986483,63,F,0,Graduate,Married,Fl,91750,No,No,Yes,Cellular,Selfemployeed,47013,2
712987608,59,F,1,Graduate,Single,Ny,91750,No,Yes,No,Telephone,Govt,55691,2
712988958,49,F,1,Unknown,Married,Ca,91750,No,Yes,No,Unknown,Govt,35737,1
712990458,55,M,3,Graduate,Single,Ny,91750,No,No,No,Unknown,White-Collar,136223,1
712991808,46,F,3,Uneducated,Married,Ny,91750,No,No,No,Unknown,Selfemployeed,14975,2
712993008,53,M,1,Graduate,Married,Tx,91750,Yes,Yes,No,Telephone,Govt,67440,3
712996833,35,M,3,Unknown,Single,Tx,91750,No,Yes,No,Cellular,White-Collar,57140,2
712998033,50,F,4,Graduate,Single,Ca,91750,Yes,Yes,No,Telephone,Retirees,21635,2
712999008,40,M,3,Unknown,Single,Tx,91750,Yes,Yes,Yes,Cellular,Businessman,57543,3
713000058,36,F,3,Graduate,Single,Ca,91750,Yes,No,No,Telephone,White-Collar,49635,2
713003358,39,M,3,High School,Married,Tx,91750,Yes,Yes,No,Cellular,Retirees,88551,3
713004933,59,F,0,High School,Married,Fl,91750,No,Yes,No,Unknown,White-Collar,31041,2
713005908,49,M,4,Uneducated,Unknown,Ny,91750,Yes,No,Yes,Cellular,Retirees,77694,2
713008308,45,F,4,High School,Single,Tx,91750,No,No,No,Unknown,Govt,17241,3
713009208,45,M,4,Unknown,Unknown,Ca,91750,Yes,No,No,Cellular,White-Collar,56615,3
713010483,44,F,3,Unknown,Single,Ca,91750,Yes,Yes,No,Unknown,Selfemployeed,14975,2
713011683,30,F,0,Unknown,Married,Ca,91750,No,No,No,Unknown,Blue-Collar,20794,1
713013483,44,F,2,Graduate,Unknown,Tx,91750,Yes,Yes,No,Telephone,Govt,41559,3
713014533,55,F,2,Graduate,Unknown,Ca,91750,No,No,No,Cellular,Retirees,38781,3
713015433,49,M,3,High School,Married,Ca,91750,No,Yes,No,Cellular,Blue-Collar,67917,3
713016633,34,F,2,Post-Graduate,Single,Ca,91750,No,No,No,Cellular,Govt,19652,3
713017758,34,M,3,Graduate,Married,Fl,91750,No,No,No,Cellular,Businessman,91706,3
713019783,44,F,4,High School,Single,Ca,91750,Yes,Yes,No,Cellular,Blue-Collar,49722,1
713021208,52,F,2,Unknown,Married,Tx,91750,Yes,No,No,Unknown,Blue-Collar,12327,2
713023158,48,M,2,Graduate,Single,Tx,91750,Yes,No,No,Cellular,Businessman,54826,1
713025558,56,F,1,Graduate,Single,Ny,91750,No,No,No,Cellular,White-Collar,18753,3
713027058,47,F,2,High School,Single,Ca,91750,Yes,No,Yes,Unknown,Selfemployeed,30380,1
713029683,44,M,3,High School,Single,Tx,91750,No,Yes,Yes,Cellular,Govt,76221,3
713030958,50,F,1,High School,Single,Tx,91750,No,No,No,Telephone,Retirees,19255,3
713032233,38,M,1,Uneducated,Married,Fl,91750,No,No,No,Telephone,White-Collar,79362,1
713036208,45,F,2,Doctorate,Married,Ny,91750,No,No,Yes,Cellular,Businessman,222791,3
713037333,48,F,3,Uneducated,Single,Tx,91750,Yes,No,Yes,Cellular,Govt,38813,3
713039808,39,F,1,Graduate,Single,Ca,91750,No,No,No,Cellular,Selfemployeed,16069,3
713041683,63,F,0,Unknown,Single,Tx,91750,No,No,No,Cellular,White-Collar,17298,3
713043183,38,F,4,High School,Single,Nj,91750,No,No,No,Cellular,Blue-Collar,57289,1
713047608,36,F,2,Post-Graduate,Married,Ca,91750,No,Yes,No,Cellular,Businessman,22135,3
713048733,46,M,5,High School,Single,Ny,91750,Yes,Yes,No,Cellular,Govt,48879,2
713049933,50,F,3,High School,Married,Ut,91750,Yes,Yes,No,Unknown,White-Collar,22445,2
713053383,48,F,4,Doctorate,Single,Tx,91750,No,Yes,No,Unknown,Selfemployeed,2565,3
713056083,59,F,0,Post-Graduate,Single,Tx,91750,Yes,No,No,Cellular,Businessman,48316,2
713057658,47,F,4,Graduate,Single,Tx,91750,No,No,No,Cellular,Selfemployeed,51090,3
713058858,31,F,1,Graduate,Single,Tx,91750,No,Yes,No,Unknown,Blue-Collar,22025,3
713060283,53,F,1,Graduate,Married,Tx,91750,No,Yes,No,Cellular,White-Collar,41404,2
713061558,38,F,2,Graduate,Single,Ca,91750,No,Yes,No,Unknown,Selfemployeed,5525,3
713063958,51,M,4,High School,Single,Tx,91750,No,Yes,No,Cellular,Businessman,89811,2
713064783,49,F,3,Post-Graduate,Married,Tx,91750,No,Yes,No,Cellular,Selfemployeed,53618,3
713067033,47,F,2,Doctorate,Single,Tx,91750,No,No,No,Cellular,Retirees,29460,2
713068833,33,M,3,Graduate,Single,Ny,91750,Yes,No,No,Cellular,Blue-Collar,74218,1
713070033,48,M,3,Graduate,Single,Ca,91750,No,Yes,Yes,Cellular,White-Collar,79912,2
713071383,52,M,4,Uneducated,Married,Ny,91750,Yes,No,No,Cellular,Businessman,115030,1
713072358,55,M,3,Graduate,Single,Tx,91750,No,No,No,Cellular,White-Collar,121440,2
713075283,40,F,3,Graduate,Single,Tx,91750,Yes,Yes,No,Cellular,Retirees,16415,3
713079108,44,F,4,Unknown,Married,Tx,91750,No,Yes,No,Cellular,Selfemployeed,39984,2
713081583,42,M,5,Unknown,Married,Fl,91750,No,No,No,Cellular,Retirees,72536,3
713082708,47,M,4,Unknown,Single,Ny,91750,No,Yes,No,Cellular,White-Collar,52765,1
713084208,38,F,1,Uneducated,Single,Ny,91750,Yes,Yes,No,Unknown,Businessman,26613,3
713086008,55,F,2,Uneducated,Married,Ny,91750,No,No,Yes,Cellular,Selfemployeed,14975,3
713086908,45,M,4,Graduate,Married,Ca,91750,No,No,No,Unknown,Selfemployeed,29062,1
713087958,36,M,3,Graduate,Married,Tx,91750,No,Yes,Yes,Cellular,Selfemployeed,109016,3
713089458,39,F,3,Doctorate,Married,Ca,91750,No,No,No,Unknown,Govt,37108,3
713090658,45,M,4,High School,Married,Ca,91750,No,Yes,No,Cellular,Govt,110658,3
713094483,52,M,2,High School,Single,Ny,91750,Yes,No,No,Telephone,Selfemployeed,76382,1
713095533,60,F,1,Graduate,Single,Tx,91750,No,Yes,No,Unknown,Selfemployeed,9535,2
713096583,30,F,1,Graduate,Married,Mi,91750,No,No,No,Cellular,White-Collar,25025,1
713101383,40,M,3,Graduate,Married,Tx,91750,No,Yes,No,Unknown,Businessman,98857,2
713102733,53,M,1,Graduate,Married,Fl,91750,Yes,No,No,Cellular,Govt,111797,3
713104458,41,F,4,High School,Single,Ny,91750,No,Yes,No,Unknown,Selfemployeed,5525,3
713105508,51,F,1,Graduate,Single,Tx,91750,No,No,No,Cellular,Blue-Collar,41571,1
713108433,61,M,1,Graduate,Single,Nj,91750,No,Yes,No,Cellular,Selfemployeed,14975,1
713110908,44,F,4,High School,Single,Ca,91750,Yes,Yes,No,Cellular,Selfemployeed,14975,1
713111883,60,M,1,Graduate,Single,Ny,91750,Yes,No,No,Cellular,Blue-Collar,42119,3
713114133,29,F,1,Graduate,Single,Ny,91750,No,Yes,No,Unknown,Businessman,21438,3
713115483,51,F,2,Graduate,Single,Fl,91750,No,Yes,Yes,Cellular,Businessman,24664,1
713118183,55,M,2,Graduate,Married,Wa,91750,No,Yes,No,Unknown,White-Collar,125071,3
713119308,47,F,3,Uneducated,Single,Ca,91750,No,Yes,Yes,Cellular,Blue-Collar,58254,3
713120433,46,M,1,Uneducated,Married,Tx,91750,Yes,Yes,No,Cellular,Businessman,69005,2
713121408,42,M,4,Graduate,Unknown,Nj,91750,No,No,No,Cellular,White-Collar,59346,1
713124558,46,F,3,Graduate,Married,Fl,91750,Yes,Yes,Yes,Cellular,Blue-Collar,55154,2
713126733,51,F,1,High School,Married,Ca,91750,No,No,No,Cellular,Selfemployeed,10214,1
713127708,45,M,2,Graduate,Married,Ga,91750,No,Yes,No,Cellular,Retirees,41758,3
713128833,44,M,1,Unknown,Married,Pa,91750,No,Yes,No,Cellular,Selfemployeed,14975,1
713131158,51,M,1,Uneducated,Married,Ny,91750,No,No,Yes,Cellular,Govt,111929,2
713132133,49,M,4,Uneducated,Married,Tx,91750,No,Yes,No,Cellular,White-Collar,93146,2
713133258,42,M,2,Graduate,Single,Ca,91750,No,Yes,No,Cellular,White-Collar,117122,2
713134458,32,F,1,Graduate,Single,Ca,91750,Yes,No,No,Cellular,Selfemployeed,6550,2
713135883,41,F,3,High School,Single,Ca,91750,No,No,No,Cellular,Selfemployeed,14975,3
713137233,41,F,3,Unknown,Married,Co,91750,No,Yes,No,Cellular,Selfemployeed,5225,2
713138433,35,F,4,Uneducated,Single,Ny,91750,No,No,No,Cellular,Blue-Collar,35530,1
713144208,39,F,4,High School,Married,Ny,91750,Yes,No,No,Cellular,White-Collar,20780,2
713146683,48,M,4,Graduate,Married,Fl,91750,No,No,Yes,Cellular,White-Collar,99703,1
713149683,49,F,1,Graduate,Married,Tx,91750,No,Yes,No,Cellular,Blue-Collar,10919,2
713151258,47,F,2,High School,Unknown,Fl,91750,Yes,Yes,No,Unknown,Businessman,38274,3
713152383,38,M,1,High School,Single,Tx,91750,Yes,No,No,Cellular,Selfemployeed,60733,3
713153733,42,F,3,Graduate,Unknown,Fl,91750,Yes,No,No,Unknown,Selfemployeed,20928,1
713158083,48,F,3,Graduate,Married,Ca,91750,Yes,No,No,Cellular,White-Collar,23176,3
713159133,39,M,1,Graduate,Single,Mi,91750,Yes,No,Yes,Cellular,White-Collar,141396,3
713160258,62,M,0,Graduate,Married,Tx,91750,Yes,No,No,Cellular,Blue-Collar,58730,3
713162358,51,F,2,Graduate,Single,Ny,91750,Yes,No,No,Cellular,Blue-Collar,48750,1
713163258,52,F,1,Graduate,Single,Ny,91750,No,No,No,Unknown,Businessman,19216,2
713166333,36,M,3,Unknown,Married,Ny,91750,Yes,Yes,No,Cellular,White-Collar,63991,1
713167383,55,M,1,Graduate,Married,Tx,91750,No,No,No,Cellular,Blue-Collar,94744,1
713168733,43,F,2,Graduate,Married,Tx,91750,Yes,Yes,No,Cellular,Businessman,44365,1
713171358,65,F,1,Post-Graduate,Married,Nj,91750,Yes,No,Yes,Cellular,White-Collar,44284,1
713172408,40,F,3,Graduate,Married,Ca,91750,Yes,No,No,Cellular,Selfemployeed,14144,3
713175483,28,M,1,Unknown,Unknown,Tx,91750,Yes,Yes,No,Cellular,Selfemployeed,41394,3
713177808,31,M,2,Graduate,Unknown,Ny,91750,No,No,No,Cellular,Govt,98870,1
713179083,56,M,3,Unknown,Single,Va,91750,Yes,Yes,Yes,Cellular,Retirees,61425,3
713180433,35,M,3,Graduate,Married,Ca,91750,No,No,Yes,Cellular,Businessman,80401,3
713181558,40,F,2,Uneducated,Unknown,Fl,91750,No,No,No,Cellular,Businessman,53499,2
713182458,45,F,2,Graduate,Married,Ca,91750,Yes,No,No,Cellular,Selfemployeed,11291,2
713183508,46,M,4,Unknown,Married,Tx,91750,Yes,No,No,Cellular,Retirees,81937,3
713184858,45,M,4,Unknown,Married,Ca,91750,Yes,No,No,Cellular,Blue-Collar,53331,3
713186058,55,F,2,Post-Graduate,Married,Nj,91750,Yes,No,No,Cellular,Businessman,23257,3
713187033,43,F,4,Unknown,Single,Fl,91750,Yes,No,No,Unknown,Retirees,15434,1
713188383,51,F,4,Graduate,Single,Ca,91750,Yes,No,No,Cellular,Selfemployeed,14214,1
713193408,41,F,4,High School,Single,Tx,91750,No,No,No,Cellular,Govt,42627,3
713194608,65,F,0,Graduate,Single,Ca,91750,No,No,No,Cellular,White-Collar,22949,3
713195808,43,F,3,High School,Married,Tx,91750,No,No,No,Cellular,Blue-Collar,32524,2
713197308,46,M,3,High School,Single,Ca,91750,No,Yes,No,Cellular,White-Collar,105433,1
713199558,46,M,4,Graduate,Single,Ca,91750,No,No,No,Cellular,Retirees,40116,1
713203908,43,F,3,Graduate,Single,Ca,91750,Yes,No,No,Unknown,White-Collar,16654,2
713205108,45,F,3,High School,Single,Tx,91750,No,No,No,Cellular,Blue-Collar,44119,3
713206683,54,F,1,Graduate,Single,Ny,91750,No,No,No,Cellular,Selfemployeed,5525,2
713208033,40,M,3,Graduate,Married,Nj,91750,No,Yes,No,Cellular,Businessman,106157,3
713209308,57,M,2,Uneducated,Unknown,Ny,91750,No,Yes,No,Cellular,Businessman,109459,2
713213133,55,M,2,Unknown,Married,Ca,91750,Yes,No,No,Cellular,Govt,88112,1
713214558,63,M,2,Graduate,Married,Ny,91750,No,No,No,Cellular,Blue-Collar,39358,1
713216883,46,F,4,High School,Married,Tx,91750,Yes,Yes,No,Cellular,White-Collar,19987,1
713217858,46,F,3,Graduate,Married,Mi,91750,No,Yes,Yes,Cellular,Selfemployeed,9535,2
713220258,45,F,2,Graduate,Married,Tx,91750,No,Yes,No,Cellular,Selfemployeed,11478,1
713227233,52,F,2,Graduate,Married,Ca,91750,Yes,No,No,Cellular,White-Collar,59415,1
713229633,45,F,0,Graduate,Married,Fl,91750,Yes,No,No,Cellular,Retirees,20934,3
713231658,44,M,2,High School,Single,Tx,91750,No,No,No,Cellular,Selfemployeed,41393,3
713233908,49,F,4,Uneducated,Single,Ny,91750,Yes,No,No,Unknown,White-Collar,33327,2
713236458,53,M,2,Uneducated,Unknown,Fl,91750,No,No,No,Cellular,Businessman,112975,2
713237958,42,F,1,Unknown,Married,Fl,91750,No,Yes,No,Cellular,Blue-Collar,17357,1
713239308,48,M,4,High School,Married,Tx,91750,Yes,Yes,No,Cellular,Blue-Collar,72248,3
713240133,34,M,5,Post-Graduate,Single,Nj,91750,No,No,No,Cellular,Govt,93029,2
713241033,44,F,1,Graduate,Single,Fl,91750,Yes,Yes,No,Telephone,Retirees,26841,2
713242383,53,M,1,High School,Single,Ca,91750,No,No,No,Cellular,Govt,107116,3
713246208,57,M,3,Graduate,Single,Ny,91750,Yes,No,No,Cellular,Blue-Collar,68181,1
713247408,47,M,2,Graduate,Unknown,Ny,91750,No,Yes,No,Cellular,Retirees,58050,3
713249883,42,M,3,Doctorate,Single,Ca,91750,Yes,No,No,Cellular,Govt,69109,3
713251008,38,M,2,Graduate,Unknown,Nj,91750,Yes,No,No,Cellular,Blue-Collar,45305,3
713253858,42,F,5,Unknown,Single,Nv,91750,No,No,No,Cellular,Selfemployeed,22986,2
713254983,46,M,2,Graduate,Single,Nj,91750,Yes,No,No,Cellular,Govt,58959,3
713256033,42,M,3,High School,Unknown,Fl,91750,Yes,Yes,No,Cellular,Blue-Collar,46083,2
713257083,48,M,3,High School,Unknown,Ca,91750,No,Yes,No,Telephone,White-Collar,58430,3
713259858,45,F,4,Graduate,Married,Fl,91750,Yes,Yes,No,Cellular,Businessman,5225,1
713261133,39,F,2,High School,Married,Fl,91750,Yes,Yes,No,Cellular,Blue-Collar,23779,3
713263758,49,M,3,Post-Graduate,Unknown,Ca,91750,No,No,No,Telephone,Businessman,92518,3
713264583,46,M,2,Post-Graduate,Married,Tx,91750,No,No,No,Cellular,Selfemployeed,64831,3
713265858,61,M,1,Graduate,Unknown,Tx,91750,No,Yes,No,Cellular,White-Collar,78602,3
713267133,48,F,4,Graduate,Single,Tx,91750,No,No,No,Cellular,Govt,34635,2
713269533,45,M,2,Graduate,Married,Tx,91750,Yes,Yes,No,Cellular,Blue-Collar,117030,2
713271708,55,M,3,High School,Married,Tx,91750,No,Yes,No,Cellular,Govt,63218,2
713274183,41,F,1,High School,Single,Ny,91750,Yes,Yes,No,Cellular,Retirees,52751,3
713276733,54,M,2,Uneducated,Married,Nj,91750,Yes,No,No,Cellular,Govt,65066,3
713277783,34,F,3,Graduate,Married,Ny,91750,Yes,Yes,No,Cellular,Selfemployeed,22848,1
713279808,54,F,3,High School,Married,Tx,91750,No,No,No,Unknown,Businessman,16413,3
713281833,37,M,2,Graduate,Unknown,Mi,91750,No,Yes,No,Telephone,White-Collar,119002,3
713282733,31,M,1,Post-Graduate,Single,Fl,91750,No,No,No,Telephone,Selfemployeed,58268,3
713283933,48,F,4,Graduate,Married,Fl,91750,No,Yes,Yes,Unknown,Selfemployeed,24614,2
713285058,53,F,1,Graduate,Married,Fl,91750,Yes,Yes,No,Cellular,Selfemployeed,56122,3
713287608,47,F,1,Uneducated,Single,Ny,91750,No,Yes,No,Cellular,Businessman,26988,3
713289183,47,M,2,Graduate,Married,Tx,91750,Yes,Yes,No,Cellular,Selfemployeed,55954,3
713292933,59,F,0,Graduate,Married,Ca,91750,No,Yes,Yes,Unknown,Govt,22678,3
713293983,51,F,0,Doctorate,Single,Ca,90250,No,No,Yes,Unknown,Businessman,210229,3
713295183,44,M,4,Uneducated,Unknown,Tx,91750,No,Yes,No,Cellular,Retirees,44735,3
713299758,50,M,3,High School,Married,Ny,91750,No,Yes,No,Cellular,Govt,103608,2
713301633,48,M,4,Graduate,Unknown,Fl,91750,No,No,Yes,Cellular,Retirees,60634,2
713302758,36,M,2,Graduate,Married,Ny,91750,No,No,No,Cellular,Govt,111484,3
713303733,46,F,3,Graduate,Married,Ny,91750,No,Yes,No,Cellular,Selfemployeed,14975,3
713305233,43,M,3,Graduate,Married,Tx,91750,Yes,Yes,No,Cellular,White-Collar,78891,2
713307708,50,F,2,Uneducated,Married,Nj,91750,No,Yes,No,Cellular,Selfemployeed,14975,3
713308683,52,F,1,Uneducated,Single,Ca,91750,Yes,Yes,No,Cellular,Selfemployeed,6550,3
713309583,48,F,4,Uneducated,Single,Ny,91750,Yes,Yes,No,Cellular,Govt,22986,3
713310558,60,M,0,Graduate,Married,Ca,91750,No,No,No,Cellular,Govt,51173,1
713312208,43,F,3,Post-Graduate,Unknown,Ny,91750,No,No,No,Cellular,Selfemployeed,17332,1
713314533,34,F,1,Unknown,Married,Ca,91750,No,Yes,No,Cellular,Selfemployeed,19802,1
713315433,48,F,3,Unknown,Married,Ny,91750,Yes,No,No,Cellular,Businessman,223432,2
713316558,62,F,0,High School,Married,Mo,91750,No,Yes,Yes,Cellular,Blue-Collar,41918,1
713318733,51,M,3,Graduate,Married,Tx,91750,No,No,No,Cellular,Blue-Collar,113808,3
713320008,42,F,4,Graduate,Single,Ny,91750,Yes,Yes,No,Unknown,Govt,52530,1
713321508,39,M,4,Unknown,Married,Ny,91750,No,Yes,No,Cellular,Govt,69463,2
713322633,65,F,0,High School,Married,Il,91750,Yes,Yes,No,Cellular,Selfemployeed,14975,1
713325108,41,F,5,Graduate,Married,Fl,91750,Yes,No,No,Cellular,Retirees,16993,3
713328108,39,M,3,Uneducated,Single,Tx,91750,Yes,No,No,Telephone,Govt,95430,3
713330133,35,M,2,Uneducated,Unknown,Ny,91750,Yes,No,No,Cellular,White-Collar,128055,3
713331408,47,M,2,Doctorate,Single,Tx,91750,No,Yes,No,Cellular,Selfemployeed,15826,2
713333433,65,M,0,Unknown,Single,Fl,91750,No,Yes,No,Telephone,Selfemployeed,14975,2
713334483,45,F,3,Graduate,Married,Fl,91750,No,Yes,Yes,Cellular,Retirees,24418,3
713336883,38,F,2,Graduate,Married,Ny,91750,No,No,No,Telephone,Selfemployeed,24918,1
713339283,53,F,0,High School,Married,Ca,91750,No,No,No,Cellular,Govt,51320,3
713343333,48,F,3,High School,Single,Ca,91750,Yes,Yes,No,Telephone,Businessman,49260,3
713345508,46,M,4,Graduate,Single,Tx,91750,Yes,No,No,Cellular,Retirees,64234,2
713346558,48,F,3,Graduate,Unknown,Tx,91750,Yes,Yes,No,Unknown,Retirees,18074,1
713347608,56,M,2,Graduate,Single,Fl,91750,No,No,No,Cellular,White-Collar,118950,2
713348433,41,M,3,Graduate,Single,Tx,91750,Yes,Yes,No,Cellular,Selfemployeed,64397,3
713350908,37,F,3,High School,Single,Ny,91750,No,No,No,Cellular,Selfemployeed,39619,1
713352183,49,F,5,Unknown,Married,Ca,91750,No,No,No,Unknown,White-Collar,15844,1
713355708,35,M,2,Unknown,Married,Fl,91750,No,Yes,Yes,Cellular,Retirees,96722,2
713356833,47,F,2,High School,Married,Ca,91750,Yes,Yes,No,Cellular,Selfemployeed,14975,3
713358633,32,F,0,High School,Married,Ny,91750,No,Yes,Yes,Cellular,Blue-Collar,32306,3
713362158,44,F,3,Graduate,Unknown,Ca,91750,Yes,Yes,No,Cellular,White-Collar,38220,2
713363583,47,F,2,Graduate,Married,Tx,91750,Yes,Yes,No,Cellular,Blue-Collar,36564,2
713364783,53,M,3,Post-Graduate,Married,Ny,91750,No,Yes,No,Cellular,Businessman,111207,1
713366583,31,F,2,Graduate,Married,Fl,91750,Yes,Yes,No,Cellular,Blue-Collar,13327,1
713367858,40,M,4,Uneducated,Single,Ca,91750,Yes,No,Yes,Cellular,Businessman,110472,1
713368833,49,F,3,Uneducated,Single,Ny,91750,No,Yes,No,Unknown,Retirees,44876,1
713370033,26,F,0,Graduate,Single,Fl,91750,Yes,No,Yes,Unknown,Blue-Collar,20192,2
713371233,38,F,2,High School,Married,Nj,91750,No,Yes,Yes,Cellular,Businessman,36346,3
713372583,26,F,0,Graduate,Single,Ny,91750,Yes,Yes,No,Cellular,Businessman,42198,3
713373708,55,F,1,Unknown,Married,Ca,91750,No,No,No,Cellular,White-Collar,27997,3
713374533,60,F,1,Graduate,Married,Nj,91750,No,No,No,Cellular,Retirees,45163,3
713375658,52,F,2,High School,Single,Ny,91750,No,Yes,No,Unknown,Selfemployeed,25074,3
713378133,27,F,1,Graduate,Married,Ia,91750,No,Yes,No,Unknown,White-Collar,27599,2
713379258,57,F,2,Post-Graduate,Single,Tx,91750,No,Yes,No,Cellular,Businessman,226140,2
713380308,56,M,2,Uneducated,Married,Ny,91750,No,Yes,No,Telephone,Govt,50018,2
713381433,65,M,0,Uneducated,Single,Ca,91750,No,No,No,Telephone,Blue-Collar,17328,3
713382558,59,M,0,Uneducated,Single,Tx,91750,No,Yes,Yes,Cellular,Businessman,56999,1
713384508,56,F,1,Unknown,Single,Tx,91750,No,Yes,Yes,Telephone,White-Collar,31603,3
713388108,38,F,2,High School,Single,Il,91750,Yes,No,No,Telephone,White-Collar,22721,3
713389233,38,F,4,Uneducated,Married,Ca,91750,Yes,No,No,Unknown,Retirees,37179,3
713390433,38,M,3,Graduate,Single,Fl,91750,No,No,No,Cellular,Govt,101263,3
713394858,46,M,3,High School,Single,Fl,91750,Yes,Yes,No,Cellular,Businessman,69503,1
713396358,52,M,3,Graduate,Single,Tx,91750,Yes,Yes,No,Cellular,Retirees,82758,3
713398158,44,F,3,High School,Unknown,Hi,91750,No,No,No,Cellular,Businessman,193843,2
713399583,46,M,3,Graduate,Married,Tx,91750,No,Yes,No,Cellular,Govt,115685,3
713401758,57,M,1,High School,Single,Tx,91750,No,No,Yes,Cellular,Businessman,84362,1
713405133,37,M,2,Graduate,Single,Fl,91750,No,Yes,No,Cellular,Businessman,88308,3
713407458,34,F,2,High School,Single,Fl,91750,Yes,Yes,No,Cellular,Govt,45843,1
713412558,50,F,0,High School,Married,Fl,91750,No,Yes,No,Unknown,White-Collar,31371,2
713413758,52,F,4,High School,Single,Ny,91750,Yes,No,No,Unknown,Blue-Collar,24553,1
713416233,44,F,3,Uneducated,Single,Ca,91750,No,Yes,No,Unknown,Businessman,16810,3
713417433,32,M,0,Graduate,Single,Tx,91750,Yes,Yes,No,Cellular,Blue-Collar,65287,1
713418558,43,F,3,Graduate,Married,Nj,91750,No,No,No,Cellular,White-Collar,42737,3
713419908,44,M,4,Graduate,Single,Tx,91750,No,Yes,No,Cellular,Selfemployeed,67668,1
713422083,31,F,1,High School,Single,Nj,91750,Yes,No,No,Cellular,Retirees,29709,3
713424108,51,F,3,Unknown,Single,Ca,91750,No,Yes,No,Cellular,Businessman,30360,3
713425383,47,M,2,Unknown,Married,Ia,91750,No,Yes,No,Cellular,White-Collar,85841,3
713426358,50,F,2,Graduate,Married,Nj,91750,No,No,No,Unknown,Selfemployeed,26580,3
713428833,47,F,2,Graduate,Unknown,Fl,91750,Yes,No,No,Telephone,Businessman,105435,3
713431008,54,F,2,Doctorate,Married,Ny,91750,Yes,No,No,Cellular,Govt,53377,2
713432508,46,M,3,Doctorate,Married,Ny,91750,No,Yes,Yes,Cellular,White-Collar,70048,3
713435058,61,M,2,Uneducated,Married,Tx,91750,No,Yes,No,Telephone,Blue-Collar,75172,1
713436183,45,M,5,Uneducated,Single,Tx,91750,No,Yes,Yes,Cellular,Businessman,76265,2
713437008,38,M,2,Graduate,Married,Ca,91750,No,No,No,Cellular,White-Collar,117681,2
713438358,51,F,3,Uneducated,Unknown,Ca,91750,No,No,Yes,Cellular,Govt,15443,2
713440833,47,F,4,Post-Graduate,Unknown,Fl,91750,No,No,Yes,Unknown,Govt,58639,2
713441958,32,F,2,High School,Single,Tx,91750,No,Yes,No,Cellular,Blue-Collar,10584,3
713442933,40,M,3,High School,Single,Tx,91750,Yes,Yes,No,Cellular,Blue-Collar,96095,2
713444058,37,F,1,Graduate,Married,Fl,91750,No,No,No,Unknown,White-Collar,36821,3
713445183,39,F,1,Graduate,Single,Tx,91750,No,No,No,Cellular,Govt,32532,3
713446083,35,M,4,High School,Married,Ny,91750,Yes,No,No,Cellular,Blue-Collar,47128,3
713447583,41,M,5,Graduate,Single,Tx,91750,No,Yes,No,Cellular,White-Collar,99709,1
713451408,40,F,4,Unknown,Single,Ny,91750,Yes,Yes,No,Cellular,Retirees,36932,2
713452533,59,F,1,High School,Married,Tx,91750,Yes,No,No,Unknown,Blue-Collar,37238,2
713453733,46,F,4,Doctorate,Married,Ca,91750,No,Yes,No,Cellular,Blue-Collar,37252,2
713455233,52,F,3,Graduate,Single,Ny,91750,Yes,Yes,No,Telephone,Selfemployeed,47956,2
713456583,43,F,4,Graduate,Married,Ca,91750,No,No,No,Unknown,Govt,35730,3
713460258,42,M,3,High School,Married,Ca,91750,Yes,Yes,No,Cellular,Govt,117653,2
713461533,34,F,4,High School,Single,Ny,91750,Yes,No,No,Unknown,White-Collar,34343,3
713462508,40,M,3,Post-Graduate,Married,Ca,91701,No,No,No,Cellular,White-Collar,128004,3
713463708,49,F,4,Unknown,Single,Fl,91750,Yes,No,No,Unknown,Retirees,28491,1
713464983,49,F,1,Unknown,Married,Ca,91750,No,Yes,No,Cellular,Selfemployeed,37807,3
713466033,53,F,5,Doctorate,Single,Ma,91750,No,No,No,Unknown,Selfemployeed,20204,3
713469333,47,F,1,Uneducated,Single,Sc,91750,No,Yes,No,Unknown,Businessman,15622,1
713474733,50,F,1,High School,Single,Ny,91750,No,Yes,No,Cellular,Businessman,15683,3
713475633,52,M,1,Doctorate,Married,Nj,91750,Yes,No,No,Cellular,Businessman,154903,3
713476758,61,M,0,Graduate,Married,Ny,91750,No,No,No,Cellular,Blue-Collar,57127,1
713480583,58,F,1,Uneducated,Married,Ny,91750,No,Yes,No,Unknown,Selfemployeed,14975,2
713482608,48,F,1,Graduate,Single,Tx,91750,No,Yes,No,Cellular,Businessman,49078,3
713484483,50,F,5,Uneducated,Single,Ca,91750,Yes,Yes,No,Cellular,Businessman,25084,1
713486583,60,M,1,Graduate,Single,Fl,91750,No,No,No,Telephone,Blue-Collar,117030,3
713487633,40,M,4,Graduate,Married,Ny,91750,Yes,Yes,No,Cellular,Businessman,105964,3
713489358,48,F,1,High School,Married,Ca,91750,No,Yes,No,Cellular,Blue-Collar,41706,1
713490483,43,F,4,Graduate,Single,Ca,91750,Yes,Yes,No,Cellular,Retirees,15074,3
713492583,47,F,5,Unknown,Married,Tx,91750,Yes,No,No,Cellular,Businessman,25295,2
713497983,53,F,1,Unknown,Married,Ca,91750,No,Yes,No,Cellular,Retirees,37639,1
713499408,59,M,1,Graduate,Single,Fl,91750,Yes,No,No,Cellular,Govt,50519,1
713503983,42,F,3,Graduate,Married,Ca,91750,Yes,Yes,No,Unknown,Blue-Collar,39416,1
713508333,39,M,3,Graduate,Married,Fl,91750,No,No,No,Cellular,Retirees,69927,3
713509908,51,M,4,High School,Single,Ca,91750,No,Yes,No,Cellular,Businessman,75354,3
713511108,46,F,3,Graduate,Single,Ny,91750,Yes,Yes,No,Cellular,Blue-Collar,13283,1
713512308,35,F,1,Uneducated,Married,Ca,91750,Yes,Yes,No,Cellular,Businessman,23875,1
713514633,47,M,4,Unknown,Married,Ca,91750,Yes,No,No,Cellular,Businessman,112956,2
713516433,46,F,4,Uneducated,Married,Nv,91750,Yes,Yes,No,Unknown,Businessman,33630,2
713519508,39,M,3,Unknown,Married,Ny,91750,No,Yes,No,Unknown,Businessman,91898,3
713520858,37,F,1,High School,Married,Ca,90660,Yes,Yes,No,Cellular,Businessman,228280,2
713522058,43,M,5,Graduate,Single,Ca,91750,Yes,No,No,Cellular,White-Collar,56844,2
713526258,44,F,5,Graduate,Single,Ca,91750,No,No,No,Cellular,Blue-Collar,20282,3
713529858,44,F,3,Graduate,Married,Ca,91750,No,No,No,Unknown,Businessman,28480,3
713530833,38,F,1,Graduate,Married,Tx,91750,No,Yes,No,Cellular,Selfemployeed,1250,3
713531808,53,M,3,Unknown,Single,Nj,91750,No,Yes,No,Cellular,White-Collar,64342,2
713532858,37,F,1,Graduate,Single,Ca,91750,No,No,No,Cellular,Selfemployeed,49652,2
713533983,46,F,4,Post-Graduate,Married,Ca,91750,Yes,Yes,No,Cellular,Selfemployeed,14975,2
713535033,60,F,1,Unknown,Single,Tx,91750,No,Yes,No,Cellular,Selfemployeed,35474,3
713536158,35,F,4,Uneducated,Married,Tx,91750,Yes,No,Yes,Cellular,Selfemployeed,14975,3
713537733,37,M,3,Uneducated,Single,Ca,91750,Yes,Yes,No,Unknown,Businessman,105085,2
713539833,40,F,2,Post-Graduate,Single,Ca,91750,Yes,Yes,No,Unknown,Selfemployeed,14975,3
713541033,47,M,3,Graduate,Single,Tx,91750,No,No,No,Cellular,Retirees,69069,3
713542008,42,F,3,High School,Married,Ny,91750,No,No,No,Cellular,Selfemployeed,54621,3
713542908,54,F,5,Unknown,Married,Tx,91750,Yes,Yes,No,Cellular,Businessman,220739,2
713546883,39,M,1,Unknown,Married,Fl,91750,No,No,No,Unknown,Businessman,91008,3
713548158,44,F,2,Post-Graduate,Married,Mn,91750,Yes,Yes,No,Cellular,Businessman,26062,3
713550483,51,F,3,Graduate,Married,Ia,91750,No,No,No,Cellular,Businessman,140212,2
713552958,56,M,2,High School,Married,Nj,91750,Yes,No,Yes,Cellular,Businessman,186628,2
713555133,41,F,3,High School,Single,Ny,91750,Yes,Yes,No,Cellular,Retirees,27242,3
713556033,61,F,0,Graduate,Single,Fl,91750,Yes,No,No,Cellular,Businessman,46147,3
713557533,45,F,5,Unknown,Unknown,Tx,91750,Yes,Yes,No,Cellular,Selfemployeed,31319,2
713560758,51,F,0,Graduate,Married,Ca,90026,No,No,No,Unknown,Businessman,130403,3
713563383,44,M,0,Unknown,Married,Tx,91750,No,Yes,No,Cellular,Govt,43853,3
713564208,45,F,3,High School,Married,Ny,91750,No,Yes,Yes,Cellular,Selfemployeed,52112,2
713567958,56,F,1,Graduate,Single,Fl,91750,No,Yes,No,Cellular,Govt,56323,3
713569158,51,F,4,Unknown,Married,Tx,91750,Yes,Yes,No,Cellular,Businessman,21320,3
713571258,50,F,4,Graduate,Married,Fl,91750,No,Yes,Yes,Cellular,Selfemployeed,12150,2
713572683,43,F,3,Graduate,Married,Ny,91750,No,No,No,Cellular,Selfemployeed,10361,3
713573508,40,F,2,Uneducated,Married,Nv,91750,Yes,No,No,Unknown,Selfemployeed,14975,2
713574708,58,F,3,Graduate,Married,Tx,91750,No,No,No,Unknown,Selfemployeed,34894,3
713577483,57,F,2,Uneducated,Married,Ny,91750,No,Yes,No,Unknown,Selfemployeed,14975,2
713578608,35,M,3,Uneducated,Married,Ny,91750,Yes,No,No,Cellular,Blue-Collar,49778,3
713579733,36,F,2,Graduate,Married,Ca,91750,Yes,Yes,No,Telephone,White-Collar,30424,2
713580633,53,F,1,High School,Married,Ca,91750,Yes,Yes,No,Cellular,Blue-Collar,10833,3
713583408,36,F,0,Uneducated,Married,Fl,91750,Yes,Yes,No,Cellular,Selfemployeed,23034,2
713585958,44,F,3,Uneducated,Married,Fl,91750,No,Yes,No,Unknown,Blue-Collar,14502,2
713586858,27,M,0,Graduate,Single,Nj,91750,Yes,No,No,Cellular,Businessman,52885,3
713588958,48,F,3,Unknown,Single,Fl,91750,No,Yes,Yes,Telephone,Blue-Collar,39935,2
713590158,44,F,4,Post-Graduate,Single,Ca,91750,Yes,Yes,No,Unknown,Businessman,20606,3
713591283,46,F,3,High School,Single,Tx,91750,No,Yes,No,Cellular,White-Collar,59945,2
713592408,41,F,5,Unknown,Married,Tx,91750,No,No,No,Unknown,Selfemployeed,36930,2
713593683,47,F,3,Unknown,Married,Fl,91750,Yes,No,No,Cellular,Retirees,38061,3
713594883,51,F,1,Graduate,Single,Fl,91750,Yes,Yes,No,Cellular,Selfemployeed,26377,2
713597658,42,F,3,Graduate,Married,Tx,91750,Yes,Yes,No,Cellular,Blue-Collar,20313,2
713600958,46,F,4,Graduate,Single,Mn,91750,Yes,No,Yes,Cellular,Retirees,39845,2
713605908,46,F,3,Unknown,Single,Ny,91750,No,No,No,Telephone,Govt,43941,2
713607108,47,M,3,High School,Single,Ny,91750,No,No,No,Cellular,Blue-Collar,64794,2
713608383,54,F,2,Uneducated,Single,Ny,91750,No,Yes,Yes,Cellular,Selfemployeed,14975,2
713610033,47,F,3,Unknown,Single,Ny,91750,Yes,Yes,Yes,Cellular,Selfemployeed,11758,3
713610933,58,M,0,High School,Unknown,Fl,91750,No,Yes,No,Cellular,Govt,56252,2
713613258,43,M,3,Unknown,Single,Fl,91750,Yes,No,Yes,Cellular,Blue-Collar,63756,2
713617608,44,F,4,Unknown,Married,Ca,91750,Yes,Yes,No,Cellular,Selfemployeed,53915,3
713620308,60,M,1,Unknown,Single,Nj,91750,No,Yes,No,Unknown,Selfemployeed,10459,2
713625483,47,F,4,High School,Single,Ca,91750,No,No,No,Cellular,Selfemployeed,14854,2
713629533,49,F,1,Graduate,Married,Ca,91750,No,Yes,No,Cellular,Govt,57697,3
713630733,48,F,3,High School,Single,Ca,91750,No,Yes,No,Cellular,Retirees,30848,3
713632983,58,M,0,Graduate,Married,Ny,91750,No,Yes,No,Cellular,Govt,108680,3
713634108,50,F,3,Graduate,Married,Ca,91750,No,No,No,Cellular,Blue-Collar,56630,3
713637783,52,F,1,High School,Married,Tx,91750,No,Yes,No,Cellular,Blue-Collar,16254,3
713639058,53,F,3,Uneducated,Married,Ca,91750,Yes,No,No,Cellular,Blue-Collar,12008,2
713639958,47,F,4,High School,Married,Ca,91750,No,No,No,Unknown,Blue-Collar,11985,2
713641233,40,F,4,Graduate,Single,Ca,91750,Yes,No,No,Cellular,Selfemployeed,38723,3
713642133,35,M,3,Graduate,Married,Ny,91750,Yes,No,No,Cellular,White-Collar,68674,2
713643858,50,F,0,Graduate,Single,Fl,91750,No,No,No,Cellular,Govt,18352,3
713644758,32,M,2,High School,Single,Ny,91750,No,No,No,Cellular,Govt,50243,2
713645883,48,M,3,Graduate,Married,Nv,91750,No,No,No,Cellular,Businessman,95682,3
713647083,44,F,3,Graduate,Married,Nj,91750,No,No,No,Cellular,Businessman,40593,2
713648208,53,M,3,High School,Married,Oh,91750,No,Yes,No,Cellular,Businessman,71606,3
713650683,51,F,2,Graduate,Married,Ny,91750,No,No,No,Cellular,Selfemployeed,14975,3
713652783,38,M,2,Uneducated,Single,Ca,91750,Yes,Yes,No,Cellular,Retirees,100175,3
713653983,49,M,1,Graduate,Unknown,Ny,91750,Yes,Yes,No,Cellular,White-Collar,58429,3
713655108,47,M,5,Unknown,Single,Fl,91750,No,No,No,Cellular,Businessman,156540,2
713656308,46,F,3,High School,Married,Nv,91750,No,Yes,No,Cellular,Blue-Collar,53767,3
713657733,44,M,4,Graduate,Married,Ny,91750,No,No,No,Cellular,Selfemployeed,42529,3
713661933,40,M,3,Unknown,Married,Ny,91750,Yes,Yes,No,Cellular,White-Collar,80136,3
713663508,44,F,4,Uneducated,Married,Tx,91750,Yes,Yes,No,Cellular,Selfemployeed,5525,3
713664258,45,M,5,Unknown,Married,Ca,91750,No,No,No,Cellular,White-Collar,103106,3
713666058,61,M,0,Post-Graduate,Single,Tx,91750,No,No,No,Unknown,Businessman,55739,3
713668158,49,M,3,Graduate,Married,Fl,91750,No,No,No,Telephone,Businessman,118340,3
713670333,55,F,2,Graduate,Married,Ca,91750,No,No,No,Cellular,Selfemployeed,12806,2
713671158,40,F,4,Uneducated,Single,Fl,91750,No,Yes,No,Cellular,Businessman,222792,2
713672208,46,F,4,High School,Married,Tx,91750,Yes,Yes,No,Cellular,White-Collar,36521,2
713675658,54,M,1,High School,Married,Ny,91750,No,Yes,No,Cellular,Retirees,72129,3
713677158,29,F,0,Uneducated,Married,Ca,91750,No,No,No,Unknown,Govt,21962,2
713679633,40,F,4,Graduate,Single,Ca,91750,Yes,Yes,No,Cellular,Businessman,16353,2
713681433,56,M,3,High School,Married,Fl,91750,No,Yes,No,Unknown,Govt,89786,2
713682708,36,F,3,Unknown,Single,Fl,91750,No,No,No,Cellular,Retirees,40494,3
713685033,51,F,4,Graduate,Single,Nj,91750,No,Yes,No,Cellular,Selfemployeed,17055,3
713686008,54,M,1,Graduate,Married,Il,91750,No,No,No,Cellular,White-Collar,123337,2
713687508,43,F,4,Post-Graduate,Married,Co,91750,No,Yes,Yes,Cellular,Selfemployeed,35172,2
713688933,47,M,4,Unknown,Single,Ca,91750,No,No,No,Cellular,Govt,110056,3
713691633,44,F,1,Uneducated,Single,Fl,91750,No,Yes,No,Cellular,Businessman,215936,3
713692683,60,F,1,Unknown,Single,Tx,91750,No,No,Yes,Cellular,White-Collar,35582,3
713693958,51,F,2,Graduate,Married,Fl,91750,Yes,Yes,No,Cellular,Selfemployeed,11418,2
713695158,48,M,3,Graduate,Married,Fl,91750,Yes,Yes,Yes,Cellular,White-Collar,90062,2
713696808,39,F,1,Unknown,Married,Ca,91750,No,No,No,Cellular,Govt,24244,2
713697933,40,M,3,Graduate,Married,Ny,91750,Yes,Yes,No,Cellular,Govt,108174,2
713700258,47,M,3,Uneducated,Single,Tx,91750,No,Yes,No,Cellular,Blue-Collar,72423,3
713701533,65,F,0,Graduate,Married,Nj,91750,No,Yes,Yes,Cellular,Govt,39041,2
713705358,54,M,3,Post-Graduate,Married,Fl,91750,Yes,No,No,Cellular,White-Collar,147671,2
713706258,45,M,5,High School,Married,Ny,91750,Yes,Yes,No,Cellular,White-Collar,83821,2
713708358,54,M,2,Graduate,Single,Tx,91750,No,No,No,Cellular,White-Collar,119617,2
713709258,49,M,4,High School,Single,Tx,91750,No,Yes,No,Cellular,White-Collar,61838,2
713710383,43,M,4,Unknown,Unknown,Ca,91750,No,Yes,Yes,Unknown,Retirees,31244,1
713713983,40,M,3,High School,Single,Ca,91750,Yes,No,No,Unknown,White-Collar,84962,2
713717283,47,F,3,Graduate,Unknown,Fl,91750,No,No,No,Cellular,Selfemployeed,14975,1
713718558,34,F,3,Graduate,Single,Nj,91750,No,No,No,Unknown,Retirees,36961,2
713722608,64,M,0,High School,Married,Nj,91750,No,No,No,Cellular,White-Collar,15131,2
713723433,52,M,2,Graduate,Single,Tx,91750,Yes,No,No,Cellular,Blue-Collar,52904,2
713725683,58,F,1,High School,Married,Ak,72023,No,No,No,Cellular,Selfemployeed,30771,3
713726958,48,F,1,Graduate,Married,Ca,91750,No,Yes,Yes,Cellular,Selfemployeed,23256,1
713730108,44,M,0,High School,Single,Fl,91750,No,Yes,No,Cellular,Businessman,74154,3
713730933,43,F,4,Unknown,Single,Tx,91750,Yes,Yes,No,Unknown,Selfemployeed,14975,3
713732883,62,M,1,Graduate,Single,Tx,91750,No,Yes,Yes,Cellular,Blue-Collar,77658,2
713733633,54,M,4,High School,Single,Ny,91750,No,No,No,Cellular,White-Collar,119373,3
713734758,46,F,2,Graduate,Single,Fl,91750,No,No,No,Cellular,Businessman,21252,3
713735508,39,F,3,Graduate,Married,Fl,91750,Yes,No,No,Cellular,White-Collar,19661,2
713736333,49,F,3,High School,Married,Ca,91750,Yes,Yes,Yes,Cellular,White-Collar,16544,3
713738883,46,F,2,High School,Married,Tx,91750,No,No,No,Cellular,Blue-Collar,10861,3
713739708,47,M,3,Graduate,Married,Tx,91750,No,No,No,Cellular,Govt,64507,1
713740533,33,F,1,High School,Single,Ny,91750,Yes,Yes,No,Cellular,Retirees,28285,3
713741358,48,F,4,Graduate,Single,Nv,91750,Yes,Yes,No,Cellular,Selfemployeed,1250,2
713743158,37,M,3,High School,Married,Fl,91750,No,Yes,No,Cellular,Selfemployeed,11012,1
713744058,50,M,4,High School,Married,Ca,91750,No,Yes,No,Cellular,Blue-Collar,96541,3
713745783,42,F,2,Post-Graduate,Married,Ny,91750,Yes,No,No,Cellular,Govt,25844,1
713746608,51,M,4,Graduate,Married,Ca,91750,No,No,No,Cellular,Govt,54879,1
713747733,43,F,2,Graduate,Married,Tx,91750,Yes,No,No,Cellular,Selfemployeed,20154,3
713748708,57,F,2,Graduate,Single,Ny,91750,No,Yes,No,Cellular,Selfemployeed,15178,1
713750583,40,F,3,High School,Unknown,Ca,91750,Yes,Yes,No,Unknown,Selfemployeed,23255,1
713755458,40,M,3,Uneducated,Married,Ca,91750,Yes,Yes,Yes,Cellular,White-Collar,119385,3
713756508,44,F,3,Doctorate,Married,Ny,91750,No,No,No,Cellular,Blue-Collar,10901,2
713757633,44,F,2,Graduate,Married,Ca,91750,Yes,Yes,No,Unknown,Selfemployeed,14975,2
713758758,21,M,1,Graduate,Single,Ny,91750,No,No,No,Unknown,Businessman,238949,1
713759583,56,M,2,High School,Unknown,Ny,91750,No,Yes,Yes,Cellular,White-Collar,83045,3
713761608,51,M,3,Uneducated,Single,Ny,91750,No,Yes,No,Cellular,Govt,114593,2
713763633,28,M,1,Post-Graduate,Single,Tx,91750,No,Yes,No,Cellular,Selfemployeed,14975,3
713764458,42,F,2,Uneducated,Single,Ca,91750,No,Yes,No,Unknown,Govt,37569,2
713766183,35,M,1,Graduate,Married,Ca,91750,No,No,No,Cellular,Blue-Collar,52220,1
713767383,54,F,2,Graduate,Single,Ny,91750,No,No,No,Unknown,Govt,26609,3
713768358,52,F,3,Uneducated,Unknown,Ca,90660,No,Yes,Yes,Cellular,Businessman,212278,2
713769258,48,F,2,Graduate,Single,Tx,91750,Yes,Yes,No,Cellular,Blue-Collar,29519,3
713770383,35,F,4,High School,Single,Tx,91750,No,Yes,No,Cellular,Blue-Collar,32375,3
713772333,55,F,0,Graduate,Single,Fl,91750,No,No,No,Cellular,Govt,19586,2
713773458,34,F,2,Graduate,Single,Ny,91750,No,No,No,Cellular,Blue-Collar,14038,3
713777883,51,F,2,Unknown,Married,Ca,91750,No,No,No,Cellular,Retirees,38590,3
713779908,26,F,0,Uneducated,Single,Ca,91750,Yes,No,No,Cellular,Selfemployeed,11279,2
713782608,41,M,4,Doctorate,Married,Tx,91750,No,No,No,Cellular,White-Collar,98081,3
713784558,47,M,0,Graduate,Married,Tx,91750,Yes,Yes,No,Cellular,Govt,80014,3
713785608,46,M,2,Unknown,Married,Tx,91750,No,No,No,Cellular,Retirees,85402,3
713786508,43,F,4,Uneducated,Married,Ny,91750,Yes,No,No,Unknown,Blue-Collar,10538,3
713787333,50,F,2,Graduate,Single,Ne,91750,Yes,Yes,No,Cellular,Businessman,181930,1
713788083,49,F,3,Doctorate,Married,Fl,91750,Yes,No,No,Unknown,Blue-Collar,17999,2
713789883,43,M,3,Uneducated,Married,Ca,91750,Yes,No,No,Cellular,Businessman,93885,3
713790708,53,F,2,High School,Single,Ca,91750,No,No,No,Telephone,Blue-Collar,24531,3
713792583,52,M,3,Graduate,Married,Tx,91750,No,No,No,Cellular,Selfemployeed,69108,1
713796033,26,F,1,Unknown,Single,Nj,91750,No,Yes,No,Cellular,White-Collar,18087,1
713798958,48,M,2,Graduate,Married,Tx,91750,Yes,No,No,Cellular,Retirees,72413,2
713800158,47,F,2,Uneducated,Married,Ny,91750,Yes,Yes,No,Cellular,Selfemployeed,14975,3
713803158,39,M,3,Uneducated,Married,Ca,91750,No,Yes,No,Cellular,Blue-Collar,70866,2
713804058,38,M,3,Unknown,Married,Ca,91750,Yes,Yes,Yes,Cellular,Govt,72516,1
713804883,45,F,1,Uneducated,Married,Ny,91750,Yes,Yes,No,Cellular,Retirees,16038,3
713808633,43,M,4,Unknown,Married,Tx,91750,Yes,No,Yes,Cellular,White-Collar,141776,1
713809833,40,M,3,High School,Unknown,Ny,91750,Yes,No,No,Cellular,White-Collar,74115,1
713810658,56,M,0,High School,Unknown,Ny,91750,Yes,Yes,No,Unknown,White-Collar,126113,3
713814408,34,M,1,Unknown,Married,Tx,91750,No,Yes,No,Cellular,Govt,40083,3
713815383,58,F,0,Uneducated,Single,Mi,91750,No,No,No,Unknown,Businessman,22497,3
713818158,52,M,2,Doctorate,Married,Ca,91750,No,No,No,Cellular,Govt,95184,3
713819283,48,F,3,Uneducated,Married,Tx,91750,No,No,No,Cellular,White-Collar,34152,2
713822208,44,F,1,High School,Married,Ny,91750,No,Yes,No,Cellular,Retirees,17400,2
713823033,65,F,0,Graduate,Married,Fl,91750,No,No,Yes,Cellular,Selfemployeed,2565,1
713824983,50,M,2,Graduate,Single,Ca,91750,No,No,Yes,Cellular,Blue-Collar,106743,2
713826183,50,F,3,Graduate,Married,Tx,91750,Yes,No,No,Telephone,Retirees,24066,3
713827383,64,M,1,Graduate,Married,Tx,91750,No,Yes,No,Unknown,Selfemployeed,18800,1
713828208,50,F,1,Graduate,Married,Fl,91750,No,Yes,No,Cellular,Retirees,17952,3
713830233,44,F,2,Graduate,Married,Ca,91750,No,Yes,No,Cellular,Govt,16611,3
713833233,50,F,1,Uneducated,Married,Ga,91750,No,No,No,Cellular,Businessman,201492,3
713834358,46,F,5,High School,Married,Ny,91750,No,No,No,Cellular,Selfemployeed,14975,1
713835258,59,F,1,Graduate,Single,Tx,91750,Yes,No,No,Cellular,Selfemployeed,14975,3
713837058,49,F,4,Graduate,Unknown,Ny,91750,Yes,Yes,No,Cellular,Selfemployeed,10470,1
713843283,65,M,0,Graduate,Single,Ca,91750,No,No,No,Unknown,Selfemployeed,14975,3
713845083,59,F,0,Graduate,Unknown,Ca,91750,No,No,No,Cellular,Selfemployeed,14975,1
713847858,48,F,2,Unknown,Single,Wa,54101,No,Yes,No,Unknown,Businessman,17074,3
713850783,49,M,3,Graduate,Married,Fl,91750,Yes,No,No,Cellular,Govt,82726,3
713852958,51,F,1,Uneducated,Single,Ca,91750,Yes,Yes,Yes,Cellular,Govt,44603,3
713853858,31,F,1,High School,Married,Tx,91750,No,Yes,No,Cellular,Retirees,30341,1
713854608,50,F,2,Graduate,Unknown,Fl,91750,No,Yes,No,Cellular,Retirees,27575,3
713856708,40,F,3,Graduate,Married,Tx,91750,Yes,No,No,Cellular,Blue-Collar,57928,3
713857758,44,F,3,Uneducated,Married,Ct,91750,No,Yes,No,Unknown,Businessman,16533,1
713858733,38,M,3,Graduate,Single,Ca,91750,No,Yes,No,Cellular,Retirees,58450,3
713861733,37,F,3,Graduate,Single,Fl,91750,No,No,No,Cellular,Retirees,15474,2
713865333,36,F,1,Uneducated,Single,Tx,91750,No,Yes,No,Cellular,Selfemployeed,2565,3
713866308,43,F,3,Graduate,Married,Nj,91750,No,No,No,Cellular,Blue-Collar,51352,1
713868033,43,F,3,High School,Single,Ca,91007,Yes,No,No,Unknown,Businessman,233828,1
713869083,52,M,3,Graduate,Married,Fl,91750,No,Yes,No,Unknown,Businessman,188775,2
713870958,49,M,4,Graduate,Single,Tx,91750,Yes,Yes,No,Cellular,Blue-Collar,114091,5
713872008,26,M,0,Graduate,Single,Fl,91750,No,Yes,No,Cellular,White-Collar,72963,1
713872833,54,M,1,Unknown,Single,Tx,91750,Yes,Yes,No,Telephone,White-Collar,102583,2
713873658,45,M,3,Graduate,Married,Nj,91750,No,Yes,No,Cellular,Govt,77389,3
713876958,56,M,1,High School,Single,Ca,91750,No,No,No,Cellular,Businessman,90858,3
713879283,43,F,4,Unknown,Unknown,Ca,91750,No,Yes,No,Unknown,Selfemployeed,14975,2
713880633,59,M,0,High School,Married,Ny,91750,No,Yes,No,Cellular,Blue-Collar,117185,3
713884458,40,M,3,High School,Married,Fl,91750,Yes,No,No,Cellular,Govt,61907,1
713886333,43,F,2,Graduate,Married,Fl,91750,Yes,No,No,Cellular,Selfemployeed,14975,3
713889933,26,F,0,High School,Single,Nj,91750,Yes,No,No,Cellular,Selfemployeed,14975,3
713891133,57,F,3,Graduate,Unknown,Tx,91750,Yes,No,No,Cellular,Govt,17879,1
713893308,32,M,1,High School,Single,Fl,91750,Yes,Yes,No,Cellular,White-Collar,19654,3
713894358,53,M,1,Graduate,Married,Nj,91750,Yes,No,No,Telephone,Govt,108724,2
713895633,51,F,2,Post-Graduate,Single,Ca,90277,No,Yes,No,Unknown,Businessman,162630,1
713896533,47,F,3,Graduate,Unknown,Ca,91750,No,No,No,Unknown,Selfemployeed,35155,3
713899383,53,F,1,Unknown,Married,Tx,91750,No,Yes,No,Cellular,Businessman,176762,3
713901108,26,M,0,High School,Single,Fl,91750,Yes,Yes,No,Cellular,Businessman,37468,1
713902983,54,F,4,High School,Married,Ny,91750,Yes,Yes,No,Telephone,Businessman,59716,3
713904708,46,M,4,Graduate,Single,Ny,91750,Yes,No,No,Cellular,Blue-Collar,85945,3
713905608,54,F,3,High School,Married,Tx,91750,Yes,No,No,Cellular,Govt,35818,3
713906508,41,M,4,Graduate,Unknown,Ca,91750,No,Yes,No,Cellular,Businessman,44578,3
713907633,45,M,5,Doctorate,Married,Ca,91750,No,No,No,Unknown,Govt,107941,2
713908683,57,F,2,Doctorate,Married,Ca,91750,No,Yes,No,Unknown,Selfemployeed,12895,3
713910108,47,F,5,Uneducated,Married,Ca,91750,Yes,Yes,No,Cellular,Selfemployeed,14975,3
713911233,44,M,1,Uneducated,Married,Ny,91750,Yes,No,No,Cellular,Selfemployeed,105124,3
713914683,35,M,2,Post-Graduate,Single,Ny,91750,No,No,No,Cellular,Blue-Collar,79597,2
713916708,50,M,1,Graduate,Married,Nj,91750,No,No,No,Cellular,White-Collar,107595,2
713918358,34,M,3,Graduate,Married,Fl,91750,No,No,No,Cellular,Retirees,84581,1
713919183,41,M,4,Graduate,Married,Ny,91750,Yes,Yes,No,Cellular,Govt,71809,2
713920158,64,F,0,Unknown,Married,Nj,91750,No,No,No,Cellular,Selfemployeed,14975,3
713921058,49,F,4,Uneducated,Unknown,Il,91750,Yes,No,No,Unknown,Blue-Collar,12106,1
713922183,53,M,3,Graduate,Single,Fl,91750,No,No,No,Cellular,Selfemployeed,63778,3
713923233,42,F,2,Unknown,Single,Ca,91750,No,Yes,No,Cellular,Retirees,36942,1
713924283,39,M,1,Graduate,Married,Ca,91750,Yes,No,No,Unknown,Blue-Collar,117431,3
713926308,45,M,2,Graduate,Single,Tx,91750,Yes,Yes,No,Cellular,Businessman,64868,1
713927283,32,M,1,Doctorate,Single,Fl,91750,No,Yes,No,Cellular,Govt,79295,3
713929533,39,F,1,Uneducated,Single,Tx,91750,No,Yes,No,Cellular,Selfemployeed,20925,3
713930433,39,F,1,High School,Married,Ny,91750,No,Yes,No,Cellular,White-Collar,18499,2
713931258,52,F,4,Unknown,Married,Ca,91750,Yes,No,No,Unknown,White-Collar,19737,3
713933658,43,M,4,Graduate,Unknown,Tx,91750,Yes,No,No,Telephone,Selfemployeed,50765,3
713934633,41,M,4,Graduate,Single,Ny,91750,No,Yes,No,Cellular,Businessman,117447,1
713935533,45,F,3,Unknown,Unknown,Tx,91750,No,No,Yes,Cellular,Businessman,46348,3
713936583,63,M,1,High School,Single,Ca,91750,Yes,No,No,Cellular,Govt,23199,1
713937558,58,F,2,Uneducated,Married,Nj,91750,No,No,Yes,Cellular,Selfemployeed,57638,1
713940033,54,F,2,Unknown,Single,Ny,91750,No,Yes,No,Cellular,Retirees,38201,3
713941158,44,M,1,Graduate,Single,Ca,91750,Yes,Yes,No,Cellular,Businessman,62351,3
713943783,49,F,4,Post-Graduate,Single,Tx,91750,Yes,No,No,Unknown,Selfemployeed,9535,2
713944833,48,M,2,Graduate,Married,Fl,91750,No,Yes,No,Cellular,Govt,68736,3
713945883,40,F,2,Graduate,Single,Ca,91750,No,Yes,No,Telephone,Selfemployeed,2565,5
713947908,53,M,2,Unknown,Single,Ca,91750,Yes,Yes,No,Cellular,Businessman,61917,2
713948808,48,M,4,Graduate,Married,Ny,91750,No,Yes,No,Cellular,Govt,82555,5
713949858,44,F,3,High School,Single,Ca,91750,No,Yes,No,Telephone,Selfemployeed,14975,2
713952558,49,F,1,High School,Married,Tx,91750,No,No,No,Cellular,Govt,21987,3
713953383,57,F,2,Graduate,Single,Ca,91750,No,No,No,Cellular,Blue-Collar,23599,3
713956308,48,F,4,Uneducated,Married,Tx,91750,No,Yes,No,Unknown,Retirees,17924,3
713957283,33,F,3,Graduate,Single,Fl,91750,Yes,No,No,Cellular,Selfemployeed,21840,2
713962233,30,F,1,Graduate,Single,Ny,91750,No,Yes,No,Cellular,Selfemployeed,17589,3
713964858,40,M,3,Graduate,Unknown,Ny,91750,Yes,No,No,Cellular,Selfemployeed,49613,5
713965683,50,M,3,High School,Single,Nj,91750,Yes,Yes,No,Cellular,Businessman,237836,2
713967783,45,F,4,Graduate,Unknown,Fl,91750,Yes,Yes,No,Cellular,Selfemployeed,14975,2
713971608,41,F,3,High School,Married,Ny,91750,No,Yes,No,Cellular,Selfemployeed,58155,5
713972658,55,F,1,Graduate,Married,Tx,91750,No,No,No,Cellular,Blue-Collar,14421,3
713974533,48,F,4,Unknown,Married,Tx,91750,No,Yes,Yes,Cellular,Selfemployeed,34925,2
713975433,44,M,5,Graduate,Married,Ca,91007,No,Yes,No,Unknown,Businessman,184467,2
713976258,49,F,1,Unknown,Married,Tx,91750,No,Yes,No,Cellular,Businessman,34791,2
713977308,47,M,4,Graduate,Unknown,Ny,91750,No,No,No,Unknown,Businessman,42831,3
713980383,45,F,2,Doctorate,Married,Ca,91750,No,Yes,No,Cellular,White-Collar,18102,2
713981283,56,F,2,High School,Married,Tx,91750,Yes,No,Yes,Cellular,Selfemployeed,55977,2
713982108,43,F,2,Graduate,Married,Tx,91750,Yes,Yes,Yes,Unknown,White-Collar,17801,2
713983308,52,F,5,Unknown,Married,Tx,91750,No,Yes,Yes,Cellular,Selfemployeed,10467,3
713984208,48,F,4,Graduate,Married,Tx,91750,Yes,No,No,Cellular,Govt,48080,3
713985183,45,M,3,Graduate,Single,Nj,91750,No,No,No,Telephone,Govt,72082,2
713986908,51,F,2,Graduate,Single,Ca,90250,No,Yes,No,Cellular,Businessman,235100,5
713987808,51,F,4,Graduate,Married,Va,91750,No,Yes,Yes,Cellular,Businessman,192403,2
713989233,36,F,3,High School,Married,Fl,91750,No,No,No,Cellular,Selfemployeed,14975,5
713992158,49,F,3,High School,Married,Ny,91750,Yes,No,No,Telephone,Blue-Collar,12269,3
713993208,40,M,3,High School,Married,Va,91750,Yes,No,No,Cellular,Retirees,57490,5
713994108,37,F,2,High School,Single,Ny,91750,No,Yes,Yes,Unknown,Businessman,224040,3
713995233,56,M,3,High School,Single,Nj,91750,Yes,No,No,Cellular,Govt,74857,3
713996283,45,M,3,Uneducated,Single,Nj,91750,Yes,No,No,Telephone,Govt,95823,5
713997183,48,F,2,Graduate,Single,Ca,91750,No,No,No,Unknown,White-Collar,23627,2
713998233,53,F,3,Graduate,Married,Ny,91750,No,No,No,Cellular,White-Collar,32415,5
714000108,45,F,4,High School,Married,Ny,91750,Yes,No,No,Unknown,White-Collar,39964,3
714001008,53,M,3,Graduate,Married,Fl,91750,No,No,No,Cellular,White-Collar,149051,5
714002658,49,F,1,Uneducated,Married,Fl,91750,Yes,Yes,No,Cellular,Selfemployeed,13504,3
714003483,50,F,1,Unknown,Single,Ca,90275,Yes,Yes,No,Telephone,Businessman,209290,3
714005508,45,M,2,Graduate,Married,Ca,91750,Yes,No,Yes,Cellular,White-Collar,57780,5
714006333,40,F,4,Graduate,Single,Tx,91750,No,Yes,No,Cellular,Retirees,24974,5
714010383,47,F,4,Unknown,Single,Ny,91750,Yes,Yes,No,Unknown,Retirees,17936,5
714011358,49,F,1,Graduate,Married,Tx,91750,No,No,No,Unknown,Blue-Collar,33228,5
714012258,60,M,1,Uneducated,Married,Ny,91750,Yes,No,No,Telephone,Govt,50925,5
714013083,57,F,2,Graduate,Single,Ca,91750,Yes,No,No,Cellular,Blue-Collar,13663,3
714013983,53,F,2,Unknown,Married,Fl,91750,Yes,No,No,Unknown,Blue-Collar,21619,2
714014733,40,F,4,Post-Graduate,Married,Ny,91750,No,No,No,Unknown,Retirees,22950,2
714019083,51,M,2,Graduate,Married,Ca,91750,Yes,Yes,No,Unknown,Govt,114249,5
714021183,43,F,2,Doctorate,Single,Ca,91750,Yes,Yes,No,Cellular,Blue-Collar,40843,5
714022833,34,M,3,High School,Unknown,Tx,91750,No,Yes,No,Cellular,White-Collar,100760,2
714023808,41,F,2,Unknown,Single,Nj,91750,Yes,Yes,Yes,Unknown,Selfemployeed,14975,2
714024858,48,F,3,Uneducated,Single,Ca,91750,No,No,No,Cellular,Selfemployeed,14975,5
714028083,49,F,3,Graduate,Single,Ny,91750,Yes,No,No,Cellular,Govt,50111,3
714030183,39,F,0,Graduate,Married,Tx,91750,No,Yes,No,Unknown,Selfemployeed,35786,3
714031083,62,F,1,Graduate,Married,Nj,91750,No,Yes,No,Unknown,Blue-Collar,18740,5
714031983,39,F,4,Graduate,Married,Ca,91750,No,Yes,No,Cellular,Businessman,48328,5
714032883,48,M,3,Unknown,Unknown,Ny,91750,Yes,Yes,No,Cellular,Selfemployeed,70243,3
714034158,57,F,3,Graduate,Single,Ny,91750,Yes,Yes,No,Cellular,Blue-Collar,45835,3
714035283,40,F,2,Uneducated,Single,Ca,91750,No,No,No,Cellular,Blue-Collar,26292,3
714036258,59,F,1,Graduate,Married,Ca,91750,Yes,No,No,Cellular,Businessman,55403,5
714037308,62,M,0,High School,Married,Ny,91750,No,No,No,Cellular,Blue-Collar,78741,2
714038433,42,F,3,Graduate,Married,Tx,91750,No,No,No,Unknown,Govt,33779,3
714041283,35,M,3,Uneducated,Married,Ny,91750,No,Yes,No,Cellular,Blue-Collar,76141,5
714042108,35,M,0,High School,Single,Ca,91750,No,No,No,Cellular,Govt,102613,3
714043008,53,M,2,Graduate,Married,Nj,91750,No,No,No,Cellular,Blue-Collar,57152,2
714043833,53,F,4,Doctorate,Married,Tx,91750,Yes,No,Yes,Cellular,Businessman,34244,3
714045783,50,F,1,Post-Graduate,Single,Fl,91750,No,No,No,Unknown,Selfemployeed,22707,5
714046608,28,F,1,Post-Graduate,Single,Tx,91750,No,No,No,Cellular,Selfemployeed,38973,3
714047733,37,M,1,Graduate,Single,Ny,91750,No,No,No,Cellular,Businessman,103767,5
714048783,59,M,2,Graduate,Single,Fl,91750,No,Yes,No,Cellular,White-Collar,49565,5
714051033,50,F,2,Graduate,Married,Ca,91750,No,Yes,No,Cellular,Businessman,19390,2
714052158,52,M,3,Uneducated,Married,Fl,91750,Yes,No,No,Cellular,White-Collar,98614,2
714053358,46,F,4,Uneducated,Married,Tx,91750,No,No,No,Cellular,Blue-Collar,48352,3
714054408,47,M,3,Graduate,Single,Ny,91750,Yes,No,No,Cellular,Govt,112687,3
714058308,40,F,3,Unknown,Married,Ny,91750,Yes,No,No,Cellular,Govt,18867,3
714060408,39,F,1,Graduate,Single,Ca,91750,No,No,No,Cellular,Blue-Collar,53775,3
714062958,59,F,0,Graduate,Single,Tx,91750,No,Yes,No,Cellular,Businessman,29573,5
714064908,51,M,3,High School,Single,Fl,91750,No,Yes,No,Cellular,White-Collar,79439,3
714069858,46,F,3,High School,Married,Ny,91750,No,No,No,Unknown,Selfemployeed,14975,5
714070758,59,F,2,High School,Single,Fl,91750,No,No,No,Cellular,Selfemployeed,14975,3
714073983,50,F,0,Graduate,Married,Tx,91750,Yes,No,No,Cellular,Blue-Collar,15747,5
714074808,58,M,1,High School,Married,Fl,91750,Yes,Yes,No,Cellular,Businessman,72820,3
714075708,49,M,1,High School,Single,Ny,91750,No,Yes,No,Cellular,Retirees,79480,2
714076683,43,F,5,Graduate,Married,Fl,91750,Yes,No,No,Unknown,Govt,27957,2
714077583,42,M,3,Uneducated,Married,Tx,91750,Yes,Yes,Yes,Cellular,Businessman,77030,3
714078558,55,F,2,Doctorate,Married,Tx,91750,No,No,No,Unknown,Selfemployeed,11770,2
714080433,52,M,2,Graduate,Single,Fl,91750,No,Yes,No,Cellular,Businessman,76975,2
714081558,40,F,4,Unknown,Single,Tx,91750,Yes,Yes,No,Telephone,Blue-Collar,13009,5
714082308,49,M,0,Uneducated,Single,Ca,91750,No,No,No,Cellular,Govt,110572,5
714083208,45,M,4,Uneducated,Married,Ca,91750,No,No,Yes,Telephone,Govt,72963,5
714084483,35,F,1,High School,Married,Fl,91750,No,Yes,No,Cellular,Selfemployeed,14975,1
714086133,55,M,2,Uneducated,Single,Ca,91750,No,No,No,Cellular,White-Collar,69257,3
714087258,47,M,3,High School,Married,Ca,91750,Yes,No,No,Cellular,Govt,94792,3
714089658,42,F,2,Graduate,Single,Ca,91750,Yes,Yes,No,Cellular,Selfemployeed,20971,3
714091983,51,F,3,Graduate,Married,Nj,91750,Yes,No,No,Cellular,Selfemployeed,8250,2
714093108,57,F,4,High School,Single,Fl,91750,No,Yes,No,Cellular,Selfemployeed,14975,3
714097683,47,F,1,Graduate,Married,Nj,91750,Yes,No,No,Cellular,Blue-Collar,21936,2
714098883,52,M,3,Graduate,Married,Fl,91750,No,No,No,Cellular,Businessman,77713,1
714100008,51,F,2,Unknown,Married,Ny,91750,No,Yes,No,Cellular,Blue-Collar,22973,3
714102183,49,F,4,Graduate,Single,Fl,91750,No,No,No,Cellular,Blue-Collar,17464,3
714103083,57,M,2,Uneducated,Married,Va,91750,Yes,Yes,No,Cellular,Businessman,179286,1
714103908,52,M,3,Doctorate,Married,Ut,91750,No,No,No,Cellular,Blue-Collar,66315,3
714106833,34,M,2,High School,Single,Tx,91750,No,Yes,No,Telephone,Retirees,54825,1
714107958,47,F,2,High School,Married,Tx,91750,No,Yes,No,Cellular,Blue-Collar,14758,2
714109308,34,F,3,High School,Married,Fl,91750,No,No,No,Telephone,Businessman,211291,3
714111333,28,M,0,Uneducated,Single,Tx,91750,No,Yes,No,Cellular,Businessman,18328,2
714112383,46,F,2,Graduate,Single,Tx,91750,No,Yes,No,Cellular,Selfemployeed,12892,1
714113658,62,M,1,High School,Married,Ny,91750,Yes,Yes,No,Cellular,Govt,47003,3
714115533,44,F,5,Graduate,Married,Ca,91750,Yes,No,No,Cellular,White-Collar,30356,2
714118383,49,F,1,Uneducated,Married,Ca,91750,Yes,Yes,No,Cellular,Retirees,23806,1
714119283,45,F,3,Graduate,Married,Tx,91750,Yes,Yes,No,Unknown,Businessman,24359,2
714120258,35,F,3,Graduate,Single,Ny,91750,Yes,No,No,Cellular,Govt,32008,1
714121083,46,M,1,Uneducated,Married,Fl,91750,Yes,Yes,Yes,Cellular,Blue-Collar,94906,1
714121983,34,M,1,Uneducated,Single,Ny,91750,Yes,Yes,Yes,Cellular,Blue-Collar,74466,3
714124983,41,F,4,Graduate,Married,Mi,91750,No,No,Yes,Unknown,White-Collar,36237,1
714125883,46,F,2,High School,Single,Nj,91750,No,Yes,No,Cellular,Businessman,40575,3
714127383,36,F,1,Unknown,Single,Fl,91750,No,No,No,Unknown,Blue-Collar,23179,2
714128283,41,M,4,Uneducated,Single,Tx,91750,No,No,No,Cellular,White-Collar,119745,3
714130233,41,F,3,Doctorate,Single,Tx,91750,No,Yes,No,Unknown,Selfemployeed,14975,1
714131058,44,F,3,Unknown,Single,Fl,91750,Yes,No,No,Cellular,Selfemployeed,14975,2
714133158,39,F,3,Post-Graduate,Unknown,Fl,91750,Yes,No,No,Cellular,Selfemployeed,7865,1
714136233,54,M,1,Unknown,Married,Fl,91750,Yes,Yes,No,Cellular,Businessman,114155,2
714138408,41,M,1,Post-Graduate,Single,Mi,91750,No,No,No,Cellular,Businessman,50469,3
714139308,50,M,1,Uneducated,Single,Tx,91750,No,Yes,No,Cellular,Govt,75383,1
714140133,44,M,4,Uneducated,Unknown,Ca,91750,Yes,No,Yes,Cellular,Retirees,73847,1
714141108,65,F,0,Unknown,Single,Tx,91750,Yes,Yes,No,Cellular,Selfemployeed,13038,1
714142158,41,M,4,Graduate,Single,Ca,91750,Yes,Yes,No,Cellular,Retirees,44311,2
714144258,47,M,2,Graduate,Married,Fl,91750,No,Yes,No,Telephone,White-Collar,62076,2
714145233,49,M,4,Graduate,Married,Ny,91750,No,Yes,No,Cellular,Businessman,93786,1
714146208,35,F,1,Unknown,Married,Ny,91750,Yes,Yes,No,Cellular,Blue-Collar,44073,3
714147858,55,F,3,Unknown,Single,Ca,91750,Yes,Yes,No,Cellular,Govt,45302,2
714148758,42,M,3,Graduate,Unknown,Fl,91750,Yes,No,No,Cellular,Businessman,96437,3
714151533,46,F,2,High School,Unknown,Fl,91750,No,No,No,Unknown,Selfemployeed,14975,2
714154533,53,M,1,Graduate,Unknown,Ny,91750,Yes,Yes,No,Cellular,Retirees,64404,1
714155283,50,M,2,Graduate,Married,Ny,91750,No,Yes,No,Unknown,Businessman,81930,3
714156633,38,M,1,Graduate,Married,Ny,91750,No,Yes,No,Unknown,Govt,67449,1
714157908,36,M,2,Doctorate,Single,Ca,91750,No,No,No,Cellular,Selfemployeed,42316,1
714159858,46,F,4,Unknown,Married,Tx,91750,Yes,No,No,Cellular,Selfemployeed,14975,1
714162033,55,F,1,Graduate,Single,Ny,91750,No,No,No,Cellular,Selfemployeed,37321,3
714164808,53,F,1,High School,Married,Tx,91750,No,Yes,Yes,Unknown,Businessman,20854,3
714166833,43,M,3,Graduate,Single,Ca,91750,No,No,No,Cellular,Businessman,107977,3
714168183,41,M,5,High School,Married,Ny,91750,Yes,Yes,No,Cellular,Businessman,71791,2
714169083,41,M,1,Graduate,Single,Nj,91750,No,No,No,Cellular,Selfemployeed,87533,3
714169908,42,M,2,Graduate,Married,Tx,91750,No,No,Yes,Cellular,Blue-Collar,85630,1
714171108,43,F,4,Graduate,Married,Ca,91750,No,No,No,Cellular,Selfemployeed,10298,3
714172158,53,M,3,High School,Married,Ca,91750,Yes,No,No,Cellular,Businessman,66866,3
714173808,56,F,4,Graduate,Single,Ak,99504,Yes,No,No,Cellular,Selfemployeed,13103,1
714176133,59,M,1,Graduate,Single,Tx,91750,Yes,No,No,Cellular,White-Collar,54088,1
714178458,40,F,5,Uneducated,Married,Ca,91750,Yes,Yes,No,Unknown,Businessman,15834,1
714179658,31,F,0,Uneducated,Married,Ca,91750,No,No,No,Cellular,Govt,19868,3
714181008,42,M,4,Graduate,Single,Fl,91750,No,No,No,Cellular,White-Collar,65870,2
714186108,43,M,4,High School,Married,Fl,91750,No,Yes,No,Cellular,White-Collar,51014,2
714187533,46,F,2,Graduate,Married,Tx,91750,Yes,Yes,No,Cellular,Selfemployeed,11834,3
714188883,34,F,2,Unknown,Married,Ca,91750,No,Yes,No,Cellular,Selfemployeed,26022,3
714190983,57,M,2,Post-Graduate,Single,Tx,91750,No,No,No,Cellular,White-Collar,99124,3
714192033,49,F,2,Unknown,Unknown,Ca,91750,No,No,No,Cellular,Selfemployeed,47742,3
714192933,39,F,4,Doctorate,Married,Tx,91750,Yes,Yes,No,Cellular,Blue-Collar,19539,1
714195108,57,F,4,High School,Married,Fl,91750,No,Yes,No,Cellular,Selfemployeed,49651,3
714196008,41,M,3,Graduate,Married,Ca,91750,No,No,No,Cellular,Govt,74146,3
714197133,43,F,3,Uneducated,Married,Nj,91750,No,Yes,No,Unknown,Govt,32672,1
714199008,55,M,4,Graduate,Married,Ca,91750,Yes,No,No,Cellular,Retirees,100903,3
714199983,59,M,0,Uneducated,Single,Ca,91750,No,Yes,No,Cellular,Blue-Collar,45449,3
714202008,37,F,1,Graduate,Married,Fl,91750,No,Yes,No,Unknown,Blue-Collar,21772,3
714204108,41,F,4,Graduate,Single,Ca,91750,No,Yes,No,Cellular,Blue-Collar,43803,3
714207483,56,M,3,Unknown,Unknown,Il,91750,No,No,No,Cellular,White-Collar,50986,3
714208533,49,F,3,Graduate,Single,Ma,91750,Yes,Yes,No,Telephone,Selfemployeed,5225,1
714211533,34,M,2,Graduate,Single,Ca,91750,No,No,No,Cellular,Govt,31341,1
714212358,32,F,2,Graduate,Single,Fl,91750,No,No,No,Cellular,White-Collar,22395,1
714213708,46,F,3,Graduate,Single,Ny,91750,No,Yes,No,Telephone,Blue-Collar,23003,3
714215058,53,F,3,Graduate,Married,Tx,91750,No,Yes,No,Cellular,Blue-Collar,47411,3
714216033,49,F,5,Graduate,Unknown,Ca,91750,No,Yes,No,Cellular,Govt,37908,3
714216858,49,M,3,Unknown,Married,Ny,91750,Yes,No,No,Cellular,White-Collar,73922,3
714217908,33,F,0,Unknown,Single,Fl,91750,Yes,Yes,No,Cellular,Selfemployeed,8250,3
714222183,53,M,3,Unknown,Married,Il,91750,Yes,No,No,Cellular,Businessman,82561,1
714225333,51,F,2,Graduate,Single,Ny,91750,Yes,No,No,Unknown,Selfemployeed,14975,3
714228558,49,M,2,Graduate,Single,Ca,91750,No,No,No,Cellular,White-Collar,76624,3
714230808,41,M,3,High School,Married,Ct,91750,Yes,Yes,No,Cellular,Govt,89709,3
714234858,41,M,2,Graduate,Unknown,Va,91750,Yes,Yes,No,Cellular,Govt,76147,1
714237033,39,F,2,Post-Graduate,Single,Tx,91750,Yes,Yes,No,Cellular,White-Collar,25090,1
714241083,43,F,3,Unknown,Married,Ca,91750,No,No,Yes,Cellular,Blue-Collar,58709,3
714243408,51,M,4,Uneducated,Single,Ny,91750,No,Yes,No,Cellular,Retirees,85296,3
714244383,36,F,3,Graduate,Single,Ca,91750,No,No,No,Cellular,Selfemployeed,14975,3
714245358,49,F,3,High School,Married,Ny,91750,Yes,Yes,No,Cellular,Blue-Collar,45551,1
714246333,38,F,3,Graduate,Married,Ny,91750,Yes,No,No,Cellular,Govt,21580,3
714247458,51,F,2,High School,Single,Tx,91750,Yes,Yes,No,Cellular,Selfemployeed,35825,3
714248733,50,F,3,Unknown,Married,Ny,91750,No,No,No,Cellular,White-Collar,24591,3
714250908,48,F,5,High School,Married,Tx,91750,Yes,Yes,No,Cellular,Selfemployeed,23908,2
714252933,51,M,4,Graduate,Married,Tx,91750,Yes,No,No,Cellular,Selfemployeed,76189,3
714253983,47,F,2,Post-Graduate,Single,Ny,91750,No,Yes,No,Cellular,Govt,40200,1
714256758,42,M,5,Post-Graduate,Unknown,Tx,91750,Yes,No,No,Cellular,Businessman,58565,1
714257958,40,F,2,High School,Single,Ca,91750,Yes,No,No,Cellular,Businessman,54011,1
714259533,55,M,5,Post-Graduate,Single,Ny,91750,Yes,No,No,Cellular,Blue-Collar,89566,3
714262533,26,F,0,Unknown,Single,Nj,91750,Yes,No,No,Cellular,Retirees,55260,2
714264408,39,F,2,Graduate,Single,Ca,91750,No,Yes,No,Cellular,Selfemployeed,13499,2
714266883,26,M,0,High School,Single,Ny,91750,No,No,No,Cellular,Selfemployeed,25799,3
714267858,52,M,2,High School,Single,Nj,91750,No,No,No,Cellular,Businessman,86410,2
714272658,44,F,3,Graduate,Married,Ny,91750,No,No,Yes,Unknown,Selfemployeed,5225,1
714273708,43,F,2,High School,Married,Ut,91750,No,Yes,Yes,Cellular,Retirees,24075,3
714276408,48,F,3,High School,Single,Tx,91750,Yes,No,Yes,Cellular,White-Collar,24465,1
714277758,45,M,3,High School,Married,Tx,91750,Yes,No,No,Cellular,Blue-Collar,49194,1
714278958,46,F,3,Uneducated,Married,Tx,91750,Yes,Yes,No,Cellular,Selfemployeed,23435,1
714282333,43,M,3,High School,Single,Ca,91750,No,No,No,Cellular,Blue-Collar,104178,2
714283458,59,M,1,Graduate,Married,Ny,91750,Yes,No,No,Cellular,Retirees,49224,1
714284358,44,M,2,Graduate,Married,Ny,91750,No,Yes,No,Unknown,Businessman,101609,3
714286383,39,F,1,Graduate,Married,Fl,91750,Yes,No,No,Unknown,Retirees,36473,3
714287583,53,F,3,Unknown,Married,Ca,91750,Yes,Yes,No,Cellular,Businessman,17105,3
714290583,42,M,2,High School,Single,Ny,91750,Yes,No,No,Cellular,Selfemployeed,60089,2
714292533,58,F,1,Doctorate,Married,Ny,91750,Yes,Yes,No,Unknown,Selfemployeed,39170,1
714293358,35,M,3,High School,Married,Ca,91750,Yes,Yes,No,Cellular,Businessman,69593,3
714294183,54,M,4,Graduate,Single,Ny,91750,Yes,No,No,Cellular,Selfemployeed,98715,1
714296358,53,M,3,Graduate,Single,Ny,91750,No,Yes,No,Cellular,Blue-Collar,79918,3
714303483,50,F,1,High School,Single,Fl,91750,Yes,No,No,Cellular,Businessman,196340,2
714304458,43,M,3,Graduate,Unknown,Ny,91750,No,No,Yes,Cellular,Selfemployeed,101342,3
714305508,64,F,1,Graduate,Single,Ny,91750,No,Yes,No,Cellular,White-Collar,40775,2
714306258,47,F,4,Uneducated,Single,Ca,91750,Yes,No,No,Cellular,Selfemployeed,14975,3
714308283,44,F,1,High School,Married,Tx,91750,Yes,No,No,Unknown,Businessman,50766,2
714311583,46,F,2,Graduate,Single,Ca,91750,Yes,No,Yes,Cellular,Selfemployeed,14975,3
714312708,56,M,2,Doctorate,Married,Tx,91750,Yes,Yes,No,Cellular,White-Collar,65168,3
714313608,40,M,3,Graduate,Single,Tx,91750,Yes,Yes,No,Cellular,Businessman,59025,3
714315858,46,M,3,Graduate,Single,Ca,91750,No,No,No,Cellular,Blue-Collar,99294,1
714317058,65,M,1,Unknown,Single,Ca,91750,No,Yes,No,Cellular,Businessman,45832,1
714318033,36,F,3,Uneducated,Single,Tx,91750,Yes,Yes,Yes,Cellular,Blue-Collar,36346,3
714319233,37,F,2,Graduate,Married,Ny,91750,No,No,No,Unknown,Selfemployeed,22090,2
714320358,62,M,0,High School,Single,Fl,91750,Yes,No,No,Cellular,Govt,51000,2
714321408,45,F,5,Uneducated,Single,Nj,91750,No,Yes,No,Cellular,Blue-Collar,13846,2
714327183,39,F,2,Graduate,Married,Fl,91750,Yes,Yes,Yes,Cellular,White-Collar,33251,3
714332658,48,F,5,Graduate,Single,Fl,91750,Yes,No,No,Cellular,Retirees,44727,3
714334383,48,F,4,High School,Married,Tx,91750,Yes,No,No,Unknown,Selfemployeed,5525,3
714336333,45,M,3,High School,Single,Fl,91750,Yes,Yes,No,Cellular,Govt,61647,3
714337233,49,M,4,Graduate,Single,Fl,91750,No,No,No,Cellular,White-Collar,119375,1
714342033,47,M,2,Uneducated,Single,Tx,91750,No,No,Yes,Cellular,Businessman,82022,3
714343608,48,M,1,Unknown,Married,Fl,91750,No,Yes,No,Cellular,Businessman,85747,3
714345783,36,F,2,Unknown,Married,Ca,91750,Yes,Yes,Yes,Unknown,Selfemployeed,14858,3
714346608,51,F,4,Graduate,Single,Ny,91750,No,No,No,Cellular,Govt,23766,3
714347508,54,F,1,Post-Graduate,Single,Tx,91750,No,No,No,Cellular,Selfemployeed,27218,1
714350658,51,F,4,Uneducated,Married,Ca,91750,Yes,No,No,Cellular,Govt,34033,1
714351558,51,M,1,Graduate,Married,Ca,91750,Yes,Yes,No,Cellular,Businessman,45963,3
714352533,34,F,2,Graduate,Single,Fl,91750,No,Yes,No,Cellular,Businessman,152270,3
714358008,42,M,1,Graduate,Married,Fl,91750,Yes,No,No,Cellular,Selfemployeed,73068,2
714360033,42,F,4,Graduate,Single,Ca,91750,No,No,No,Cellular,Selfemployeed,11963,1
714361083,51,M,1,Graduate,Married,Ny,91750,No,Yes,No,Cellular,White-Collar,100643,3
714363858,54,F,3,High School,Married,Tx,91750,No,No,No,Cellular,Blue-Collar,14541,3
714365883,48,M,2,Uneducated,Single,Ny,91750,Yes,Yes,No,Cellular,Retirees,44206,2
714366708,53,F,2,Unknown,Single,Ny,91750,No,No,No,Cellular,Govt,42263,3
714368883,50,M,3,Graduate,Single,Fl,91750,Yes,No,No,Cellular,White-Collar,58194,1
714372333,44,F,5,Graduate,Single,Ny,91750,No,Yes,No,Cellular,Blue-Collar,24312,1
714373308,49,F,0,Doctorate,Married,Ca,91750,No,No,No,Unknown,Businessman,39540,3
714374133,45,F,2,Graduate,Single,Ny,91750,No,No,No,Unknown,Selfemployeed,1250,3
714377058,35,F,0,Unknown,Married,Il,91750,No,No,No,Cellular,Blue-Collar,23186,3
714382608,64,M,0,Graduate,Single,Ca,91750,Yes,No,No,Cellular,Selfemployeed,57527,3
714383583,38,M,3,Uneducated,Married,Tx,91750,No,No,No,Cellular,Blue-Collar,115781,3
714384783,65,F,0,Graduate,Single,Nv,91750,Yes,Yes,No,Unknown,Blue-Collar,20248,3
714385983,55,F,3,Graduate,Single,Fl,91750,No,No,Yes,Cellular,Businessman,232900,1
714387108,55,F,1,Graduate,Married,Ca,91750,No,Yes,No,Cellular,Blue-Collar,37836,3
714388158,44,M,3,High School,Unknown,Co,91750,No,Yes,No,Cellular,Selfemployeed,76551,2
714389058,40,M,3,Graduate,Single,Tx,91750,No,No,No,Cellular,Selfemployeed,57772,1
714389883,40,M,2,Graduate,Married,Fl,91750,No,Yes,No,Cellular,White-Collar,56130,2
714390858,50,M,2,Post-Graduate,Married,Ca,91750,No,No,Yes,Cellular,Selfemployeed,89992,2
714391683,47,M,3,Uneducated,Married,Tx,91750,No,Yes,No,Unknown,Govt,112414,2
714392808,46,F,2,Unknown,Single,Tx,91750,No,No,No,Unknown,Blue-Collar,38076,1
714393708,51,M,2,Graduate,Married,Ca,91750,No,No,No,Cellular,Businessman,85234,2
714396558,33,M,1,Graduate,Single,Ny,91750,Yes,No,Yes,Cellular,Govt,74073,3
714397983,48,F,3,High School,Married,Tx,91750,No,No,No,Unknown,White-Collar,18903,1
714400308,56,M,2,Graduate,Married,Nj,91750,Yes,Yes,No,Cellular,White-Collar,68075,3
714403983,24,M,3,Uneducated,Married,Ny,91750,No,No,No,Unknown,White-Collar,132747,2
714405183,37,F,1,Graduate,Married,Fl,91750,No,Yes,No,Cellular,Govt,56665,1
714406158,53,F,2,Graduate,Married,Ny,91750,No,No,No,Unknown,Govt,24538,3
714407058,35,F,1,Graduate,Single,Ca,91750,Yes,No,No,Cellular,Retirees,42838,3
714408933,41,F,4,Graduate,Single,Ca,91750,Yes,Yes,No,Cellular,Blue-Collar,24203,1
714411108,51,F,1,Unknown,Married,Ny,91750,No,No,No,Cellular,Blue-Collar,32521,3
714412308,55,F,3,Graduate,Married,Nj,91750,No,No,No,Cellular,Selfemployeed,5225,2
714413283,41,M,3,Graduate,Married,Ny,91750,No,Yes,No,Cellular,Selfemployeed,71738,3
714414483,48,F,4,High School,Married,Tx,91750,No,Yes,No,Unknown,Selfemployeed,14975,1
714417183,42,M,2,Uneducated,Single,Ny,91750,No,No,No,Cellular,White-Collar,101644,2
714418158,46,F,2,Graduate,Single,Fl,91750,Yes,Yes,Yes,Cellular,Retirees,38348,2
714418983,38,M,3,High School,Married,Ny,91750,Yes,No,No,Cellular,Businessman,65926,3
714421233,53,F,0,Graduate,Single,Ca,91750,No,No,No,Cellular,Selfemployeed,11388,1
714422058,53,M,2,Uneducated,Single,Fl,91750,Yes,No,No,Cellular,Businessman,101854,1
714424533,33,F,4,Graduate,Single,Ca,91750,No,No,No,Cellular,Selfemployeed,22639,2
714425283,44,F,4,Post-Graduate,Single,Ny,91750,Yes,Yes,No,Cellular,Businessman,180427,2
714426783,49,F,3,Graduate,Single,Tx,91750,Yes,No,No,Cellular,Blue-Collar,14779,3
714427608,51,M,3,Unknown,Married,Ca,91750,No,Yes,No,Cellular,Blue-Collar,83585,1
714429258,65,F,0,Graduate,Married,Ny,91750,No,No,No,Cellular,Selfemployeed,39976,1
714431058,45,F,3,Graduate,Married,Tx,91750,No,No,No,Cellular,Govt,58347,1
714432108,41,M,3,Graduate,Single,Fl,91750,Yes,No,No,Cellular,White-Collar,70752,2
714435408,40,F,3,High School,Single,Tx,91750,No,No,No,Unknown,Selfemployeed,36132,3
714436383,40,F,1,Graduate,Married,Ny,91750,No,Yes,No,Cellular,Govt,54187,2
714443058,32,F,0,Unknown,Single,Ny,91750,No,No,Yes,Unknown,Selfemployeed,14975,1
714443883,38,M,3,Uneducated,Married,Fl,91750,No,No,No,Cellular,White-Collar,70054,3
714449283,52,M,1,Unknown,Single,Nj,91750,No,No,No,Cellular,Businessman,130130,3
714451833,35,F,2,Uneducated,Married,Nj,91750,Yes,No,No,Unknown,Blue-Collar,13940,1
714454758,57,F,3,High School,Married,Nj,91750,No,No,No,Cellular,Businessman,15496,3
714457083,48,F,3,Post-Graduate,Married,Ca,91750,Yes,No,No,Cellular,Blue-Collar,12062,3
714460683,58,F,3,Graduate,Married,Nj,91750,No,No,No,Cellular,Blue-Collar,14763,3
714462558,29,M,1,High School,Married,Tx,91750,Yes,No,No,Cellular,Govt,68561,2
714465558,44,F,4,Doctorate,Unknown,Ny,91750,Yes,No,No,Unknown,Businessman,195507,3
714466458,54,F,0,Graduate,Married,Ny,91750,Yes,Yes,No,Unknown,Govt,37006,3
714467733,37,M,3,Unknown,Single,Fl,91750,Yes,No,No,Cellular,Govt,52677,2
714469008,55,M,2,High School,Married,Ca,91750,No,No,No,Cellular,Businessman,93856,3
714471183,41,M,3,Graduate,Married,Tx,91750,Yes,No,No,Cellular,White-Collar,119387,3
714472608,40,F,4,Graduate,Married,Fl,91750,No,No,No,Unknown,Selfemployeed,8250,1
714473658,68,M,1,Graduate,Married,Ny,91750,Yes,Yes,Yes,Telephone,Selfemployeed,14975,1
714474483,41,F,4,Graduate,Married,Tx,91750,No,No,No,Cellular,Selfemployeed,20045,3
714475908,48,F,3,Post-Graduate,Married,Tx,91750,Yes,Yes,No,Cellular,Selfemployeed,14975,3
714477408,48,F,1,Graduate,Single,Fl,91750,No,No,No,Telephone,Govt,23397,2
714479358,39,F,4,Graduate,Married,Nj,91750,Yes,Yes,No,Cellular,Businessman,23630,3
714483033,43,M,2,Graduate,Unknown,Ca,91750,Yes,Yes,No,Cellular,Selfemployeed,73194,3
714484008,52,F,1,High School,Single,Nj,91750,No,Yes,Yes,Unknown,White-Collar,22311,2
714485508,41,F,3,Unknown,Single,Ny,91750,Yes,No,No,Cellular,White-Collar,44916,2
714487458,37,F,3,High School,Single,Ca,91750,Yes,No,Yes,Cellular,Businessman,25181,3
714488433,43,M,5,High School,Unknown,Tx,91750,No,No,No,Cellular,Businessman,80385,3
714490308,37,F,3,Graduate,Married,Ca,91750,No,No,No,Cellular,Selfemployeed,14975,3
714492783,33,F,0,High School,Single,Ca,91750,Yes,Yes,Yes,Unknown,Selfemployeed,14975,1
714493983,57,F,2,Graduate,Married,Tx,91750,No,Yes,No,Cellular,Govt,57764,3
714495258,49,F,2,High School,Single,Ny,91750,No,Yes,Yes,Cellular,Govt,15718,2
714496083,51,F,3,Graduate,Married,Ca,91750,Yes,No,No,Cellular,Selfemployeed,14975,2
714499908,35,F,4,Unknown,Married,Nj,91750,No,No,No,Cellular,Govt,35697,1
714500883,50,F,2,Graduate,Unknown,Ca,91750,No,No,No,Cellular,Selfemployeed,11218,1
714502458,51,F,3,Graduate,Married,Ca,91750,No,No,No,Cellular,White-Collar,41428,1
714503433,59,F,0,Uneducated,Married,Fl,91750,Yes,Yes,No,Cellular,Blue-Collar,23557,3
714505683,50,F,1,Graduate,Single,Ca,91750,Yes,No,No,Cellular,Blue-Collar,35732,1
714506583,30,M,0,Graduate,Single,Tx,91750,No,Yes,No,Cellular,Govt,70459,2
714510483,51,M,1,High School,Single,Ca,91750,No,No,No,Cellular,Businessman,105710,3
714511758,56,F,1,High School,Married,Tx,91750,Yes,Yes,No,Cellular,Selfemployeed,14975,2
714513033,47,F,3,Uneducated,Single,Tx,91750,No,No,No,Cellular,Blue-Collar,10703,2
714514008,41,F,1,High School,Single,Fl,91750,No,Yes,No,Cellular,White-Collar,19639,1
714514983,58,M,1,High School,Married,Tx,91750,Yes,No,No,Cellular,White-Collar,90691,3
714516033,47,M,4,Uneducated,Married,Ca,91750,Yes,No,No,Cellular,White-Collar,61117,2
714516783,51,F,2,Graduate,Single,Fl,91750,No,No,No,Unknown,Blue-Collar,36665,3
714519408,52,F,2,High School,Single,Ma,91750,No,No,No,Unknown,Retirees,19600,3
714520233,53,F,0,High School,Married,Ca,91750,No,Yes,No,Cellular,Selfemployeed,19781,3
714522258,39,F,1,Graduate,Married,Nj,91750,Yes,Yes,Yes,Cellular,Selfemployeed,14975,3
714523383,37,M,2,Uneducated,Single,Ca,91750,Yes,No,No,Cellular,Businessman,72942,3
714524583,40,M,3,Uneducated,Single,Ca,91750,No,No,No,Unknown,White-Collar,118938,1
714525633,46,F,3,Unknown,Married,Tx,91750,No,No,No,Cellular,Blue-Collar,54564,2
714527433,27,F,1,Post-Graduate,Married,Ny,91750,No,Yes,No,Cellular,Retirees,19513,3
714528258,53,M,3,Graduate,Single,Nj,91750,No,No,No,Cellular,Govt,84615,1
714529233,48,F,3,Graduate,Single,Fl,91750,No,Yes,No,Unknown,Selfemployeed,14975,3
714531108,39,F,5,Graduate,Single,Tx,91750,No,No,No,Unknown,Businessman,21658,1
714532158,40,F,5,High School,Single,Tx,91750,No,No,No,Cellular,Retirees,43615,1
714533058,45,M,3,Graduate,Married,Nj,91750,No,No,No,Cellular,Selfemployeed,70607,2
714534108,44,F,3,Graduate,Married,Nj,91750,Yes,No,No,Unknown,Selfemployeed,14975,3
714536208,53,F,1,Uneducated,Single,Ny,91750,Yes,No,No,Cellular,White-Collar,53559,2
714537258,31,M,0,High School,Single,Tx,91750,No,Yes,No,Cellular,Blue-Collar,42033,2
714542058,30,M,1,Post-Graduate,Married,Ny,91750,No,No,No,Unknown,Govt,37114,3
714543633,53,M,1,Graduate,Unknown,Nm,91750,No,Yes,No,Cellular,Businessman,110066,3
714544908,49,M,2,Uneducated,Married,Fl,91750,No,No,No,Cellular,Govt,117540,3
714547458,40,F,1,High School,Single,Ca,91750,No,No,No,Telephone,White-Collar,18866,3
714548733,42,F,2,Graduate,Married,Ny,91750,No,Yes,No,Unknown,Blue-Collar,31231,3
714549558,46,F,3,High School,Single,Tx,91750,No,Yes,No,Cellular,Govt,26207,1
714550383,41,F,4,Graduate,Married,Fl,91750,No,No,No,Unknown,Selfemployeed,14975,3
714554808,35,M,2,Graduate,Married,Il,91750,No,No,No,Cellular,Selfemployeed,78956,3
714557583,46,M,5,Graduate,Single,Oh,91750,No,Yes,No,Cellular,Selfemployeed,88297,2
714559458,38,F,3,Graduate,Single,Tx,91750,No,Yes,No,Cellular,Retirees,19094,3
714560358,39,F,3,Graduate,Single,Fl,91750,No,No,No,Cellular,White-Collar,141911,3
714566133,32,M,1,Uneducated,Single,Ny,91750,No,No,No,Cellular,Retirees,71471,1
714566958,56,F,1,Graduate,Single,Fl,91750,No,No,No,Cellular,Blue-Collar,24988,3
714567708,49,M,5,High School,Single,Tx,91750,Yes,No,No,Cellular,Selfemployeed,61533,5
714569958,50,F,2,Graduate,Married,Ca,91750,Yes,Yes,No,Cellular,Selfemployeed,43651,3
714571008,47,M,3,Post-Graduate,Single,Fl,91750,Yes,No,No,Cellular,Govt,68466,3
714572208,38,F,1,Graduate,Married,Fl,91750,No,Yes,No,Cellular,Govt,56793,3
714573258,41,F,3,Graduate,Unknown,Tx,91750,No,Yes,Yes,Cellular,Selfemployeed,23857,2
714574083,65,F,0,High School,Married,Ny,91750,Yes,Yes,No,Cellular,White-Collar,28825,5
714575208,48,F,5,High School,Married,Ca,91750,Yes,Yes,No,Cellular,Selfemployeed,53091,2
714576183,55,F,2,Graduate,Married,Fl,91750,No,Yes,Yes,Cellular,Selfemployeed,10272,5
714577233,43,F,5,High School,Married,Ca,90275,No,Yes,Yes,Cellular,Businessman,227718,2
714578283,34,F,2,Graduate,Single,Fl,91750,Yes,No,No,Cellular,Selfemployeed,11215,5
714580158,50,F,2,Post-Graduate,Married,Ny,91750,No,Yes,No,Cellular,Blue-Collar,38922,3
714581358,51,F,1,Graduate,Married,Ca,91750,No,No,No,Cellular,White-Collar,23492,3
714585033,49,M,1,Doctorate,Married,Ne,91750,No,Yes,Yes,Cellular,White-Collar,67226,3
714586458,39,F,2,High School,Single,Ca,91010,Yes,No,No,Cellular,Businessman,233849,3
714588408,47,M,4,Post-Graduate,Married,Tx,91750,No,Yes,No,Cellular,Govt,62964,5
714593883,50,M,1,Uneducated,Married,Ca,90025,Yes,No,No,Cellular,White-Collar,125243,3
714594933,44,F,3,Doctorate,Single,Tx,91750,No,No,Yes,Cellular,White-Collar,41655,2
714595983,34,F,1,Post-Graduate,Single,Tx,91750,Yes,No,No,Cellular,Businessman,20416,5
714600258,33,F,2,Uneducated,Married,Ca,91750,Yes,No,No,Cellular,Selfemployeed,39794,5
714602658,54,F,1,High School,Married,Nj,91750,No,No,Yes,Cellular,Retirees,19879,5
714603558,55,F,1,Unknown,Unknown,Ca,91750,No,Yes,No,Cellular,Selfemployeed,20085,5
714606558,40,F,4,Graduate,Single,Tx,91750,Yes,No,No,Cellular,Selfemployeed,14250,3
714608583,48,M,3,Graduate,Single,Ny,91750,Yes,Yes,No,Cellular,Businessman,113940,2
714614133,47,F,3,Unknown,Unknown,Ny,91750,No,No,No,Cellular,Retirees,21980,3
714615258,39,M,2,Graduate,Single,Fl,91750,No,No,No,Cellular,White-Collar,118538,3
714616308,44,M,3,Graduate,Single,Tx,91750,No,No,No,Cellular,Selfemployeed,56655,2
714618333,52,F,3,Uneducated,Single,Ca,91750,No,Yes,No,Unknown,Blue-Collar,13309,5
714620358,47,F,3,Unknown,Single,Ca,91750,No,Yes,No,Cellular,Blue-Collar,23337,5
714621183,40,M,1,Unknown,Married,Tx,91750,Yes,Yes,No,Cellular,Blue-Collar,66119,2
714622833,38,F,1,Graduate,Married,Nj,91750,No,No,No,Cellular,Retirees,37914,2
714629358,51,F,5,Post-Graduate,Married,Fl,91750,Yes,Yes,No,Cellular,Selfemployeed,15988,2
714630858,45,M,5,Graduate,Single,Ca,91750,No,No,Yes,Unknown,Selfemployeed,26393,2
714631833,41,F,4,High School,Single,Tx,91750,Yes,No,No,Cellular,Selfemployeed,14975,3
714633858,44,F,3,High School,Married,Mi,91750,No,Yes,Yes,Telephone,White-Collar,21516,5
714634983,42,F,3,Graduate,Married,Ny,91750,No,No,No,Cellular,Retirees,26790,2
714635883,51,M,1,Uneducated,Single,Ca,90275,No,No,No,Cellular,Businessman,187702,3
714637908,23,F,2,Unknown,Married,Ca,90026,No,No,No,Telephone,Businessman,213697,5
714638883,53,M,3,Graduate,Single,Fl,91750,No,No,No,Cellular,Businessman,158420,3
714639783,43,F,2,Uneducated,Unknown,Fl,91750,Yes,Yes,No,Cellular,Selfemployeed,5525,5
714643983,45,M,1,Unknown,Single,Fl,91750,Yes,No,No,Cellular,Blue-Collar,50773,3
714647808,46,M,2,Graduate,Single,Ny,91750,No,No,No,Telephone,Blue-Collar,71719,3
714648933,42,F,3,High School,Married,Fl,91750,No,Yes,No,Cellular,Selfemployeed,14975,5
714652383,38,M,3,Uneducated,Married,Ca,91750,No,No,No,Cellular,Selfemployeed,69471,2
714655758,44,M,1,Uneducated,Married,Tx,91750,Yes,No,No,Cellular,Blue-Collar,47313,2
714657108,44,M,3,Graduate,Unknown,Ny,91750,Yes,Yes,No,Cellular,Selfemployeed,31276,5
714658233,36,F,2,Graduate,Unknown,Tx,91750,No,No,No,Cellular,White-Collar,45256,5
714659133,44,F,5,High School,Single,Tx,91750,No,Yes,Yes,Cellular,Blue-Collar,23002,3
714661233,59,F,0,High School,Single,Ca,91750,No,Yes,No,Cellular,Selfemployeed,14975,5
714664683,50,M,1,Graduate,Married,Ny,91750,Yes,No,No,Unknown,Businessman,111637,3
714665733,53,F,1,Graduate,Married,Fl,91750,No,Yes,No,Cellular,Selfemployeed,11410,3
714667608,48,F,2,Uneducated,Single,Ny,91750,No,Yes,No,Cellular,Govt,55518,5
714668433,53,F,2,Graduate,Single,Fl,91750,Yes,No,No,Cellular,Selfemployeed,50912,2
714670533,39,F,2,High School,Single,Ca,91750,No,Yes,No,Cellular,White-Collar,34545,3
714671658,44,M,2,Doctorate,Unknown,Ny,91750,Yes,Yes,No,Cellular,Blue-Collar,55833,3
714672933,40,M,3,Graduate,Married,Fl,91750,No,No,No,Cellular,Retirees,61395,3
714673833,62,M,1,Uneducated,Single,Fl,91750,Yes,No,No,Cellular,Blue-Collar,61066,5
714677583,53,M,3,Graduate,Single,Fl,91750,Yes,No,No,Telephone,Businessman,116572,5
714678408,41,M,1,Uneducated,Married,Ny,91750,No,Yes,No,Telephone,Businessman,75649,2
714680208,40,M,5,High School,Married,Tx,91750,No,Yes,No,Cellular,Govt,67444,2
714682233,50,F,2,Uneducated,Single,Fl,91750,Yes,Yes,No,Cellular,Businessman,190593,3
714684108,47,M,3,High School,Unknown,Fl,91750,No,No,No,Cellular,White-Collar,115069,2
714684933,54,F,2,Doctorate,Married,Ny,91750,Yes,No,No,Unknown,Blue-Collar,31837,3
714687858,51,M,3,High School,Married,Fl,91750,Yes,No,No,Cellular,White-Collar,67746,2
714688833,33,M,2,Graduate,Single,Nj,91750,Yes,No,No,Cellular,Retirees,84092,3
714690633,59,M,1,Graduate,Married,Ca,90250,No,Yes,Yes,Cellular,Businessman,155771,2
714691683,45,M,3,Graduate,Married,Fl,91750,No,Yes,No,Cellular,Govt,86597,2
714693708,50,F,2,High School,Married,Tx,91750,Yes,No,No,Cellular,Govt,50345,5
714695883,43,M,3,Unknown,Married,Tx,91750,No,Yes,No,Cellular,Retirees,49540,3
714697533,42,F,4,Uneducated,Married,Ny,91750,Yes,No,Yes,Unknown,Blue-Collar,25987,3
714700158,44,F,2,Uneducated,Married,Tx,91750,No,Yes,Yes,Cellular,Selfemployeed,11631,5
714702033,43,M,4,High School,Single,Fl,91750,No,No,No,Cellular,Businessman,99416,3
714703158,39,F,1,Graduate,Single,Tx,91750,No,Yes,No,Cellular,Blue-Collar,20254,3
714706083,50,M,2,Unknown,Married,Nj,91750,Yes,Yes,No,Cellular,Businessman,56436,5
714707133,43,M,1,Graduate,Single,Fl,91750,No,No,No,Cellular,Selfemployeed,62817,2
714708183,39,F,0,Unknown,Married,Nj,91750,No,No,No,Cellular,Blue-Collar,49477,2
714709983,48,F,2,Post-Graduate,Single,Ca,91750,Yes,Yes,No,Unknown,Selfemployeed,14975,3
714710733,58,M,2,Doctorate,Married,Ny,91750,Yes,No,No,Unknown,Businessman,235275,3
714713508,49,M,2,High School,Single,Ny,91750,Yes,No,No,Cellular,White-Collar,108207,3
714714558,36,M,2,Graduate,Single,Ny,91750,No,Yes,No,Cellular,White-Collar,74595,2
714717483,52,F,2,Graduate,Married,Ny,91750,No,No,No,Unknown,Selfemployeed,11542,1
714721608,42,F,2,Graduate,Married,Tx,91750,No,Yes,No,Telephone,Selfemployeed,52996,3
714722808,46,M,2,Graduate,Married,Ca,91750,No,Yes,No,Cellular,Businessman,51958,1
714724908,43,M,3,Doctorate,Single,Nj,91750,No,No,No,Cellular,Retirees,71913,1
714725883,52,F,3,Uneducated,Unknown,Fl,91750,No,No,No,Unknown,Businessman,201188,3
714726858,35,F,3,Doctorate,Married,Fl,91750,Yes,No,No,Cellular,Selfemployeed,32340,3
714727833,32,F,1,Post-Graduate,Married,Fl,91750,No,No,No,Cellular,Blue-Collar,24358,3
714729933,41,F,3,Unknown,Unknown,Tx,91750,Yes,Yes,No,Cellular,Blue-Collar,41440,2
714731208,57,F,3,Graduate,Single,Ny,91750,No,Yes,No,Cellular,Retirees,48731,3
714732183,46,F,3,High School,Unknown,Ca,91750,Yes,No,No,Cellular,Selfemployeed,35349,3
714733908,50,M,2,High School,Married,Tx,91750,No,No,No,Cellular,Blue-Collar,67686,2
714735033,46,F,3,Uneducated,Single,Ny,91750,Yes,No,No,Cellular,White-Collar,59489,1
714738033,48,M,4,Graduate,Single,Ca,91750,No,No,No,Cellular,White-Collar,99293,3
714738858,45,M,2,Graduate,Single,Tx,91750,No,Yes,No,Cellular,Blue-Collar,71366,3
714741933,49,F,3,Graduate,Married,Ca,91750,Yes,No,No,Cellular,Govt,48150,1
714742758,39,M,3,Graduate,Married,Ca,91750,No,No,No,Cellular,Govt,76660,2
714744783,49,F,4,Graduate,Unknown,Tx,91750,No,Yes,No,Cellular,White-Collar,42961,2
714745608,39,M,3,Graduate,Married,Ca,91750,No,Yes,No,Cellular,White-Collar,99959,3
714746358,51,F,4,Unknown,Single,Fl,91750,No,Yes,No,Unknown,Blue-Collar,23924,2
714751158,43,F,3,High School,Married,Ca,91750,No,No,No,Unknown,Selfemployeed,15766,2
714752208,47,F,5,Uneducated,Single,Fl,91750,No,Yes,No,Cellular,Selfemployeed,5225,2
714753258,42,F,3,Graduate,Single,Ca,91750,No,Yes,No,Cellular,Govt,33951,2
714754533,48,M,3,Graduate,Married,Tx,91750,Yes,Yes,No,Cellular,Businessman,109992,3
714757083,54,M,4,Graduate,Married,Nm,91750,Yes,Yes,No,Unknown,Blue-Collar,116681,3
714757908,45,M,1,Uneducated,Married,Ny,91750,No,No,No,Cellular,Govt,22727,1
714759708,56,M,2,Graduate,Single,Ny,91750,No,Yes,No,Cellular,White-Collar,137656,3
714765408,39,F,2,Uneducated,Single,Ny,91750,No,Yes,No,Telephone,Selfemployeed,24521,1
714766383,35,M,1,Post-Graduate,Married,Nj,91750,Yes,Yes,No,Unknown,Businessman,89141,1
714767508,39,F,2,Graduate,Single,Ny,91750,Yes,Yes,No,Cellular,Govt,24727,2
714770808,47,F,3,Graduate,Unknown,Ca,91750,No,No,No,Unknown,Selfemployeed,14975,3
714771708,53,F,1,Graduate,Married,Nv,91750,Yes,No,No,Cellular,Blue-Collar,56326,1
714772758,50,F,1,High School,Married,Ny,91750,Yes,Yes,No,Cellular,Blue-Collar,17094,3
714773508,51,F,3,Unknown,Unknown,Tx,91750,Yes,Yes,No,Telephone,Govt,29272,2
714777858,44,M,3,Graduate,Single,Va,91750,Yes,No,Yes,Cellular,Selfemployeed,81647,2
714778833,44,F,4,Uneducated,Married,Tx,91750,No,No,No,Cellular,Selfemployeed,11335,2
714779733,53,F,3,Uneducated,Single,Nj,91750,No,Yes,No,Cellular,White-Collar,23959,1
714781908,46,F,4,High School,Single,Nv,91750,Yes,No,No,Cellular,Retirees,40888,3
714785508,55,F,2,Uneducated,Married,Fl,91750,No,Yes,No,Cellular,Businessman,203854,2
714786483,38,M,4,Uneducated,Unknown,Mo,91750,Yes,No,No,Telephone,Retirees,103240,2
714787383,45,F,2,Graduate,Married,Tx,91750,Yes,Yes,Yes,Cellular,Selfemployeed,14975,1
714789033,39,M,1,Graduate,Married,Ny,91750,No,Yes,No,Cellular,Businessman,32275,3
714790008,51,F,1,Unknown,Married,Nv,91750,No,Yes,No,Cellular,Selfemployeed,14975,3
714791208,37,F,2,Unknown,Married,Tx,91750,Yes,Yes,Yes,Cellular,Selfemployeed,5525,3
714794133,45,F,4,Graduate,Single,Il,91750,No,Yes,No,Cellular,White-Collar,151777,3
714797733,49,F,2,Uneducated,Single,Tx,91750,Yes,Yes,No,Cellular,Businessman,35358,3
714798783,33,F,1,Uneducated,Single,Tx,91750,No,No,No,Cellular,Blue-Collar,10482,1
714802458,44,F,2,High School,Single,Tx,91750,No,Yes,No,Cellular,Govt,39065,1
714804483,53,F,1,Graduate,Single,Tx,91750,Yes,Yes,No,Cellular,Blue-Collar,13789,1
714811533,50,M,2,Graduate,Single,Fl,91750,Yes,Yes,No,Cellular,White-Collar,100724,1
714816258,65,M,2,Unknown,Married,Ny,91750,Yes,Yes,No,Cellular,Retirees,25842,1
714818058,44,M,4,High School,Single,Tx,91750,Yes,No,Yes,Cellular,Businessman,69905,3
714819183,47,F,2,Uneducated,Single,Ny,91750,No,Yes,No,Cellular,Selfemployeed,14975,3
714820158,37,M,3,High School,Single,Nj,91750,Yes,No,No,Cellular,White-Collar,119336,3
714821433,52,M,3,Uneducated,Single,Ny,91750,No,No,No,Cellular,Govt,105213,3
714823308,32,M,2,Graduate,Married,Ny,91750,No,No,No,Cellular,White-Collar,102907,1
714825408,49,M,3,Uneducated,Single,Ma,91750,Yes,No,No,Unknown,Govt,88101,1
714826758,44,F,4,Graduate,Married,Tx,91750,No,Yes,No,Cellular,Selfemployeed,25898,3
714828708,44,F,2,High School,Single,Tx,91750,Yes,Yes,No,Cellular,White-Collar,39948,1
714829683,45,F,4,Uneducated,Married,Nj,91750,Yes,Yes,No,Telephone,Blue-Collar,40426,1
714831033,42,F,4,Graduate,Married,Ca,91750,No,Yes,No,Cellular,Selfemployeed,6550,1
714832383,57,F,2,Uneducated,Married,Ca,91750,No,Yes,Yes,Cellular,Govt,33750,1
714834258,26,F,0,High School,Single,Ca,91750,No,No,No,Cellular,Govt,58444,3
714835833,36,F,2,High School,Married,Ca,91750,No,No,No,Cellular,Businessman,53101,3
714839808,42,M,3,Graduate,Married,Mi,91750,Yes,Yes,No,Cellular,Retirees,57561,2
714840858,49,F,1,Unknown,Married,Fl,91750,Yes,Yes,Yes,Cellular,Businessman,36221,1
714842208,39,F,2,Doctorate,Married,Tx,91750,Yes,No,No,Telephone,Selfemployeed,59054,3
714843483,53,M,3,Uneducated,Married,Tx,91750,Yes,Yes,No,Cellular,Blue-Collar,91843,1
714847983,42,M,2,Graduate,Single,Mi,91750,No,No,No,Cellular,Businessman,54077,2
714848958,55,F,1,Uneducated,Married,Ca,91750,Yes,Yes,No,Cellular,Blue-Collar,25531,3
714850158,41,F,1,Graduate,Married,Ny,91750,No,Yes,No,Cellular,Businessman,51912,3
714851058,53,F,2,Uneducated,Married,Fl,91750,No,Yes,No,Cellular,Selfemployeed,14975,1
714855108,48,F,3,High School,Single,Ny,91750,No,Yes,No,Cellular,Businessman,49566,3
714857508,41,M,3,High School,Married,Ca,91750,No,Yes,No,Cellular,Blue-Collar,45652,3
714860808,61,F,0,Unknown,Single,Tx,91750,Yes,No,No,Cellular,Businessman,221853,3
714862083,41,F,5,Graduate,Married,Tx,91750,No,Yes,No,Unknown,Selfemployeed,36894,2
714864333,59,F,2,Unknown,Married,Ca,91750,Yes,Yes,No,Cellular,Selfemployeed,12572,3
714868608,44,M,3,Graduate,Married,Ny,91750,No,No,No,Cellular,Businessman,50391,3
714869958,39,F,5,Unknown,Married,Tx,91750,No,No,No,Cellular,Govt,45922,2
714871683,34,F,4,High School,Single,Ny,91750,No,No,No,Unknown,Selfemployeed,1250,1
714877233,49,F,1,Graduate,Married,Fl,91750,Yes,No,No,Telephone,Selfemployeed,14975,1
714878508,62,F,2,Graduate,Single,Ny,91750,Yes,Yes,No,Cellular,Selfemployeed,20751,3
714879483,41,M,2,Unknown,Single,Tx,91750,No,No,No,Cellular,Blue-Collar,107722,1
714880533,38,M,3,Graduate,Single,Ny,91750,Yes,No,No,Cellular,Businessman,116232,3
714882258,44,M,4,Unknown,Single,Ca,91750,No,No,No,Cellular,Selfemployeed,69525,2
714885258,32,F,4,Unknown,Married,Ca,91750,Yes,No,No,Telephone,Blue-Collar,12166,3
714886533,27,F,1,Graduate,Married,Ca,91750,No,No,No,Cellular,Blue-Collar,14998,1
714887808,46,F,3,Graduate,Married,Tx,91750,No,No,No,Telephone,White-Collar,24737,2
714888633,42,F,4,Post-Graduate,Single,Ca,91750,No,No,No,Cellular,Selfemployeed,16731,3
714892533,49,F,2,Doctorate,Married,Ca,91750,No,No,No,Cellular,Retirees,28153,1
714893733,49,F,1,Graduate,Married,Ca,91750,No,No,No,Cellular,Selfemployeed,18449,3
714894708,53,F,3,Uneducated,Married,Nv,91750,Yes,No,No,Cellular,White-Collar,32394,2
714895608,38,M,1,Graduate,Unknown,Tx,91750,Yes,No,No,Cellular,Selfemployeed,59173,2
714899283,48,F,3,Unknown,Unknown,Ca,91750,No,No,No,Cellular,White-Collar,46506,1
714900408,30,F,0,Graduate,Single,Ca,91750,No,No,No,Cellular,Selfemployeed,11582,3
714901383,40,M,4,Graduate,Single,Ny,91750,No,No,No,Cellular,Govt,65620,3
714902283,50,F,1,Uneducated,Single,Ca,91750,No,No,No,Unknown,Govt,32918,1
714906033,38,F,4,Graduate,Married,Ny,91750,Yes,No,No,Cellular,Selfemployeed,14975,3
714907908,63,F,0,Uneducated,Single,Ny,91750,No,No,No,Cellular,Blue-Collar,41043,3
714909108,52,F,1,Graduate,Married,Ca,91750,Yes,No,No,Unknown,Businessman,31097,2
714909858,49,M,3,Graduate,Married,Tx,91750,No,No,No,Cellular,Retirees,97244,2
714912408,45,F,2,Graduate,Married,Tx,91750,No,Yes,No,Cellular,Businessman,189693,2
714914583,37,F,2,High School,Married,Sc,91750,Yes,No,No,Unknown,Selfemployeed,5525,3
714915633,52,F,3,High School,Married,Ca,91750,Yes,Yes,Yes,Cellular,Businessman,15883,3
714916758,43,F,4,Unknown,Married,Ny,91750,Yes,No,No,Cellular,Selfemployeed,11634,3
714917583,46,F,3,Graduate,Married,Fl,91750,No,Yes,No,Telephone,Selfemployeed,36475,1
714919308,40,M,2,High School,Unknown,Fl,91750,Yes,No,No,Cellular,Blue-Collar,115626,2
714920208,61,F,2,Graduate,Single,Ny,91750,No,Yes,Yes,Cellular,White-Collar,35064,2
714923583,40,F,3,Unknown,Married,Ny,91750,No,Yes,No,Unknown,Retirees,18560,3
714924483,57,F,2,Uneducated,Single,Tx,91750,No,Yes,No,Cellular,White-Collar,54352,3
714926508,48,F,3,Graduate,Single,Ny,91750,No,Yes,No,Unknown,Govt,24686,3
714927333,34,F,2,Graduate,Unknown,Ny,91750,No,No,Yes,Cellular,Selfemployeed,14975,2
714928158,52,M,1,High School,Single,Pa,91750,No,No,No,Unknown,White-Collar,131424,2
714929283,40,F,2,Graduate,Married,Ca,91750,No,Yes,No,Cellular,Retirees,30968,1
714930333,43,F,2,Uneducated,Single,Ny,91750,No,No,No,Cellular,Selfemployeed,28240,3
714931458,36,M,2,Post-Graduate,Single,Nj,91750,No,Yes,No,Cellular,Selfemployeed,50335,1
714932658,55,F,3,Unknown,Married,Ny,91750,No,No,Yes,Cellular,Selfemployeed,50244,2
714933783,46,M,3,Graduate,Single,Nv,91750,Yes,No,No,Cellular,White-Collar,41915,3
714935883,37,M,3,Uneducated,Single,Nj,91750,No,No,No,Cellular,Govt,49577,3
714938733,44,M,3,Graduate,Unknown,Ny,91750,No,No,No,Cellular,Blue-Collar,83698,1
714939708,51,F,1,Graduate,Single,Ny,91750,Yes,No,No,Cellular,Businessman,35316,2
714940608,45,F,4,Unknown,Married,Fl,91750,No,No,No,Unknown,Selfemployeed,20857,3
714941358,47,M,5,Graduate,Married,Tx,91750,No,Yes,No,Telephone,Govt,101520,3
714943233,58,M,1,High School,Single,Ny,91750,No,Yes,Yes,Cellular,Retirees,45064,3
714945708,41,M,3,Unknown,Single,Ny,91750,No,No,No,Cellular,Blue-Collar,107528,1
714946908,60,F,1,High School,Single,Tx,91750,Yes,No,No,Unknown,White-Collar,36218,3
714947883,44,F,4,Uneducated,Single,Ca,91750,No,No,No,Cellular,Selfemployeed,14975,2
714948858,43,F,3,Doctorate,Married,Ny,91750,No,No,No,Unknown,Businessman,33634,3
714949758,39,F,4,Unknown,Single,Nj,91750,No,No,Yes,Cellular,Businessman,236089,3
714951858,50,M,3,High School,Single,Ny,91750,No,No,Yes,Unknown,Govt,48656,2
714954033,58,F,0,High School,Married,Tx,91750,Yes,No,No,Telephone,Businessman,31379,3
714957108,48,F,3,Uneducated,Married,Ny,91750,No,No,No,Cellular,White-Collar,34996,3
714959358,55,M,0,High School,Married,Fl,91750,No,No,Yes,Cellular,Govt,110487,1
714960408,54,F,2,High School,Unknown,Fl,91750,Yes,Yes,No,Cellular,White-Collar,31818,1
714961383,39,F,0,Unknown,Single,Tx,91750,Yes,No,No,Cellular,Govt,52746,1
714962658,53,F,2,High School,Single,Ca,91750,Yes,Yes,No,Unknown,Businessman,28349,2
714963558,45,M,3,Post-Graduate,Married,Tx,91750,No,No,No,Cellular,Selfemployeed,59377,3
714964758,39,F,1,High School,Married,Tx,91750,Yes,Yes,No,Unknown,Selfemployeed,6550,1
714965958,38,M,3,Graduate,Married,Fl,91750,No,No,No,Cellular,Selfemployeed,74933,1
714967233,36,F,1,Graduate,Married,Ut,91750,No,No,No,Cellular,Selfemployeed,21650,1
714968208,56,M,3,Graduate,Married,Ny,91750,No,Yes,No,Cellular,Businessman,140104,3
714969183,63,M,0,Graduate,Married,Nj,91750,No,No,No,Telephone,Selfemployeed,50762,2
714970458,54,F,1,Graduate,Single,Ny,91750,No,No,No,Unknown,Retirees,16180,3
714971583,26,F,0,Graduate,Unknown,Tx,91750,No,Yes,No,Unknown,Blue-Collar,34497,3
714972558,41,F,3,Graduate,Unknown,Fl,91750,Yes,Yes,No,Cellular,Blue-Collar,31916,3
714973758,45,F,3,Graduate,Married,Ny,91750,No,Yes,Yes,Cellular,White-Collar,20007,3
714974658,51,F,5,High School,Single,Tx,91750,Yes,No,No,Cellular,Selfemployeed,10206,1
714975633,42,M,3,Graduate,Single,Tx,91750,Yes,No,No,Cellular,Retirees,104894,1
714979383,43,M,2,Graduate,Single,Fl,91750,No,No,No,Cellular,Govt,97040,3
714981483,56,M,4,Graduate,Single,Ca,91750,No,No,No,Telephone,Blue-Collar,94347,1
714982383,33,F,2,High School,Single,Nj,91750,Yes,No,No,Unknown,Blue-Collar,13694,1
714983283,29,F,1,Graduate,Single,Fl,91750,Yes,Yes,No,Cellular,Selfemployeed,2565,3
714985458,38,M,3,Graduate,Married,Tx,91750,No,Yes,No,Cellular,Businessman,17090,1
714986583,44,M,3,High School,Single,Fl,91750,No,No,No,Telephone,Retirees,90444,3
714987633,47,M,1,Graduate,Single,Va,91750,Yes,No,Yes,Cellular,White-Collar,47952,3
714989583,58,F,4,Unknown,Married,Ny,91750,No,Yes,Yes,Cellular,Blue-Collar,15331,1
714990633,62,M,0,Graduate,Unknown,Tx,91750,Yes,No,No,Cellular,Blue-Collar,59729,3
714991608,52,M,2,High School,Single,Nm,91750,No,Yes,No,Unknown,Retirees,56847,1
714992733,47,F,3,Graduate,Married,Fl,91750,Yes,No,No,Cellular,Selfemployeed,46218,3
714997683,46,F,2,Doctorate,Married,Ca,91750,Yes,Yes,Yes,Cellular,Selfemployeed,13044,1
714998508,33,M,2,Post-Graduate,Married,Nj,91750,Yes,No,No,Cellular,Blue-Collar,98018,2
714999483,59,M,0,Graduate,Married,Tx,91750,No,No,No,Unknown,White-Collar,118817,2
715000383,43,M,4,Post-Graduate,Single,Tx,91750,No,Yes,Yes,Cellular,Selfemployeed,48695,3
715004808,40,M,2,Graduate,Married,Ca,91750,Yes,No,No,Cellular,Selfemployeed,58257,1
715005558,38,F,1,Doctorate,Single,Ny,91750,No,No,No,Unknown,Businessman,28147,2
715007583,50,F,3,Doctorate,Married,Tx,91750,Yes,No,No,Cellular,Businessman,35362,2
715008858,57,F,3,Post-Graduate,Single,Ny,91750,Yes,Yes,Yes,Cellular,Selfemployeed,50250,2
715009833,56,M,3,Uneducated,Married,Ny,91750,No,Yes,No,Cellular,Businessman,94551,3
715012833,58,M,1,Graduate,Married,Ny,91750,No,No,Yes,Cellular,Blue-Collar,81739,2
715013733,55,F,2,Unknown,Single,Ca,91750,No,Yes,No,Cellular,Selfemployeed,12568,1
715014633,54,F,1,High School,Married,Nj,91750,No,Yes,No,Cellular,Selfemployeed,30179,1
715015683,47,F,3,High School,Married,Fl,91750,Yes,Yes,No,Cellular,Retirees,15381,2
715016508,55,F,0,Uneducated,Married,Nj,91750,No,No,No,Cellular,Selfemployeed,27538,3
715017858,56,M,2,High School,Married,Nj,91750,No,Yes,No,Unknown,Businessman,169380,3
715019058,62,F,0,High School,Single,Ca,91750,No,No,No,Cellular,Businessman,33627,2
715019883,46,F,3,Uneducated,Single,Fl,91750,Yes,Yes,No,Cellular,Blue-Collar,51464,2
715020933,40,M,2,High School,Unknown,Tx,91750,Yes,No,No,Cellular,White-Collar,118799,3
715022133,32,F,2,Unknown,Married,Ny,91750,No,No,No,Cellular,Blue-Collar,10691,1
715023333,50,F,2,High School,Single,Ny,91750,No,No,No,Cellular,Blue-Collar,30276,1
715024233,39,F,3,Uneducated,Single,Ca,91750,No,Yes,No,Cellular,Selfemployeed,14975,1
715025208,51,M,2,Unknown,Married,Tx,91750,Yes,Yes,No,Cellular,Businessman,52383,3
715026258,34,M,2,Graduate,Married,Fl,91750,No,Yes,No,Unknown,White-Collar,131666,2
715028283,53,F,2,Unknown,Single,Ca,91750,Yes,No,No,Cellular,Govt,32886,3
715029333,55,M,4,Post-Graduate,Single,Fl,91750,Yes,Yes,No,Cellular,Retirees,63651,3
715030308,46,M,3,Graduate,Married,Tx,91750,No,No,No,Cellular,Blue-Collar,73929,2
715031433,51,M,2,Graduate,Married,Ny,91750,Yes,No,No,Cellular,White-Collar,73338,1
715033533,59,M,1,Unknown,Single,Tx,91750,No,Yes,No,Cellular,Businessman,61725,3
715034358,44,F,2,High School,Unknown,Tx,91750,No,Yes,Yes,Unknown,Selfemployeed,14975,3
715037133,44,M,3,High School,Married,Ny,91750,Yes,No,No,Cellular,Retirees,103914,3
715038033,51,M,1,Graduate,Married,Tx,91750,No,No,Yes,Cellular,Blue-Collar,112201,1
715040208,50,F,2,High School,Married,Ga,91750,Yes,Yes,No,Cellular,Selfemployeed,50665,3
715041333,67,F,0,Unknown,Married,Ny,91750,No,No,Yes,Unknown,Selfemployeed,14975,3
715042608,50,F,1,Unknown,Unknown,Tx,91750,No,No,No,Cellular,Retirees,32046,1
715043508,36,M,2,Graduate,Single,Ca,91750,Yes,No,No,Cellular,Businessman,72359,3
715047333,55,F,2,Graduate,Married,Ca,91750,Yes,Yes,No,Cellular,White-Collar,57380,3
715049583,50,F,3,Uneducated,Single,Ca,91750,No,Yes,No,Cellular,Selfemployeed,8250,3
715050408,58,F,2,High School,Married,Tx,91750,No,No,No,Cellular,Selfemployeed,6550,2
715051608,50,M,2,Graduate,Single,Ca,91750,Yes,No,No,Cellular,White-Collar,118194,1
715052583,58,M,4,Graduate,Married,Tx,91750,Yes,No,No,Cellular,Businessman,166134,3
715054683,51,F,3,Graduate,Married,Ny,91750,No,No,No,Unknown,Businessman,43385,2
715055433,49,F,2,Uneducated,Married,Ny,91750,No,Yes,No,Cellular,Businessman,20025,3
715057383,50,F,2,Uneducated,Married,Ca,91750,Yes,No,No,Cellular,Selfemployeed,44566,1
715058433,50,M,2,Graduate,Single,Tx,91750,No,Yes,No,Cellular,Govt,94105,2
715059258,39,F,1,Uneducated,Married,Tx,91750,Yes,Yes,No,Cellular,Retirees,55025,3
715060158,43,F,4,Uneducated,Married,Fl,91750,No,No,No,Cellular,Govt,43669,3
715061733,60,F,2,Graduate,Single,Tx,91750,No,No,No,Cellular,Businessman,38530,3
715065483,50,F,3,Unknown,Single,Ny,91750,Yes,Yes,No,Unknown,White-Collar,18397,3
715071483,58,M,2,Unknown,Single,Ny,91750,No,No,No,Cellular,White-Collar,60091,1
715072533,45,M,2,Graduate,Married,Tx,91750,No,Yes,Yes,Cellular,Blue-Collar,63395,3
715074258,38,F,2,High School,Single,Ca,91750,No,No,No,Unknown,Businessman,21084,2
715076358,39,M,1,Uneducated,Single,Ny,91750,No,Yes,Yes,Cellular,Govt,114702,3
715077483,41,M,2,Graduate,Married,Nj,91750,No,Yes,No,Unknown,Govt,24222,1
715078383,31,F,2,Unknown,Married,Ca,91750,No,No,No,Cellular,Selfemployeed,14975,1
715079208,49,F,4,High School,Married,Tx,91750,No,No,No,Cellular,Blue-Collar,13297,2
715080258,25,M,1,Unknown,Single,Ny,91750,Yes,No,Yes,Cellular,Govt,79511,3
715082133,45,F,4,Graduate,Married,Fl,91750,No,No,No,Cellular,White-Collar,37055,3
715083633,49,M,2,Uneducated,Married,Tx,91750,Yes,Yes,Yes,Cellular,Selfemployeed,97182,2
715085733,36,F,4,Graduate,Married,Fl,91750,Yes,No,No,Unknown,Govt,27430,3
715090008,34,F,2,Uneducated,Single,Ny,91750,No,No,No,Cellular,Businessman,187499,2
715091208,53,M,2,Post-Graduate,Married,Ut,91750,No,No,No,Telephone,Blue-Collar,114736,2
715093383,40,M,2,High School,Married,Ny,91750,No,No,No,Cellular,Retirees,63092,3
715098333,41,F,3,Graduate,Married,Ca,91750,Yes,No,No,Cellular,Govt,57270,3
715102308,49,F,2,Unknown,Single,Tx,91750,Yes,Yes,Yes,Cellular,Blue-Collar,24125,1
715105908,44,F,3,Graduate,Married,Ca,91750,Yes,No,No,Cellular,White-Collar,28716,2
715107033,43,F,4,Graduate,Married,Nj,91750,Yes,No,No,Cellular,Retirees,27367,2
715109508,51,M,0,Graduate,Married,Ca,91750,No,No,No,Unknown,Govt,98281,1
715113933,51,M,1,Unknown,Married,Tx,91750,Yes,Yes,Yes,Cellular,White-Collar,111534,3
715117008,48,M,4,Graduate,Married,Tx,91750,Yes,Yes,No,Cellular,Blue-Collar,70132,3
715118058,56,M,1,Graduate,Married,Ia,91750,Yes,Yes,No,Cellular,Retirees,97200,1
715120608,56,F,2,Unknown,Married,Tx,91750,No,No,No,Cellular,Selfemployeed,11077,3
715122858,51,M,3,High School,Single,Tx,91750,Yes,Yes,No,Cellular,White-Collar,91474,2
715123983,45,M,2,Doctorate,Married,Ak,99504,No,No,No,Cellular,Retirees,100670,3
715124958,49,F,3,Graduate,Single,Tx,91750,No,Yes,No,Unknown,Selfemployeed,11571,1
715127208,43,F,3,High School,Unknown,Ca,91750,Yes,No,No,Cellular,Selfemployeed,14975,2
715128408,50,M,4,Unknown,Married,Ca,91750,Yes,No,No,Cellular,Retirees,64704,2
715129233,43,M,2,Uneducated,Married,Nj,91750,No,No,No,Cellular,Govt,76574,1
715129983,38,F,3,Unknown,Married,Ny,91750,Yes,No,No,Cellular,Businessman,199684,2
715130808,51,M,2,Graduate,Married,Ca,91750,Yes,Yes,No,Cellular,Retirees,85187,3
715132758,50,F,2,Unknown,Married,Ny,91750,No,No,No,Cellular,Businessman,209132,3
715136583,42,F,2,Uneducated,Married,Ca,91750,No,No,Yes,Cellular,Govt,49686,2
715140933,31,F,0,Graduate,Single,Tx,91750,Yes,Yes,No,Cellular,Govt,40769,2
715143333,44,F,2,High School,Married,Ny,91750,No,Yes,No,Cellular,Selfemployeed,45011,2
715144383,37,M,3,Unknown,Married,Fl,91750,No,Yes,No,Cellular,Retirees,61209,3
715146558,46,F,3,High School,Unknown,Tx,91750,Yes,No,No,Unknown,Businessman,25690,3
715148658,41,M,4,Graduate,Single,Ca,91750,Yes,Yes,No,Telephone,Retirees,74114,3
715150983,50,M,2,Unknown,Married,Ny,91750,Yes,No,No,Cellular,Govt,117266,3
715153158,52,F,2,High School,Married,Tx,91750,No,No,No,Telephone,Govt,55378,2
715154058,37,M,3,Graduate,Single,Tx,91750,No,Yes,No,Cellular,White-Collar,118384,1
715155033,50,M,1,High School,Married,Ca,91750,No,No,No,Cellular,White-Collar,96277,1
715156383,41,F,3,Graduate,Married,Ca,91750,Yes,No,Yes,Cellular,Selfemployeed,14975,3
715158483,59,F,1,Graduate,Single,Ny,91750,No,Yes,No,Cellular,Blue-Collar,14071,1
715161633,44,F,2,Graduate,Married,Ny,91750,No,Yes,No,Unknown,Selfemployeed,34529,2
715162608,36,F,2,Graduate,Unknown,Ca,91750,Yes,Yes,No,Cellular,White-Collar,28596,1
715165758,48,F,5,Graduate,Single,Tx,91750,Yes,Yes,Yes,Unknown,Blue-Collar,33087,3
715168008,56,F,4,High School,Married,Ny,91750,No,No,No,Cellular,Retirees,26679,3
715168983,34,F,2,Post-Graduate,Married,Tx,91750,Yes,Yes,No,Cellular,Selfemployeed,14347,2
715170183,44,M,2,Unknown,Single,Ny,91750,Yes,No,No,Cellular,Govt,101727,1
715174158,39,F,1,Graduate,Single,Tx,91750,No,No,Yes,Telephone,Businessman,30328,1
715174983,63,F,0,Unknown,Single,Tx,91750,Yes,No,No,Unknown,Blue-Collar,36424,3
715178733,56,M,1,Uneducated,Single,Tx,91750,No,Yes,No,Cellular,Retirees,79575,1
715179933,39,F,2,Graduate,Single,Tx,91750,Yes,Yes,Yes,Cellular,White-Collar,55360,1
715182108,35,M,3,Graduate,Married,Nj,91750,Yes,No,No,Cellular,White-Collar,71651,2
715183308,52,M,1,Post-Graduate,Unknown,Tx,91750,No,Yes,No,Cellular,Blue-Collar,102142,3
715186608,41,M,3,Uneducated,Married,Ny,91750,No,No,No,Unknown,Businessman,174445,1
715187733,38,F,1,Doctorate,Married,Ny,91750,Yes,No,Yes,Unknown,White-Collar,28174,2
715190283,38,M,2,Unknown,Married,Ca,91750,Yes,No,No,Cellular,Retirees,14698,2
715191258,45,F,2,Graduate,Unknown,Tx,91750,No,Yes,No,Cellular,Selfemployeed,51426,2
715192308,40,M,2,Post-Graduate,Married,Ca,91750,Yes,No,No,Cellular,Blue-Collar,10006,1
715193433,56,F,1,Graduate,Married,Fl,91750,No,No,No,Cellular,White-Collar,44478,1
715194183,46,F,3,Graduate,Single,Tx,91750,No,Yes,No,Cellular,White-Collar,27192,1
715195383,48,M,4,Graduate,Married,Ca,91750,No,Yes,No,Cellular,Blue-Collar,105908,3
715196508,46,F,3,High School,Married,Il,91750,No,No,No,Cellular,Govt,50953,1
715197633,44,M,3,Graduate,Married,Ny,91750,No,Yes,No,Cellular,Businessman,73028,2
715199808,50,F,2,Unknown,Single,Ca,90025,Yes,No,No,Cellular,Businessman,210388,1
715200783,32,M,1,Uneducated,Single,Tx,91750,No,No,No,Cellular,Blue-Collar,95787,3
715203108,47,F,2,Post-Graduate,Single,Ca,91750,No,No,Yes,Telephone,Selfemployeed,5525,1
715204083,61,M,0,Uneducated,Married,Ny,91750,No,No,No,Cellular,Retirees,88945,1
715205358,47,F,3,Graduate,Married,Tx,91750,No,Yes,No,Cellular,Selfemployeed,14975,2
715206408,50,F,2,Graduate,Married,Ny,91750,No,Yes,No,Unknown,White-Collar,35804,3
715207458,54,M,2,Graduate,Married,Nj,91750,No,Yes,No,Cellular,Businessman,78928,5
715209333,50,M,2,Unknown,Married,Ny,91750,Yes,No,No,Cellular,White-Collar,135484,2
715210308,53,F,4,Graduate,Married,Tx,91750,No,Yes,No,Cellular,Blue-Collar,10860,3
715212108,56,M,1,Unknown,Unknown,Tx,91750,No,Yes,No,Unknown,Govt,68885,2
715215108,51,M,3,Graduate,Single,Ga,91750,No,No,No,Unknown,Selfemployeed,84499,2
715216908,61,M,0,Post-Graduate,Married,Nj,91750,Yes,No,No,Unknown,Selfemployeed,14975,2
715217733,29,M,1,Graduate,Married,Ny,91750,No,No,No,Unknown,Selfemployeed,22624,3
715220508,39,F,5,Graduate,Single,Ny,91750,No,No,No,Cellular,Businessman,31896,3
715222533,41,M,3,Graduate,Married,Ca,91750,Yes,Yes,No,Cellular,Selfemployeed,25901,3
715225458,33,F,0,Graduate,Single,Ca,91750,Yes,No,No,Unknown,Selfemployeed,17303,2
715227633,47,M,2,High School,Single,Tx,91750,No,No,No,Cellular,Govt,54849,3
715232058,51,F,3,High School,Single,Tx,91750,No,Yes,No,Cellular,Businessman,16430,3
715233108,44,M,4,Uneducated,Married,Ca,91750,Yes,No,No,Cellular,White-Collar,50884,3
715234008,49,M,2,High School,Single,Ca,91750,No,No,No,Cellular,Businessman,53884,5
715235808,48,M,3,Uneducated,Married,Ny,91750,Yes,Yes,No,Cellular,White-Collar,72129,5
715236783,51,M,1,Uneducated,Married,Tx,91750,Yes,Yes,No,Cellular,Selfemployeed,78519,3
715237683,40,M,3,Uneducated,Single,Fl,91750,No,Yes,No,Cellular,Blue-Collar,107993,5
715240683,44,F,2,Uneducated,Married,Tx,91750,Yes,Yes,No,Cellular,White-Collar,40964,3
715241583,60,F,0,High School,Married,Tx,91750,No,No,No,Cellular,Blue-Collar,17420,2
715243458,62,M,1,Unknown,Single,Fl,91750,Yes,No,No,Cellular,White-Collar,91429,2
715247508,45,F,4,Graduate,Married,Ny,91750,No,Yes,No,Unknown,Selfemployeed,14975,3
715249533,52,M,2,Graduate,Single,Ak,99504,Yes,Yes,Yes,Cellular,White-Collar,148858,2
715250583,47,M,1,High School,Married,Tx,91750,Yes,No,No,Cellular,Businessman,56188,5
715252383,49,F,5,Uneducated,Single,Ca,91750,No,No,No,Cellular,Selfemployeed,39213,2
715253433,41,M,1,Doctorate,Married,Tx,91750,Yes,No,No,Cellular,White-Collar,97099,2
715256658,59,F,1,Graduate,Single,Tx,91750,Yes,Yes,No,Cellular,Govt,36855,3
715257708,47,F,5,High School,Single,Ca,91750,Yes,No,No,Cellular,White-Collar,32188,3
715259583,43,F,3,Graduate,Single,Ca,91750,Yes,No,No,Unknown,Selfemployeed,14975,3
715260558,49,M,4,Graduate,Married,Ny,91750,No,Yes,Yes,Cellular,White-Collar,106067,5
715261458,53,F,1,Graduate,Married,Fl,91750,No,Yes,No,Unknown,White-Collar,30913,3
715265208,38,M,1,Uneducated,Unknown,Mi,91750,Yes,No,No,Cellular,Govt,44041,5
715268508,56,M,1,Graduate,Married,Nj,91750,No,No,No,Unknown,Businessman,186764,2
715269483,58,M,3,Graduate,Married,Fl,91750,Yes,Yes,No,Unknown,Businessman,214158,3
715271733,35,F,3,Unknown,Single,Nj,91750,Yes,No,No,Unknown,Selfemployeed,9535,5
715276683,58,M,1,Uneducated,Single,Ny,91750,No,No,No,Cellular,White-Collar,99827,5
715277583,61,M,0,Post-Graduate,Married,Nj,91750,No,Yes,No,Unknown,Selfemployeed,32607,5
715278708,41,F,2,Graduate,Single,Ny,91750,No,Yes,No,Cellular,Selfemployeed,43638,5
715279683,32,F,2,Uneducated,Single,Tx,91750,Yes,No,No,Unknown,Selfemployeed,14975,3
715281933,55,M,2,Unknown,Single,Fl,91750,No,No,No,Unknown,Retirees,60513,5
715287708,50,F,2,Unknown,Single,Ny,91750,No,No,Yes,Cellular,Govt,41820,5
715291908,51,F,2,Graduate,Single,Nj,91750,Yes,Yes,No,Cellular,White-Collar,147900,3
715294083,41,F,4,Uneducated,Married,Ca,91750,No,Yes,No,Cellular,Retirees,15324,2
715297908,36,M,1,Unknown,Single,Ca,91750,Yes,No,No,Cellular,Govt,29310,2
715298808,50,M,2,Unknown,Single,Tx,91750,No,Yes,No,Cellular,Blue-Collar,105020,3
715300683,39,M,2,Unknown,Single,Ny,91750,No,No,No,Cellular,Businessman,112623,2
715303608,59,F,1,High School,Single,Tx,91750,No,No,No,Cellular,Businessman,55343,2
715304958,51,F,1,Graduate,Single,Tx,91750,Yes,Yes,Yes,Cellular,Businessman,34427,2
715306983,47,F,2,Uneducated,Unknown,Tx,91750,Yes,Yes,Yes,Cellular,Blue-Collar,32820,3
715309083,34,M,1,Unknown,Single,Ny,91750,No,No,No,Cellular,White-Collar,81273,5
715310208,43,F,3,Graduate,Single,Fl,91750,No,No,No,Cellular,Businessman,23356,5
715311183,38,M,4,Unknown,Single,Tx,91750,No,Yes,No,Cellular,White-Collar,132778,3
715312158,32,M,1,Uneducated,Married,Tx,91750,No,Yes,No,Cellular,White-Collar,44612,2
715315008,40,F,4,High School,Single,Tx,91750,No,No,Yes,Cellular,Govt,44055,2
715315833,34,F,2,Doctorate,Single,Ca,91750,No,No,No,Cellular,Blue-Collar,10575,3
715318008,29,F,0,Graduate,Married,Nj,91750,Yes,No,No,Cellular,Blue-Collar,13385,3
715319958,43,F,3,Graduate,Married,Fl,91750,No,Yes,No,Cellular,Selfemployeed,11719,3
715321008,45,M,4,Graduate,Married,Ca,91750,No,Yes,Yes,Cellular,Businessman,108524,2
715321983,63,M,1,Graduate,Married,Fl,91750,Yes,Yes,No,Cellular,Businessman,57470,2
715322958,41,F,2,Post-Graduate,Single,Ca,91750,No,No,No,Cellular,Businessman,39003,5
715327683,37,M,0,Post-Graduate,Single,Ca,91750,No,No,No,Cellular,White-Collar,89186,5
715328658,58,M,2,Graduate,Married,Ca,91750,Yes,Yes,Yes,Cellular,Blue-Collar,30934,3
715335558,47,F,5,Unknown,Single,Nj,91750,No,No,No,Cellular,Blue-Collar,53052,2
715338783,50,F,3,High School,Married,Ny,91750,Yes,No,No,Cellular,Govt,34263,5
715339758,47,M,2,Graduate,Single,Fl,91750,Yes,No,No,Cellular,Businessman,52384,3
715340733,49,M,3,High School,Married,Ny,91750,Yes,Yes,No,Cellular,Retirees,78452,2
715341858,50,F,3,High School,Married,Ca,91750,No,No,No,Cellular,Selfemployeed,12783,3
715343883,36,M,2,Graduate,Married,Ca,91750,No,No,No,Cellular,Govt,74410,3
715345833,58,F,3,Post-Graduate,Single,Ny,91750,No,No,No,Telephone,Selfemployeed,26251,5
715347783,47,F,2,Graduate,Married,Tx,91750,Yes,No,No,Unknown,Blue-Collar,34490,3
715351983,56,M,1,Uneducated,Married,Ny,91750,Yes,No,No,Cellular,Businessman,164425,3
715352883,43,M,3,Uneducated,Married,Ny,91750,Yes,Yes,No,Cellular,Blue-Collar,95230,5
715354008,39,M,2,Graduate,Single,Tx,91750,No,No,No,Cellular,Govt,42198,3
715354983,57,F,3,Graduate,Married,Fl,91750,Yes,Yes,No,Cellular,Govt,39928,2
715356258,40,M,4,Graduate,Married,Ca,91750,No,Yes,Yes,Telephone,White-Collar,59746,3
715357308,57,F,2,Graduate,Single,Fl,91750,No,Yes,Yes,Cellular,Retirees,38174,3
715358283,44,M,3,Graduate,Married,Fl,91750,Yes,Yes,No,Cellular,Retirees,65877,5
715360458,31,M,0,Graduate,Married,Tx,91750,Yes,Yes,No,Cellular,Govt,111283,5
715361433,45,F,4,Post-Graduate,Single,Ca,91750,No,Yes,No,Cellular,Selfemployeed,53215,3
715362183,54,F,3,Graduate,Married,Ca,91750,No,Yes,No,Unknown,Selfemployeed,14975,3
715363908,50,F,3,High School,Single,Ca,91750,Yes,No,Yes,Cellular,Govt,39966,5
715365183,31,M,2,Graduate,Single,Tx,91750,Yes,Yes,No,Unknown,Blue-Collar,36373,3
715366083,37,F,3,Graduate,Single,Ca,91750,Yes,No,No,Unknown,Selfemployeed,5225,2
715367058,63,F,0,High School,Single,Fl,91750,No,Yes,No,Unknown,Blue-Collar,15663,5
715369008,51,F,2,Graduate,Married,Tx,91750,Yes,Yes,No,Telephone,Businessman,210347,5
715371108,45,F,3,Unknown,Single,Tx,91750,No,Yes,No,Unknown,Selfemployeed,14975,1
715372083,57,M,3,Graduate,Unknown,Nj,91750,Yes,Yes,No,Cellular,Govt,78605,1
715374558,47,F,3,High School,Married,Ca,91750,No,Yes,Yes,Cellular,White-Collar,28375,3
715376508,35,F,1,High School,Single,Ny,91750,Yes,Yes,No,Cellular,Businessman,38005,1
715378383,48,F,3,Graduate,Single,Ny,91750,No,No,No,Telephone,Govt,39687,1
715379133,65,M,1,High School,Single,Ny,91750,No,No,No,Telephone,Govt,19097,3
715380483,55,M,3,Uneducated,Married,Ak,99504,Yes,Yes,No,Cellular,Businessman,63793,1
715381533,52,F,5,High School,Single,Tx,91750,No,No,No,Cellular,Blue-Collar,27800,1
715383108,41,F,4,Graduate,Married,Ca,91750,Yes,No,No,Cellular,Selfemployeed,14975,3
715389708,45,F,0,High School,Single,Ny,91750,No,Yes,No,Cellular,Selfemployeed,14975,1
715390608,54,M,2,Graduate,Single,Tx,91750,Yes,Yes,No,Unknown,Blue-Collar,97859,2
715391433,26,M,0,Uneducated,Single,Ny,91750,Yes,No,No,Cellular,Govt,22424,3
715392558,42,M,3,High School,Single,Ca,91750,Yes,No,No,Unknown,Govt,32973,3
715393908,31,M,0,Graduate,Married,Fl,91750,No,No,No,Cellular,Blue-Collar,66709,3
715394883,52,F,1,High School,Married,Fl,91750,No,Yes,No,Cellular,Businessman,17115,3
715395933,41,M,3,Unknown,Married,Fl,91750,No,No,No,Cellular,Retirees,97792,1
715396983,44,M,2,Graduate,Married,Nj,91750,Yes,Yes,Yes,Cellular,Govt,110590,1
715398033,39,M,2,Graduate,Single,Tx,91750,No,No,No,Cellular,Blue-Collar,10095,3
715398858,52,F,1,Unknown,Married,Tx,91750,No,Yes,No,Cellular,Selfemployeed,59135,3
715399908,42,M,3,Graduate,Married,Ny,91750,No,No,No,Cellular,White-Collar,52624,1
715400733,37,F,2,Graduate,Single,Ca,91750,Yes,No,No,Telephone,Selfemployeed,21776,2
715401633,57,F,1,High School,Single,Ca,91750,No,Yes,No,Telephone,Selfemployeed,21664,1
715404783,43,F,3,Graduate,Married,Ny,91750,Yes,No,No,Cellular,Businessman,104661,3
715405758,45,F,0,Graduate,Married,Fl,91750,Yes,No,No,Unknown,White-Collar,26399,2
715406658,57,F,1,Graduate,Married,Ca,91750,No,Yes,No,Cellular,Blue-Collar,32015,2
715409733,43,F,5,High School,Single,Tx,91750,No,No,No,Unknown,Selfemployeed,26410,3
715410783,64,F,0,Graduate,Single,Ca,91750,Yes,No,No,Unknown,Retirees,26738,3
715411608,43,F,2,Uneducated,Single,Ca,91750,No,No,No,Cellular,White-Collar,34028,3
715412583,47,F,3,Graduate,Unknown,Nj,91750,Yes,Yes,No,Cellular,Retirees,42620,2
715413483,57,F,2,Graduate,Married,Ca,91750,No,No,No,Cellular,Retirees,44413,3
715415508,36,F,4,Uneducated,Unknown,Tx,91750,No,Yes,No,Cellular,Retirees,56905,3
715416633,58,F,2,Unknown,Married,Nj,91750,No,No,No,Cellular,Retirees,17037,2
715418508,38,M,2,Unknown,Married,Fl,91750,No,Yes,Yes,Cellular,Retirees,60291,3
715421058,54,F,3,Uneducated,Single,Ca,91750,No,Yes,Yes,Unknown,Businessman,36568,2
715423233,26,F,0,Uneducated,Single,Ca,91750,Yes,Yes,Yes,Cellular,White-Collar,38520,2
715424283,43,F,3,Graduate,Single,Ny,91750,No,Yes,No,Cellular,White-Collar,34479,1
715429608,52,F,3,Graduate,Married,Tx,91750,No,No,Yes,Cellular,Blue-Collar,38225,3
715432608,53,F,3,Uneducated,Single,Ny,91750,No,No,No,Cellular,Blue-Collar,12170,3
715435758,52,M,4,High School,Married,Ca,91750,No,No,No,Cellular,Govt,74932,2
715436883,41,M,3,Graduate,Single,Fl,91750,Yes,No,No,Cellular,Businessman,107085,3
715440558,46,F,4,Unknown,Single,Fl,91750,No,No,No,Cellular,White-Collar,45683,3
715442958,40,F,3,Doctorate,Married,Il,91750,No,Yes,No,Cellular,Retirees,16877,1
715443708,49,F,3,High School,Married,Ca,91750,Yes,No,No,Unknown,Selfemployeed,12937,3
715445058,40,F,3,High School,Unknown,Nj,91750,Yes,No,No,Cellular,Retirees,31740,3
715445883,43,M,2,High School,Married,Nv,91750,No,Yes,No,Cellular,Blue-Collar,63080,1
715447008,45,M,3,Post-Graduate,Married,Ca,91750,Yes,No,No,Cellular,Blue-Collar,93901,3
715448058,44,F,2,Graduate,Single,Co,91750,No,Yes,No,Cellular,Businessman,19483,2
715449333,51,F,0,Doctorate,Single,Nv,91750,Yes,Yes,No,Cellular,Businessman,26154,1
715452408,35,M,1,High School,Married,Fl,91750,Yes,Yes,No,Cellular,Selfemployeed,75603,3
715455708,36,F,5,Unknown,Single,Tx,91750,No,Yes,No,Unknown,White-Collar,26185,3
715457658,53,F,3,Post-Graduate,Married,Ny,91750,Yes,No,No,Cellular,Govt,15211,1
715459158,43,M,3,High School,Married,Ca,91750,No,Yes,No,Cellular,Blue-Collar,108066,3
715462008,60,F,0,Graduate,Married,Fl,91750,No,No,No,Unknown,Businessman,20481,3
715463133,48,F,5,Uneducated,Single,Tx,91750,No,Yes,No,Cellular,Retirees,40661,3
715466133,34,F,0,High School,Married,Ca,91750,No,No,No,Cellular,Govt,59396,3
715468083,41,F,3,Graduate,Married,Tx,91750,No,Yes,No,Telephone,Govt,35049,2
715469583,44,M,3,High School,Married,Tx,91750,Yes,No,Yes,Telephone,Selfemployeed,107870,3
715471833,56,M,1,Doctorate,Married,Ny,91750,No,No,No,Cellular,Businessman,66837,2
715474083,52,F,2,Uneducated,Single,Fl,91750,No,Yes,No,Unknown,White-Collar,177883,2
715474833,46,M,4,Graduate,Single,Tx,91750,No,Yes,No,Cellular,Retirees,59996,3
715477233,48,M,3,High School,Single,Ny,91750,Yes,Yes,No,Cellular,Selfemployeed,48236,1
715478733,41,F,1,High School,Married,Ny,91750,No,Yes,No,Cellular,Govt,25004,3
715479483,51,F,2,Unknown,Single,Fl,91750,Yes,No,No,Unknown,Businessman,21247,2
715480983,51,F,2,Unknown,Single,Nj,91750,No,Yes,No,Cellular,Retirees,37017,3
715482483,61,F,1,Graduate,Married,Nj,91750,Yes,Yes,No,Cellular,Businessman,24280,2
715485483,32,M,1,High School,Married,Fl,91750,Yes,Yes,No,Cellular,Selfemployeed,14975,3
715487733,59,F,0,Graduate,Married,Ca,91750,Yes,No,No,Unknown,Govt,24927,3
715488483,36,M,2,Doctorate,Married,Fl,91750,No,Yes,No,Cellular,Retirees,69192,1
715490733,46,M,4,Post-Graduate,Married,Tx,91750,No,No,No,Unknown,Blue-Collar,10082,3
715491483,51,F,4,Post-Graduate,Married,Tx,91750,Yes,No,No,Cellular,Govt,40513,3
715492983,52,M,5,Doctorate,Single,Tx,91750,Yes,Yes,No,Cellular,Govt,58590,3
715493733,43,M,3,Graduate,Married,Fl,91750,Yes,Yes,No,Cellular,White-Collar,117878,2
715495308,39,M,3,Graduate,Married,Ny,91750,No,Yes,Yes,Cellular,White-Collar,45354,1
715496058,39,M,2,Uneducated,Single,Ca,91750,Yes,Yes,Yes,Cellular,Blue-Collar,108177,2
715496808,47,F,3,Doctorate,Single,Nj,91750,No,No,No,Cellular,Govt,52132,3
715497558,36,F,0,Unknown,Married,Tx,91750,No,Yes,No,Unknown,Businessman,30424,3
715498308,51,F,1,High School,Married,Ny,91750,Yes,No,No,Unknown,Selfemployeed,14975,3
715499058,48,F,3,Graduate,Married,Fl,91750,Yes,Yes,No,Cellular,Govt,32371,3
715499808,41,F,3,High School,Married,Ca,91750,Yes,Yes,No,Cellular,Selfemployeed,12150,3
715500558,51,F,0,Doctorate,Single,Fl,91750,Yes,No,Yes,Cellular,Govt,50793,2
715502808,42,M,3,Unknown,Single,Ca,91750,No,No,Yes,Telephone,Businessman,62735,2
715503558,29,M,1,Unknown,Married,Fl,91750,Yes,Yes,No,Cellular,Selfemployeed,51066,2
715506258,55,M,3,Unknown,Single,Ca,91750,No,Yes,Yes,Cellular,Blue-Collar,64403,3
715510683,50,M,2,High School,Single,Fl,91750,No,Yes,Yes,Telephone,Businessman,73373,3
715511658,58,F,0,Graduate,Married,Ca,91750,No,No,No,Cellular,Blue-Collar,13938,3
715514133,46,F,3,Graduate,Single,Tx,91750,No,No,No,Cellular,Govt,19482,3
715515333,46,M,5,Uneducated,Unknown,Fl,91750,No,Yes,No,Cellular,Retirees,47872,3
715516458,54,F,0,High School,Unknown,Ca,91750,No,No,No,Unknown,Selfemployeed,30541,3
715517733,44,F,5,Unknown,Married,Ny,91750,Yes,No,Yes,Cellular,Selfemployeed,5225,3
715518783,57,F,2,Graduate,Single,Ny,91750,Yes,Yes,No,Unknown,White-Collar,147860,1
715519983,50,M,1,Doctorate,Single,Ca,91750,No,No,No,Cellular,Blue-Collar,116486,3
715522233,55,M,0,High School,Married,Tx,91750,No,Yes,No,Cellular,Blue-Collar,82852,3
715524708,45,F,3,Graduate,Married,Nv,91750,No,No,No,Cellular,Selfemployeed,14975,3
715528983,40,F,4,Graduate,Single,Ca,91750,No,No,No,Cellular,Blue-Collar,14762,1
715530258,31,M,1,Graduate,Unknown,Tx,91750,Yes,No,No,Cellular,Businessman,26129,1
715532208,57,M,0,Graduate,Married,Fl,91750,No,Yes,No,Cellular,White-Collar,42439,3
715533108,44,F,2,Graduate,Married,Fl,91750,Yes,No,No,Cellular,Govt,29892,3
715534083,41,F,2,Graduate,Married,Ca,91750,No,No,No,Cellular,Selfemployeed,48585,3
715537383,47,M,2,Uneducated,Married,Fl,91750,No,No,No,Cellular,Businessman,45505,3
715540233,59,M,1,Doctorate,Single,Ca,91750,No,No,No,Cellular,Businessman,71034,2
715542783,47,M,3,Uneducated,Single,Tx,91750,No,Yes,No,Cellular,Businessman,127418,1
715543908,54,F,1,Graduate,Single,Tx,91750,No,Yes,No,Cellular,Blue-Collar,12238,2
715544883,53,M,2,Graduate,Married,Nj,91750,No,No,No,Unknown,White-Collar,138556,3
715545933,33,M,1,Graduate,Married,Ny,91750,Yes,No,No,Cellular,White-Collar,158731,3
715547058,54,F,4,Post-Graduate,Married,Ca,91750,No,Yes,Yes,Unknown,Selfemployeed,31692,1
715548183,29,F,1,Uneducated,Single,Tx,91750,Yes,Yes,No,Unknown,Selfemployeed,34970,3
715549158,45,M,3,Uneducated,Unknown,Ny,91750,Yes,No,No,Cellular,Blue-Collar,77523,3
715550508,40,F,3,Uneducated,Married,Tx,91750,No,Yes,No,Cellular,Selfemployeed,11710,2
715551783,50,M,3,Graduate,Married,Tx,91750,No,No,No,Cellular,Businessman,176791,2
715554708,50,M,2,Graduate,Single,Fl,91750,No,No,No,Unknown,Businessman,190599,1
715555833,44,F,3,Unknown,Single,Tx,91750,Yes,Yes,No,Cellular,Blue-Collar,52374,2
715563558,48,F,4,Graduate,Single,Pa,91750,No,Yes,No,Cellular,Businessman,29286,1
715565058,45,M,5,Graduate,Married,Tx,91750,Yes,No,No,Cellular,White-Collar,64473,1
715566408,35,M,2,Uneducated,Single,Ca,91750,No,No,No,Telephone,Selfemployeed,60680,2
715567608,49,M,4,Graduate,Single,Fl,91750,Yes,No,No,Unknown,White-Collar,46250,2
715570533,46,F,2,Graduate,Single,Fl,91750,No,Yes,No,Cellular,Selfemployeed,14975,2
715571583,56,M,1,Graduate,Single,Ny,91750,Yes,Yes,No,Cellular,Businessman,81015,1
715572783,29,M,1,Graduate,Married,Tx,91750,No,No,No,Cellular,Businessman,69143,1
715573758,56,F,2,Graduate,Married,Ny,91750,Yes,Yes,No,Cellular,Businessman,207478,3
715575258,51,M,1,Unknown,Single,Ny,91750,No,No,No,Cellular,Govt,108077,1
715579233,42,M,2,Graduate,Married,Ny,91750,No,Yes,No,Cellular,Retirees,81884,2
715581633,52,M,2,Graduate,Married,Tx,91750,No,No,No,Cellular,Retirees,92511,1
715583283,30,M,2,Post-Graduate,Single,Nj,91750,No,Yes,No,Cellular,Retirees,49351,1
715585158,46,F,3,Graduate,Married,Nj,91750,No,No,No,Unknown,Selfemployeed,11091,3
715588008,60,F,1,High School,Single,Ny,91750,No,Yes,No,Telephone,Blue-Collar,25795,3
715588908,53,F,1,Unknown,Single,Tx,91750,No,Yes,No,Cellular,White-Collar,34977,1
715590258,57,M,2,Uneducated,Married,Tx,91750,Yes,Yes,No,Cellular,Businessman,74700,3
715593783,44,F,2,Uneducated,Single,Fl,91750,No,Yes,Yes,Cellular,Retirees,56461,3
715596783,47,F,2,Unknown,Unknown,Ca,91750,No,Yes,No,Cellular,Retirees,58058,3
715599633,46,M,2,Graduate,Single,Ny,91750,No,Yes,No,Cellular,White-Collar,106537,1
715600533,46,M,5,Doctorate,Single,Tx,91750,Yes,Yes,No,Cellular,White-Collar,138936,1
715601808,44,F,1,Unknown,Unknown,Tx,91750,No,Yes,No,Cellular,Businessman,235908,3
715603233,43,M,2,Graduate,Married,Ny,91750,No,Yes,No,Cellular,White-Collar,62492,3
715607958,62,M,0,Uneducated,Single,Ny,91750,No,No,No,Cellular,Blue-Collar,59779,1
715609533,51,F,1,High School,Married,Tx,91750,Yes,No,No,Cellular,Businessman,17814,1
715610733,49,M,2,Graduate,Single,Ca,91750,Yes,Yes,No,Cellular,Businessman,111739,1
715611933,42,F,4,Unknown,Married,Ca,91750,Yes,No,Yes,Cellular,Blue-Collar,39539,2
715612983,44,F,2,Uneducated,Married,Ca,91750,Yes,No,No,Cellular,Businessman,25840,3
715615233,40,M,4,Graduate,Married,Fl,91750,No,Yes,Yes,Cellular,Govt,65785,3
715616358,47,M,2,Uneducated,Unknown,Nj,91750,Yes,No,No,Cellular,Businessman,60730,2
715617333,51,M,2,Graduate,Single,Ca,91750,No,Yes,No,Cellular,White-Collar,87448,1
715622508,55,F,2,Graduate,Unknown,Ny,91750,No,No,No,Unknown,Blue-Collar,21465,3
715623483,45,F,5,Graduate,Married,Ny,91750,No,Yes,No,Unknown,Blue-Collar,14493,3
715624533,52,M,0,Uneducated,Unknown,Ny,91750,Yes,No,No,Cellular,Businessman,107377,2
715625658,54,M,1,Graduate,Married,Pa,91750,No,Yes,No,Cellular,Businessman,70519,3
715627833,45,M,3,Post-Graduate,Married,Ca,91750,No,Yes,No,Cellular,Selfemployeed,67774,3
715628733,51,F,1,High School,Married,Ca,91750,No,No,No,Cellular,Businessman,35139,1
715629783,62,M,1,Graduate,Married,Nj,91750,No,Yes,No,Telephone,Govt,60411,1
715630983,46,M,3,Graduate,Married,Nj,91750,No,No,No,Cellular,Selfemployeed,100923,3
715636533,52,M,2,High School,Married,Fl,91750,Yes,No,No,Cellular,Retirees,80000,2
715640358,45,F,4,Unknown,Single,Nj,91750,No,No,No,Unknown,Blue-Collar,12087,2
715644633,47,M,3,Unknown,Single,Tx,91750,No,No,Yes,Cellular,Govt,95970,3
715645908,46,M,3,Graduate,Single,Nj,91750,No,No,No,Unknown,Blue-Collar,114708,2
715649358,63,M,0,Graduate,Single,Fl,91750,No,Yes,No,Cellular,Blue-Collar,107905,3
715650783,48,M,3,High School,Married,Pa,91750,No,Yes,No,Cellular,Retirees,84815,3
715651833,55,F,1,Graduate,Married,Fl,91750,Yes,No,No,Cellular,Selfemployeed,14975,1
715655283,27,M,0,Uneducated,Single,Ca,91750,No,No,No,Cellular,Govt,61448,2
715657833,57,M,4,Graduate,Married,Tx,91750,No,Yes,No,Cellular,Selfemployeed,87357,1
715659333,43,M,1,High School,Married,Tx,91750,Yes,Yes,No,Cellular,Selfemployeed,65805,3
715660308,50,F,2,Unknown,Married,Ca,91750,No,No,No,Cellular,White-Collar,30668,3
715662258,60,M,1,High School,Single,Tx,91750,No,Yes,Yes,Cellular,Blue-Collar,41944,1
715663458,52,M,2,Graduate,Single,Ca,91750,Yes,No,No,Cellular,Selfemployeed,90060,3
715664808,53,F,1,Uneducated,Single,Ca,91750,No,Yes,No,Unknown,Blue-Collar,27286,1
715670058,39,F,4,Graduate,Married,Ny,91750,Yes,No,No,Unknown,Blue-Collar,42435,3
715671183,39,M,1,Unknown,Single,Ny,91750,No,Yes,No,Cellular,White-Collar,117796,2
715672458,52,M,3,Graduate,Married,Fl,91750,Yes,Yes,No,Cellular,Selfemployeed,68564,3
715674483,30,F,1,Uneducated,Single,Fl,91750,Yes,No,No,Cellular,Selfemployeed,9535,3
715675458,53,F,1,Graduate,Single,Va,91750,No,No,No,Unknown,Blue-Collar,43367,2
715679733,45,F,2,Post-Graduate,Married,Tx,91750,Yes,Yes,No,Cellular,Businessman,37658,2
715680933,53,F,5,Unknown,Married,Ny,91750,Yes,No,No,Cellular,White-Collar,36758,3
715682208,41,M,3,High School,Married,Tx,91750,No,Yes,No,Cellular,White-Collar,71784,2
715684308,35,F,2,High School,Married,Ca,91750,No,No,No,Unknown,Blue-Collar,13249,3
715686183,51,M,2,Uneducated,Married,Ny,91750,No,No,No,Telephone,Businessman,78566,2
715688958,46,M,2,Graduate,Married,Tx,91750,No,Yes,No,Cellular,Govt,68328,2
715690908,35,F,2,High School,Married,Ny,91750,No,Yes,No,Cellular,Blue-Collar,37179,3
715691808,45,M,2,Graduate,Single,Tx,91750,Yes,No,No,Cellular,Retirees,46080,1
715694433,55,F,2,Unknown,Married,Nj,91750,No,Yes,No,Cellular,Businessman,147209,1
715698633,56,F,1,Graduate,Married,Fl,91750,Yes,No,No,Cellular,White-Collar,25928,1
715699983,44,F,2,Doctorate,Single,Ny,91750,No,No,No,Cellular,Selfemployeed,14975,1
715701033,42,F,2,Uneducated,Single,Ny,91750,No,No,No,Cellular,Blue-Collar,21674,1
715702758,42,F,2,Doctorate,Married,Tx,91750,No,No,No,Cellular,Selfemployeed,14975,3
715705683,48,M,2,Graduate,Married,Ny,91750,No,Yes,No,Cellular,Businessman,69340,1
715708308,50,F,3,High School,Single,Ca,91750,Yes,Yes,Yes,Unknown,Blue-Collar,12136,3
715710708,46,M,4,Graduate,Married,Fl,91750,No,No,No,Cellular,Businessman,69542,1
715713408,34,M,4,Uneducated,Single,Mi,91750,No,Yes,Yes,Cellular,Businessman,224372,1
715714458,49,M,3,Uneducated,Single,Il,91750,Yes,No,No,Cellular,Blue-Collar,116558,3
715716333,32,F,2,Post-Graduate,Married,Ny,91750,Yes,No,No,Cellular,Govt,56079,1
715717608,30,M,2,Graduate,Single,Tx,91750,Yes,No,No,Telephone,White-Collar,79460,3
715719033,59,M,0,Graduate,Married,Ca,91750,No,No,No,Cellular,White-Collar,41853,3
715720083,47,F,3,Unknown,Married,Tx,91750,Yes,Yes,No,Unknown,Govt,35155,2
715724808,38,F,2,Graduate,Single,Ny,91750,Yes,No,No,Cellular,Selfemployeed,59305,3
715725858,47,M,4,Graduate,Married,Tx,91750,Yes,No,No,Cellular,White-Collar,84104,3
715728108,49,M,1,Doctorate,Married,Or,91750,No,Yes,No,Cellular,Businessman,164308,1
715729683,41,M,4,Uneducated,Single,Ca,91750,Yes,No,No,Cellular,Govt,109276,2
715731033,50,F,3,High School,Single,Ca,91750,Yes,No,No,Unknown,Blue-Collar,38936,3
715732533,57,F,2,Post-Graduate,Married,Tx,91750,Yes,Yes,No,Cellular,Govt,21604,2
715735233,38,F,2,High School,Married,Ia,91750,No,No,No,Cellular,Selfemployeed,14975,3
715736283,43,M,4,Doctorate,Unknown,Ca,91750,Yes,Yes,Yes,Cellular,Businessman,73446,2
715737258,48,M,4,High School,Married,Ny,91750,No,Yes,No,Cellular,Blue-Collar,85398,3
715739733,48,M,3,Graduate,Single,Va,91750,Yes,No,No,Cellular,Businessman,97374,1
715742658,55,M,3,Uneducated,Single,Nj,91750,No,Yes,Yes,Cellular,White-Collar,119715,3
715745508,44,F,2,Graduate,Single,Ny,91750,No,Yes,No,Cellular,Selfemployeed,14975,1
715746633,39,M,2,Uneducated,Single,Ny,91750,Yes,No,No,Cellular,White-Collar,55492,3
715749108,50,F,2,Unknown,Single,Ca,91750,Yes,Yes,No,Cellular,Selfemployeed,35508,3
715749858,45,F,3,High School,Single,Ca,91750,No,No,No,Unknown,Selfemployeed,14975,3
715750758,50,F,4,Post-Graduate,Married,Fl,91750,Yes,No,No,Unknown,Selfemployeed,14975,3
715754133,36,M,4,Graduate,Single,Ny,91750,Yes,No,No,Cellular,Businessman,127035,3
715756683,47,M,3,Graduate,Married,Tx,91750,Yes,No,No,Cellular,Businessman,207738,1
715759458,48,F,2,Graduate,Married,Fl,91750,No,No,No,Cellular,Selfemployeed,49316,1
715760733,54,F,3,Graduate,Single,Fl,91750,No,No,No,Cellular,Selfemployeed,9535,3
715762083,48,F,2,Unknown,Married,Fl,91750,No,No,No,Cellular,Govt,29154,3
715764483,54,F,3,Doctorate,Single,Ca,91750,Yes,No,No,Cellular,Blue-Collar,13257,2
715765758,44,M,3,Graduate,Single,Tx,91750,Yes,No,No,Telephone,White-Collar,53915,3
715767033,40,M,2,Graduate,Married,Nj,91750,Yes,No,No,Cellular,Govt,85510,1
715769958,52,F,3,Graduate,Unknown,Ca,90250,Yes,Yes,No,Cellular,Businessman,192227,3
715771608,55,F,4,Graduate,Married,Fl,91750,Yes,No,No,Cellular,Blue-Collar,51789,2
715773783,37,F,3,Unknown,Married,Ny,91750,Yes,Yes,No,Unknown,Retirees,29675,3
715774833,50,M,2,Uneducated,Married,Tx,91750,Yes,Yes,No,Cellular,Businessman,42332,3
715776033,35,M,2,High School,Unknown,Ca,91750,No,No,No,Cellular,White-Collar,50702,3
715778358,37,M,2,Graduate,Married,Tx,91750,Yes,Yes,Yes,Unknown,Selfemployeed,39721,3
715779333,47,M,2,Graduate,Single,Ca,91750,No,Yes,No,Cellular,Businessman,44645,3
715783758,45,F,4,High School,Married,Nj,91750,Yes,Yes,No,Telephone,Selfemployeed,14975,3
715784808,50,F,3,High School,Married,Ca,91701,No,Yes,No,Cellular,Retirees,45156,1
715785933,33,F,2,High School,Single,Fl,91750,No,No,No,Telephone,Selfemployeed,14975,2
715797783,63,M,2,Graduate,Married,Ny,91750,No,Yes,No,Telephone,White-Collar,71035,1
715798608,60,F,1,Post-Graduate,Single,Ny,91750,Yes,No,No,Telephone,Businessman,47695,3
715799808,39,M,4,Graduate,Married,Tx,91750,No,Yes,No,Cellular,Govt,101147,3
715800708,26,F,0,Unknown,Unknown,Ny,91750,Yes,No,No,Cellular,Selfemployeed,14975,3
715803933,39,M,2,Graduate,Married,Ny,91750,No,No,No,Cellular,White-Collar,61652,2
715805133,35,M,3,Graduate,Married,Fl,91750,No,Yes,No,Cellular,Blue-Collar,99987,1
715807383,35,M,5,Uneducated,Married,Ny,91750,Yes,Yes,No,Cellular,White-Collar,96955,3
715808808,44,M,3,Graduate,Married,Ny,91750,No,Yes,No,Cellular,White-Collar,134557,3
715812258,30,F,0,High School,Single,Tx,91750,No,Yes,No,Unknown,Selfemployeed,8250,1
715814433,45,F,2,Unknown,Single,Ca,91750,Yes,No,No,Cellular,Govt,38885,2
715815783,41,M,4,Graduate,Married,Tx,91750,No,No,No,Cellular,Retirees,69939,1
715821183,45,F,2,Graduate,Single,Ny,91750,No,Yes,No,Unknown,White-Collar,49780,2
715822008,53,F,0,Graduate,Single,Ny,91750,Yes,Yes,No,Cellular,Govt,18370,3
715824108,48,M,5,Unknown,Single,Fl,91750,Yes,No,No,Cellular,Retirees,74537,2
715825458,38,M,2,Graduate,Married,Ny,91750,No,No,No,Cellular,Businessman,101108,1
715827858,40,F,3,High School,Married,Nj,91750,Yes,No,No,Unknown,Selfemployeed,10205,3
715829358,33,M,2,High School,Single,Ny,91750,No,No,No,Cellular,White-Collar,78555,2
715830558,35,M,2,High School,Married,Fl,91750,No,Yes,No,Cellular,Retirees,103731,1
715832058,52,M,2,Uneducated,Single,Ca,90250,No,No,Yes,Cellular,White-Collar,167628,1
715839708,50,M,1,Graduate,Married,Ca,91750,No,No,No,Unknown,Businessman,101790,1
715842183,58,M,1,High School,Married,Nj,91750,No,No,No,Cellular,Businessman,47330,2
715843533,48,F,4,Graduate,Married,Tx,91750,Yes,No,No,Cellular,Selfemployeed,21660,2
715844733,59,M,2,Post-Graduate,Married,Fl,91750,Yes,Yes,No,Cellular,White-Collar,70100,1
715847058,36,F,2,Graduate,Married,Ny,91750,Yes,Yes,Yes,Cellular,White-Collar,27982,1
715848408,53,F,2,Graduate,Single,Ca,91750,No,No,No,Unknown,Blue-Collar,10731,3
715849983,52,F,3,Uneducated,Single,Ca,91750,Yes,No,No,Cellular,Selfemployeed,47455,2
715851333,48,M,2,Graduate,Married,Tx,91750,Yes,Yes,Yes,Cellular,White-Collar,103210,3
715855083,44,F,2,Doctorate,Married,Tx,91750,No,Yes,No,Cellular,Businessman,32530,3
715856208,57,F,2,Unknown,Single,Ny,91750,No,No,No,Cellular,Retirees,48067,2
715857183,48,F,4,Graduate,Married,Ny,91750,Yes,No,No,Cellular,Govt,22529,1
715858008,53,F,1,High School,Married,Fl,91750,No,No,No,Cellular,Selfemployeed,10328,3
715859058,49,F,2,Graduate,Married,Fl,91750,No,No,Yes,Unknown,Selfemployeed,12568,3
715864983,36,M,3,High School,Single,Ca,91750,No,Yes,No,Cellular,Selfemployeed,82456,2
715866033,49,F,1,Unknown,Married,Fl,91750,Yes,No,No,Cellular,Businessman,43466,3
715870758,57,F,2,High School,Married,Ny,91750,No,No,No,Unknown,White-Collar,26113,1
715872333,44,F,1,Unknown,Single,Ny,91750,No,No,No,Cellular,Selfemployeed,12150,1
715878183,48,F,2,Graduate,Single,Fl,91750,Yes,No,No,Cellular,Selfemployeed,14975,3
715880283,61,M,0,Doctorate,Single,Ca,91750,Yes,Yes,No,Telephone,Govt,72565,1
715883358,55,F,1,Unknown,Married,Fl,91750,Yes,No,No,Cellular,Blue-Collar,14405,3
715884858,41,F,3,Uneducated,Married,Tx,91750,Yes,No,No,Cellular,Selfemployeed,14864,3
715891533,43,M,2,High School,Married,Fl,91750,Yes,Yes,Yes,Cellular,Blue-Collar,99423,3
715893633,33,M,1,Graduate,Married,Nj,91750,Yes,Yes,No,Cellular,Blue-Collar,76814,2
715898058,39,F,2,High School,Married,Fl,91750,No,Yes,No,Cellular,Selfemployeed,14975,3
715901508,51,F,2,High School,Single,Tx,91750,No,No,No,Unknown,Businessman,16886,3
715904433,47,F,3,Doctorate,Married,Tx,91750,No,Yes,Yes,Unknown,White-Collar,20801,2
715905633,38,F,1,High School,Married,Ca,91750,No,Yes,No,Unknown,White-Collar,37310,3
715908558,42,M,5,High School,Unknown,Ca,91750,No,Yes,Yes,Cellular,Govt,104975,3
715910883,43,M,2,High School,Single,Tx,91750,No,Yes,No,Cellular,Selfemployeed,67312,3
715915458,38,F,3,Uneducated,Single,Ny,91750,No,No,No,Cellular,Selfemployeed,7865,1
715919283,31,M,0,Graduate,Married,Fl,91750,No,No,No,Cellular,Govt,23387,2
715921758,48,F,5,Unknown,Married,Ca,91750,No,Yes,No,Cellular,Businessman,33298,2
715923408,47,F,2,Post-Graduate,Single,Tx,91750,No,Yes,No,Cellular,Businessman,193362,1
715928808,40,M,2,Unknown,Married,Ca,91750,Yes,No,No,Cellular,Blue-Collar,69493,1
715932708,58,F,1,High School,Married,Ca,91750,No,Yes,No,Telephone,Retirees,59187,1
715934283,62,F,2,Graduate,Married,Ca,91750,No,No,No,Unknown,Blue-Collar,34375,2
715937133,49,F,4,Uneducated,Married,Fl,91750,No,No,No,Unknown,Selfemployeed,14975,2
715940358,50,F,2,Graduate,Single,Tx,91750,No,Yes,Yes,Cellular,Retirees,16125,2
715941633,42,M,4,Graduate,Married,Tx,91750,No,Yes,Yes,Cellular,Govt,42374,3
715942683,40,F,4,Graduate,Single,Tx,91750,No,Yes,No,Unknown,Selfemployeed,26037,1
715948833,61,M,0,Graduate,Single,Tx,91750,Yes,Yes,No,Cellular,Retirees,90700,3
715950483,52,F,4,Graduate,Single,Ny,91750,No,Yes,No,Cellular,Govt,26595,2
715952883,60,F,2,Unknown,Married,Tx,91750,No,Yes,No,Unknown,Selfemployeed,15366,1
715954158,59,F,2,High School,Married,Tx,91750,No,Yes,No,Cellular,Blue-Collar,27417,2
715955208,55,M,1,High School,Married,Ca,91750,No,Yes,No,Cellular,Retirees,67059,1
715956258,52,F,2,Unknown,Married,Fl,91750,No,No,No,Cellular,Businessman,19514,1
715957233,49,M,2,Graduate,Married,Ny,91750,Yes,Yes,No,Cellular,White-Collar,74459,3
715958583,39,F,3,Graduate,Single,Ny,91750,No,No,Yes,Telephone,Selfemployeed,39116,3
715960308,42,F,1,Graduate,Single,Tx,91750,Yes,No,No,Unknown,Blue-Collar,20241,3
715964058,51,M,0,High School,Single,Ca,91750,No,Yes,No,Cellular,White-Collar,93267,3
715968858,52,F,0,Doctorate,Single,Nj,91750,No,No,No,Cellular,Businessman,16475,3
715970133,40,F,4,Uneducated,Married,Ny,91750,Yes,Yes,Yes,Cellular,Blue-Collar,37523,3
715971108,45,F,4,High School,Single,Fl,91750,Yes,Yes,No,Cellular,Selfemployeed,14975,3
715973583,40,F,2,Graduate,Married,Ca,91750,No,No,No,Cellular,Selfemployeed,12845,3
715974783,63,M,0,Uneducated,Single,Tx,91750,No,Yes,No,Cellular,Retirees,69883,1
715976433,46,F,1,Post-Graduate,Married,Ny,91750,No,No,No,Cellular,Businessman,53817,2
715980258,44,M,1,Uneducated,Married,Ca,91750,Yes,Yes,Yes,Cellular,Selfemployeed,79317,2
715984908,46,M,2,Unknown,Married,Nj,91750,Yes,No,No,Cellular,Businessman,81111,1
715986258,44,M,4,Uneducated,Single,Tx,91750,No,No,No,Cellular,Selfemployeed,48317,1
715987758,47,F,1,Unknown,Married,Ca,91750,Yes,Yes,Yes,Cellular,Govt,34624,1
715989108,46,M,3,High School,Single,Ny,91750,Yes,Yes,No,Unknown,White-Collar,120186,3
715992558,52,F,3,Unknown,Married,Il,91750,No,Yes,No,Cellular,White-Collar,19391,1
715993608,34,F,1,Graduate,Single,Fl,91750,No,No,No,Cellular,Selfemployeed,14975,1
715995933,43,M,3,Post-Graduate,Single,Tx,91750,No,Yes,No,Cellular,Selfemployeed,71320,1
715996983,59,F,1,Graduate,Single,Tx,91750,No,No,No,Cellular,Selfemployeed,14975,2
715999608,52,F,1,Graduate,Single,Fl,91750,No,No,Yes,Cellular,Selfemployeed,12802,3
716002458,40,F,2,Graduate,Single,Tx,91750,No,Yes,No,Unknown,Businessman,221548,3
716004258,46,M,4,High School,Married,Il,91750,No,No,No,Telephone,Businessman,239346,3
716007708,50,M,1,Post-Graduate,Single,Tx,91750,No,Yes,No,Cellular,Selfemployeed,79486,2
716009883,50,F,2,Unknown,Single,Ny,91750,No,Yes,No,Cellular,Selfemployeed,55001,3
716013858,39,M,3,Graduate,Married,Ny,91750,Yes,No,No,Cellular,Businessman,89616,3
716014983,49,F,3,Graduate,Single,Ny,91750,Yes,No,No,Cellular,Selfemployeed,41586,1
716019333,45,F,4,High School,Single,Tx,91750,Yes,Yes,No,Cellular,White-Collar,50008,3
716022258,47,F,3,Graduate,Married,Ny,91750,Yes,No,Yes,Cellular,Businessman,17154,3
716023533,41,M,4,Graduate,Married,Ca,91750,No,No,No,Cellular,Blue-Collar,58093,1
716024808,41,F,3,Graduate,Single,Fl,91750,No,No,No,Unknown,Selfemployeed,5225,3
716027208,51,F,3,High School,Married,Ca,91750,No,No,No,Unknown,Selfemployeed,6550,2
716028108,44,M,4,Post-Graduate,Married,Fl,91750,Yes,No,No,Cellular,White-Collar,73450,1
716029158,44,M,2,Graduate,Single,Tx,91750,No,Yes,No,Cellular,Selfemployeed,14975,2
716032233,50,F,1,Post-Graduate,Single,Fl,91750,Yes,Yes,No,Telephone,Blue-Collar,46694,2
716033508,49,M,2,Unknown,Unknown,Nj,91750,Yes,Yes,No,Cellular,Retirees,66282,1
716037708,46,F,3,Graduate,Single,Tx,91750,No,Yes,No,Cellular,Govt,35666,1
716038533,60,F,1,High School,Married,Tx,91750,Yes,Yes,Yes,Cellular,Selfemployeed,14078,1
716039433,40,F,2,Graduate,Single,Ny,91750,Yes,Yes,No,Cellular,Blue-Collar,37475,1
716040783,43,M,5,Graduate,Single,Ny,91750,No,No,No,Telephone,White-Collar,52670,3
716041908,41,F,4,Unknown,Single,Tx,91750,No,No,No,Cellular,Businessman,59737,2
716043258,53,F,3,High School,Married,Tx,91750,Yes,No,No,Cellular,Selfemployeed,14975,3
716044383,54,F,2,Graduate,Married,Tx,91750,Yes,Yes,Yes,Cellular,Retirees,53012,3
716045508,54,M,5,Graduate,Married,Ca,91750,No,No,No,Unknown,Blue-Collar,109416,2
716053083,59,F,0,Graduate,Single,Ny,91750,Yes,Yes,No,Unknown,Selfemployeed,2565,1
716056158,52,F,0,Post-Graduate,Single,Ny,91750,Yes,No,No,Cellular,Selfemployeed,26524,2
716059608,41,F,4,Graduate,Married,Ca,91750,Yes,Yes,No,Cellular,Retirees,35853,1
716060358,47,M,4,Graduate,Married,Fl,91750,No,No,No,Cellular,Govt,87112,3
716063583,36,M,1,Post-Graduate,Married,Fl,91750,No,Yes,No,Cellular,Blue-Collar,115769,1
716067333,36,M,3,Unknown,Single,Ny,91750,No,Yes,No,Cellular,Blue-Collar,68479,2
716068683,36,F,3,Graduate,Single,Ca,91750,Yes,No,No,Cellular,White-Collar,34652,1
716071233,44,M,5,Unknown,Married,Ny,91750,No,No,No,Cellular,Blue-Collar,70892,3
716075208,45,F,4,Uneducated,Married,Ak,72023,No,No,Yes,Unknown,Selfemployeed,17522,3
716077458,44,F,3,Graduate,Single,Tx,91750,Yes,No,Yes,Cellular,Selfemployeed,35357,3
716079708,39,M,0,Doctorate,Single,Ny,91750,Yes,No,No,Cellular,Govt,72515,2
716088783,55,M,3,Post-Graduate,Married,Ca,91750,No,No,No,Cellular,White-Collar,111554,3
716089983,32,F,2,Post-Graduate,Single,Tx,91750,Yes,Yes,No,Telephone,Blue-Collar,20212,2
716093133,44,F,2,Graduate,Single,Tx,91750,No,No,No,Cellular,Selfemployeed,43203,2
716094333,43,F,3,Graduate,Married,Ny,91750,Yes,No,No,Telephone,White-Collar,32109,3
716096358,52,F,3,Graduate,Unknown,Tx,91750,No,Yes,No,Cellular,Govt,41556,2
716098683,46,M,3,Graduate,Married,Ny,91750,No,No,No,Cellular,White-Collar,109553,3
716099958,41,F,3,Graduate,Single,Fl,91750,No,No,Yes,Telephone,Govt,36582,3
716101308,55,M,3,Graduate,Married,Ny,91750,Yes,Yes,No,Cellular,Selfemployeed,55187,1
716102583,37,F,2,High School,Single,Ca,91750,No,No,No,Unknown,Blue-Collar,19226,2
716104983,54,F,2,Graduate,Married,Fl,91750,Yes,Yes,No,Telephone,Selfemployeed,14975,3
716106108,46,F,3,Graduate,Married,Ca,90025,No,Yes,No,Cellular,Businessman,130299,3
716107158,54,F,5,Unknown,Single,Fl,91750,Yes,Yes,No,Cellular,Govt,34732,1
716108283,49,M,4,Graduate,Single,Fl,91750,Yes,No,No,Cellular,Govt,80120,3
716111808,45,F,3,Unknown,Single,Ma,91750,Yes,No,Yes,Cellular,Selfemployeed,14975,3
716112933,50,F,3,Post-Graduate,Married,Fl,91750,Yes,Yes,No,Telephone,Selfemployeed,1250,1
716116383,59,M,1,High School,Married,Ny,91750,Yes,Yes,No,Cellular,White-Collar,73978,1
716118633,55,M,0,Graduate,Married,Fl,91750,No,Yes,No,Cellular,Govt,57971,2
716122008,49,F,3,Unknown,Married,Fl,91750,No,Yes,No,Unknown,White-Collar,29492,1
716123283,52,F,0,Graduate,Single,Nj,91750,No,No,No,Cellular,Businessman,186953,2
716124408,52,M,2,Graduate,Married,Tx,91750,Yes,No,No,Cellular,Businessman,104100,3
716127333,47,F,4,Unknown,Married,Ny,91750,No,No,No,Cellular,Retirees,25100,2
716128083,42,F,0,Uneducated,Single,Tx,91750,No,Yes,No,Cellular,Selfemployeed,8250,3
716129208,55,F,2,Graduate,Married,Tx,91750,Yes,Yes,Yes,Cellular,Selfemployeed,14975,1
716131083,50,M,2,High School,Married,Fl,91750,No,Yes,Yes,Cellular,Blue-Collar,72245,3
716134533,61,M,0,Graduate,Married,Ca,91750,No,Yes,No,Cellular,Businessman,60778,3
716136333,56,F,0,Graduate,Married,Tx,91750,No,No,No,Cellular,Selfemployeed,31850,1
716138958,35,M,2,Post-Graduate,Married,Ny,91750,No,No,No,Cellular,Selfemployeed,41377,3
716139933,49,F,2,Uneducated,Single,Tx,91750,No,Yes,No,Cellular,White-Collar,29553,3
716142858,57,F,3,Uneducated,Married,Fl,91750,No,Yes,No,Cellular,Retirees,45163,3
716144058,52,F,3,Unknown,Married,Tx,91750,Yes,Yes,No,Unknown,Blue-Collar,17799,1
716147658,40,M,2,Unknown,Single,Tx,91750,Yes,No,No,Unknown,Businessman,76276,1
716149383,49,F,1,Post-Graduate,Married,Ca,91750,Yes,Yes,No,Cellular,Selfemployeed,14975,2
716150358,33,M,2,Doctorate,Single,Ca,90275,Yes,Yes,Yes,Cellular,Businessman,185875,3
716151858,42,F,5,Unknown,Unknown,Nj,91750,No,Yes,Yes,Cellular,Businessman,212196,2
716154258,42,F,3,Graduate,Married,Ny,91750,No,No,No,Cellular,Retirees,20348,3
716156508,32,M,1,High School,Married,Ca,91750,Yes,No,No,Cellular,Blue-Collar,50110,1
716157408,62,F,1,Uneducated,Married,Nj,91750,Yes,No,No,Cellular,Selfemployeed,54425,3
716159958,54,M,3,High School,Married,Ny,91750,Yes,No,Yes,Unknown,Businessman,157404,2
716160708,47,M,5,Graduate,Single,Ny,91750,Yes,No,No,Cellular,Businessman,96289,3
716162583,45,F,2,High School,Married,Ca,91750,Yes,Yes,No,Unknown,White-Collar,18688,1
716165508,48,M,4,Graduate,Married,Tx,91750,No,Yes,No,Cellular,Retirees,65468,3
716169258,33,F,1,Doctorate,Unknown,Ny,91750,No,Yes,No,Unknown,Selfemployeed,14834,3
716170308,53,M,2,Doctorate,Married,Nj,91750,No,No,No,Cellular,Selfemployeed,75215,2
716171358,57,M,2,Uneducated,Married,Nj,91750,Yes,No,No,Cellular,Businessman,63719,2
716174433,37,F,2,Unknown,Single,Fl,91750,Yes,Yes,No,Cellular,Govt,28417,1
716176683,42,M,5,Graduate,Married,Fl,91750,No,Yes,No,Cellular,Selfemployeed,63708,1
716177583,53,M,3,Graduate,Married,Fl,91750,No,Yes,No,Telephone,Govt,75400,1
716178483,49,M,3,Graduate,Married,Tx,91750,No,No,No,Cellular,Retirees,58087,3
716181858,41,M,2,High School,Married,Ny,91750,No,Yes,No,Cellular,White-Collar,71868,3
716183283,39,F,1,Graduate,Unknown,Ny,91750,Yes,Yes,No,Unknown,Selfemployeed,38874,2
716186883,48,F,2,Doctorate,Married,Tx,91750,No,Yes,Yes,Cellular,White-Collar,50797,2
716194683,38,F,2,Graduate,Married,Tx,91750,No,No,No,Telephone,Retirees,22624,1
716198358,38,F,3,Graduate,Married,Ca,91750,Yes,Yes,No,Cellular,Govt,17129,1
716199408,47,M,2,Graduate,Married,Ny,91750,No,Yes,No,Unknown,Retirees,84987,2
716201133,35,F,2,Graduate,Married,Fl,91750,No,No,No,Cellular,Blue-Collar,56306,3
716201883,48,F,2,Doctorate,Single,Ca,90025,Yes,No,No,Cellular,Businessman,180343,3
716203308,43,F,2,Unknown,Married,Tx,91750,No,Yes,No,Cellular,Selfemployeed,10212,3
716204883,61,M,1,Unknown,Single,Nj,91750,No,No,No,Cellular,Blue-Collar,45522,2
716207508,50,F,1,Unknown,Single,Ny,91750,No,No,No,Cellular,Blue-Collar,19619,3
716210283,52,F,1,Post-Graduate,Married,Hi,91750,Yes,No,No,Unknown,Selfemployeed,14975,1
716211258,49,F,4,High School,Married,Fl,91750,Yes,No,No,Cellular,Govt,19334,2
716212383,40,M,4,Unknown,Single,Fl,91750,No,Yes,No,Cellular,Businessman,71289,3
716214108,50,M,3,Graduate,Unknown,Fl,91750,Yes,Yes,No,Cellular,Businessman,84053,2
716216958,65,M,0,Graduate,Single,Ca,91750,Yes,No,No,Cellular,Govt,59799,2
716218908,43,F,3,Graduate,Single,Va,91750,Yes,No,No,Cellular,Govt,31049,1
716219808,43,F,4,Graduate,Single,Fl,91750,Yes,No,No,Unknown,Selfemployeed,14975,3
716222808,44,F,4,High School,Single,Tx,91750,No,No,No,Cellular,Retirees,15699,2
716223708,42,F,4,Uneducated,Married,Tx,91750,Yes,No,No,Cellular,Selfemployeed,2565,3
716225433,47,F,2,High School,Married,Fl,91750,Yes,Yes,Yes,Cellular,Govt,34793,2
716229108,39,M,1,Graduate,Married,Va,91750,Yes,Yes,Yes,Cellular,Blue-Collar,73696,1
716230158,56,M,3,Unknown,Married,Ny,91750,No,Yes,Yes,Cellular,Blue-Collar,56059,1
716231133,55,F,2,Graduate,Single,Ny,91750,No,No,No,Unknown,White-Collar,37567,2
716235783,47,F,3,Unknown,Married,Ny,91750,Yes,No,No,Cellular,Selfemployeed,48659,1
716236683,46,M,2,High School,Married,Ca,91750,No,No,No,Cellular,Selfemployeed,51617,1
716237508,47,M,5,Graduate,Married,Ca,91750,No,Yes,Yes,Cellular,Businessman,65541,5
716238483,45,M,4,Unknown,Married,Tx,91750,Yes,No,No,Cellular,White-Collar,118016,2
716239383,37,F,2,Doctorate,Single,Ca,91750,No,No,No,Cellular,White-Collar,51451,3
716244033,42,F,1,Graduate,Married,Ca,91750,Yes,Yes,No,Telephone,Selfemployeed,14975,2
716244933,55,M,2,Unknown,Single,Nj,91750,No,No,No,Cellular,Selfemployeed,73708,3
716245833,26,M,1,High School,Single,Fl,91750,No,Yes,No,Telephone,Govt,64275,5
716246733,49,M,3,High School,Married,Ny,91750,No,No,No,Cellular,Retirees,73975,3
716247708,39,M,2,Uneducated,Married,Tx,91750,No,Yes,No,Cellular,Businessman,152967,3
716249508,44,F,2,Graduate,Married,Ca,91750,Yes,Yes,No,Cellular,Retirees,54950,3
716251608,34,F,4,High School,Married,Tx,91750,No,No,No,Cellular,White-Collar,59004,3
716253858,49,F,3,High School,Single,Nj,91750,No,No,No,Cellular,Selfemployeed,14975,3
716256483,39,M,1,Uneducated,Married,Ny,91750,Yes,No,No,Cellular,Retirees,54513,3
716258358,45,M,2,Uneducated,Married,Tx,91750,No,No,No,Cellular,Businessman,101519,5
716260833,38,M,1,Graduate,Single,Ca,91750,No,No,No,Cellular,Govt,113446,5
716262708,44,M,4,Graduate,Married,Fl,91750,No,No,No,Cellular,White-Collar,62985,5
716263533,60,F,0,Uneducated,Married,Fl,91750,Yes,Yes,No,Cellular,Businessman,35281,2
716264358,48,F,3,Unknown,Single,Ny,91750,No,No,No,Unknown,Selfemployeed,26675,5
716269308,42,M,3,Uneducated,Single,Tx,91750,No,Yes,Yes,Cellular,Govt,53111,5
716271183,47,F,4,Graduate,Single,Ny,91750,No,No,No,Cellular,Selfemployeed,14975,3
716272158,27,M,0,Graduate,Single,Tx,91750,No,Yes,Yes,Unknown,White-Collar,31576,5
716273133,41,M,1,Graduate,Married,Ca,91750,Yes,Yes,No,Cellular,Blue-Collar,81336,5
716277558,38,F,2,Uneducated,Married,Ny,91750,Yes,Yes,No,Cellular,Govt,15641,2
716279508,44,F,0,Graduate,Married,Ca,91750,No,Yes,No,Unknown,Blue-Collar,31069,3
716282208,33,F,2,Graduate,Single,Nj,91750,Yes,No,No,Cellular,Selfemployeed,14975,3
716283108,52,M,3,Graduate,Married,Fl,91750,No,Yes,No,Cellular,Blue-Collar,109616,2
716284308,30,F,1,Graduate,Married,Ca,91750,Yes,No,No,Cellular,Selfemployeed,11805,5
716285358,40,M,3,Graduate,Married,Ca,91750,No,Yes,Yes,Cellular,White-Collar,32586,3
716288208,44,M,4,Unknown,Single,Ny,91750,No,No,No,Cellular,Blue-Collar,104732,3
716288958,56,F,1,Post-Graduate,Married,Ca,91750,No,Yes,No,Cellular,Blue-Collar,49104,5
716290233,56,F,1,High School,Single,Ny,91750,Yes,No,No,Cellular,Blue-Collar,12226,2
716292033,46,M,5,Uneducated,Married,Fl,91750,No,No,Yes,Cellular,Selfemployeed,79536,3
716296833,50,M,2,High School,Unknown,Tx,91750,Yes,Yes,No,Cellular,White-Collar,150384,3
716297658,42,F,2,Unknown,Married,Tx,91750,No,No,No,Telephone,Selfemployeed,26844,5
716298633,54,M,3,Graduate,Married,Ca,91750,No,Yes,No,Cellular,White-Collar,100545,5
716299608,42,F,3,Graduate,Married,Ny,91750,No,No,No,Cellular,Businessman,19760,5
716302383,41,F,3,Uneducated,Single,Tx,91750,No,No,Yes,Unknown,Selfemployeed,14975,2
716303583,44,M,2,Uneducated,Married,Fl,91750,No,No,No,Cellular,Retirees,81693,3
716304483,50,M,4,Graduate,Married,Tx,91750,No,Yes,No,Cellular,White-Collar,90696,5
716306583,46,F,1,High School,Married,Ca,91750,No,Yes,Yes,Cellular,Blue-Collar,25676,3
716307558,46,F,1,Graduate,Married,Tx,91750,Yes,No,No,Cellular,Businessman,23622,3
716308683,62,F,0,Post-Graduate,Married,Fl,91750,Yes,No,No,Cellular,Businessman,55769,3
716310633,57,M,3,Graduate,Married,Nj,91750,No,Yes,No,Cellular,Govt,90922,2
716311683,65,M,0,Graduate,Single,Fl,91750,Yes,Yes,Yes,Cellular,White-Collar,37551,5
716313858,43,M,5,Graduate,Married,Tx,91750,Yes,No,No,Cellular,Selfemployeed,68735,2
716315508,42,F,4,Graduate,Single,Ca,91750,No,No,No,Unknown,Selfemployeed,12150,5
716317458,49,F,4,High School,Single,Tx,91750,No,No,No,Unknown,Selfemployeed,14975,3
716319258,52,F,5,Graduate,Single,Sc,91750,Yes,No,No,Cellular,Retirees,103132,3
716321583,41,F,4,High School,Single,Tx,91750,Yes,No,No,Telephone,White-Collar,37400,2
716322783,51,M,3,Graduate,Married,Tx,91750,No,No,No,Telephone,Retirees,67739,3
716323683,40,M,2,Unknown,Single,Nj,91750,Yes,No,No,Cellular,Businessman,126499,5
716324583,48,M,3,High School,Single,Fl,91750,Yes,Yes,No,Cellular,Govt,69325,3
716328558,32,M,1,High School,Married,Ny,91750,Yes,No,No,Cellular,Selfemployeed,66729,2
716329383,39,M,3,Graduate,Single,Ny,91750,No,No,No,Cellular,Selfemployeed,75415,3
716331408,46,F,2,Graduate,Married,Tx,91750,Yes,No,Yes,Unknown,Blue-Collar,12325,5
716332533,35,M,1,Graduate,Single,Mi,91750,Yes,Yes,No,Telephone,Selfemployeed,74996,2
716333283,50,M,1,Graduate,Married,Ny,91750,No,No,Yes,Cellular,Blue-Collar,97141,5
716334258,48,M,2,Doctorate,Single,Ny,91750,No,No,No,Cellular,Retirees,16656,5
716335983,49,M,1,Graduate,Single,Fl,91750,Yes,No,No,Cellular,White-Collar,109309,2
716340783,55,F,2,Uneducated,Married,Ca,90026,No,No,No,Unknown,Businessman,168820,1
716341833,35,F,0,Unknown,Married,Fl,91750,Yes,No,No,Unknown,Businessman,15549,3
716343408,42,F,3,Graduate,Single,Ca,91750,No,No,No,Cellular,Selfemployeed,12905,3
716345283,47,M,4,High School,Married,Fl,91750,No,No,No,Cellular,White-Collar,56192,2
716346183,33,M,3,High School,Single,Nj,91750,Yes,No,No,Cellular,White-Collar,52396,2
716349183,59,F,1,Graduate,Single,Ny,91750,Yes,Yes,No,Telephone,Retirees,22708,3
716350008,38,F,3,Unknown,Single,Fl,91750,Yes,Yes,Yes,Telephone,Businessman,112356,2
716351208,56,F,2,High School,Married,Ny,91750,No,No,No,Cellular,Businessman,52624,3
716352033,58,M,1,Graduate,Married,Ny,91750,Yes,Yes,No,Cellular,Blue-Collar,82388,3
716353083,45,M,3,Doctorate,Single,Tx,91750,No,No,No,Telephone,Blue-Collar,62821,3
716354883,52,F,1,Uneducated,Single,Ca,91750,No,Yes,No,Cellular,Govt,34383,3
716355783,54,F,2,Graduate,Single,Fl,91750,No,Yes,Yes,Unknown,Blue-Collar,19942,3
716357058,48,F,4,Graduate,Married,Mi,91750,No,No,Yes,Cellular,Govt,33793,1
716358033,63,M,1,Graduate,Single,Fl,91750,No,Yes,Yes,Cellular,Govt,89687,3
716362008,48,F,2,Doctorate,Single,Tx,91750,No,Yes,No,Cellular,Selfemployeed,14975,2
716363658,31,M,1,High School,Single,Fl,91750,Yes,Yes,No,Cellular,Blue-Collar,45296,3
716364408,47,M,4,Unknown,Single,Ny,91750,No,Yes,No,Cellular,Govt,52016,1
716365233,46,M,2,Graduate,Married,Tx,91750,Yes,No,No,Cellular,Blue-Collar,82992,1
716366208,53,M,3,Graduate,Married,Fl,91750,Yes,No,No,Cellular,White-Collar,96196,3
716368008,51,F,2,Doctorate,Married,Ca,91750,No,Yes,No,Cellular,Businessman,33598,2
716369208,27,M,0,Graduate,Unknown,Tx,91750,No,Yes,No,Cellular,Selfemployeed,87127,1
716370258,47,M,2,Unknown,Unknown,Ca,91750,Yes,No,No,Cellular,Blue-Collar,67658,1
716371308,49,M,2,High School,Unknown,Ny,91750,No,Yes,No,Cellular,Govt,65369,3
716372358,39,M,4,Graduate,Married,Fl,91750,No,No,No,Cellular,Businessman,152284,3
716373483,55,F,0,Uneducated,Unknown,Ny,91750,No,No,No,Unknown,Selfemployeed,14975,2
716374308,47,F,3,Graduate,Married,Tx,91750,Yes,Yes,No,Cellular,Retirees,18031,3
716375883,52,F,4,High School,Single,Fl,91750,No,Yes,No,Unknown,Selfemployeed,14975,2
716378658,52,F,1,Graduate,Single,Tx,91750,Yes,Yes,Yes,Unknown,Selfemployeed,14975,3
716380683,48,F,1,Graduate,Single,Ny,91750,No,No,No,Telephone,Selfemployeed,14975,3
716381808,54,F,3,Uneducated,Married,Fl,91750,No,Yes,No,Telephone,Govt,42819,1
716382708,31,F,0,Uneducated,Single,Ut,91750,No,Yes,No,Unknown,Selfemployeed,8250,2
716383683,49,F,2,Unknown,Single,Tx,91750,No,Yes,No,Unknown,Blue-Collar,12130,3
716385033,45,F,4,Graduate,Single,Fl,91750,Yes,Yes,No,Cellular,Govt,52093,3
716385858,32,F,1,Graduate,Married,Ny,91750,No,No,No,Cellular,Selfemployeed,85685,1
716387733,54,F,2,Graduate,Single,Ca,91750,Yes,No,No,Unknown,Selfemployeed,14975,2
716389833,36,M,2,Uneducated,Single,Nj,91750,No,No,No,Unknown,Blue-Collar,50267,3
716390958,53,F,1,Graduate,Single,Ny,91750,Yes,No,No,Cellular,Selfemployeed,14975,3
716393958,35,F,2,Graduate,Married,Tx,91750,Yes,No,No,Cellular,Selfemployeed,43676,2
716396358,35,F,3,Uneducated,Married,Ca,91750,Yes,Yes,No,Cellular,Selfemployeed,14975,2
716399583,56,F,2,Uneducated,Unknown,Tx,91750,Yes,No,Yes,Unknown,Retirees,24924,3
716400633,34,F,3,Uneducated,Single,Ca,91750,No,No,No,Unknown,White-Collar,20859,1
716402508,53,F,4,Graduate,Single,Tx,91750,No,Yes,No,Unknown,White-Collar,55757,3
716403633,43,F,2,Post-Graduate,Single,Tx,91750,No,Yes,No,Cellular,Blue-Collar,63989,2
716404383,32,F,1,Graduate,Single,Ca,91750,No,Yes,Yes,Unknown,Blue-Collar,25533,3
716406483,38,M,2,High School,Married,Ny,91750,No,No,No,Cellular,White-Collar,125165,1
716408058,57,F,2,Post-Graduate,Single,Fl,91750,Yes,No,Yes,Unknown,Govt,40199,3
716411358,37,M,1,Graduate,Married,Tx,91750,No,No,No,Cellular,Govt,73777,2
716414958,34,F,2,Graduate,Married,Ca,91750,No,No,No,Cellular,Govt,39968,3
716420358,62,F,1,Unknown,Single,Tx,91750,Yes,Yes,Yes,Unknown,Businessman,35127,1
716421633,54,F,3,Unknown,Married,Fl,91750,Yes,Yes,No,Unknown,Selfemployeed,35311,2
716425833,52,F,2,High School,Single,Fl,91750,Yes,No,No,Cellular,White-Collar,15999,3
716430933,56,M,1,Uneducated,Married,Mn,91750,No,No,No,Cellular,Businessman,139445,3
716431833,43,M,3,Graduate,Married,Ny,91750,No,Yes,No,Cellular,Selfemployeed,71027,2
716432658,58,M,2,High School,Single,Ca,91750,No,No,No,Telephone,Govt,64991,3
716434533,42,F,5,Uneducated,Single,Ny,91750,No,No,No,Cellular,Govt,21575,2
716436483,33,F,1,Graduate,Married,Ca,91750,No,Yes,No,Unknown,Businessman,29117,1
716437533,37,F,2,Uneducated,Single,Fl,91750,Yes,No,No,Unknown,Blue-Collar,50333,1
716438433,46,M,4,Uneducated,Married,Nj,91750,No,Yes,Yes,Cellular,Retirees,47275,3
716439258,53,M,2,High School,Single,Tx,91750,No,Yes,No,Cellular,White-Collar,136157,3
716441058,47,F,2,Unknown,Married,Ny,91750,No,No,No,Cellular,White-Collar,144029,1
716442333,41,M,2,High School,Single,Nv,91750,No,No,No,Cellular,Businessman,88369,3
716443608,39,M,1,Post-Graduate,Single,Fl,91750,No,No,No,Cellular,White-Collar,48752,1
716444733,48,M,4,High School,Married,Fl,91750,Yes,No,No,Cellular,Selfemployeed,55975,3
716445783,46,F,3,Uneducated,Single,Fl,91750,No,Yes,No,Unknown,Selfemployeed,8250,3
716447733,56,F,2,Unknown,Married,Ca,91750,Yes,No,No,Telephone,White-Collar,18523,3
716448783,35,F,0,Graduate,Married,Ca,91750,No,No,No,Cellular,Selfemployeed,10341,3
716451183,50,F,2,High School,Single,Ny,91750,No,Yes,No,Unknown,Selfemployeed,14975,3
716452083,43,F,3,High School,Married,Ca,91750,No,No,No,Unknown,White-Collar,20768,3
716452908,37,F,3,Uneducated,Single,Tx,91750,No,No,No,Telephone,White-Collar,24131,2
716453883,45,M,3,Graduate,Married,Tx,91750,No,No,No,Telephone,Businessman,61754,3
716454858,46,F,1,High School,Married,Tx,91750,Yes,Yes,Yes,Cellular,Businessman,158373,2
716455683,45,F,4,Uneducated,Married,Tx,91750,No,Yes,Yes,Cellular,Selfemployeed,11173,2
716456808,44,F,1,Unknown,Single,Ca,91750,Yes,No,No,Unknown,Selfemployeed,27361,3
716457783,45,F,1,Uneducated,Single,Il,91750,No,Yes,No,Cellular,Businessman,166210,2
716458983,38,F,0,Graduate,Single,Ny,91750,No,No,Yes,Unknown,Blue-Collar,13710,2
716460933,48,F,3,Graduate,Single,Tx,91750,No,No,No,Unknown,Blue-Collar,14489,3
716461683,42,F,1,High School,Married,Ca,91750,No,Yes,No,Cellular,Blue-Collar,51247,3
716462658,45,F,3,Graduate,Married,Tx,91750,No,No,No,Unknown,Blue-Collar,13016,2
716464533,48,M,2,Unknown,Married,Fl,91750,No,Yes,No,Cellular,White-Collar,141093,1
716466483,50,F,1,Doctorate,Married,Fl,91750,No,No,No,Cellular,Retirees,71614,2
716468658,54,M,3,Post-Graduate,Single,Ny,91750,Yes,No,Yes,Cellular,Blue-Collar,50327,1
716470683,39,M,2,Unknown,Married,Tx,91750,No,Yes,No,Cellular,Retirees,79825,2
716471508,62,F,0,Graduate,Married,Nj,91750,No,No,No,Cellular,Businessman,58746,2
716474358,40,M,4,High School,Single,Tx,91750,No,Yes,No,Cellular,Businessman,81332,2
716475183,51,F,3,Graduate,Single,Ny,91750,No,No,No,Cellular,Blue-Collar,57850,3
716477133,33,F,2,High School,Single,Ny,91750,Yes,Yes,Yes,Unknown,Blue-Collar,44987,3
716479233,45,F,3,High School,Single,Fl,91750,Yes,Yes,No,Cellular,Selfemployeed,5525,3
716480358,51,F,4,Unknown,Married,Tx,91750,No,Yes,Yes,Cellular,White-Collar,143089,2
716481408,37,F,4,High School,Single,Fl,91750,Yes,Yes,No,Cellular,Selfemployeed,77476,3
716482533,52,M,3,Doctorate,Married,Tx,91750,Yes,No,No,Unknown,Businessman,188699,3
716483358,37,F,3,Graduate,Single,Nj,91750,Yes,No,No,Cellular,Retirees,99774,1
716484333,44,M,3,Graduate,Unknown,Ny,91750,No,No,No,Cellular,Retirees,60946,3
716485308,55,M,4,High School,Married,Fl,91750,No,No,No,Cellular,Blue-Collar,89793,3
716486508,49,F,2,High School,Married,Fl,91750,Yes,No,No,Cellular,Businessman,99963,2
716487408,56,F,2,Graduate,Married,Ny,91750,No,Yes,No,Cellular,Selfemployeed,14975,3
716492583,50,M,2,Graduate,Married,Fl,91750,No,No,No,Cellular,Retirees,67787,3
716493408,37,F,1,High School,Single,Tx,91750,Yes,Yes,No,Cellular,Selfemployeed,14975,1
716494383,38,M,3,Graduate,Single,Ny,91750,No,No,No,Cellular,White-Collar,60303,2
716497908,51,F,2,High School,Single,Tx,91750,No,No,No,Cellular,Selfemployeed,40630,1
716498883,63,F,0,Graduate,Married,Ca,91750,No,No,No,Unknown,Blue-Collar,39022,1
716501133,40,F,3,Graduate,Married,Fl,91750,No,No,No,Telephone,Retirees,45136,3
716506083,21,F,2,Graduate,Married,Ca,91750,Yes,Yes,No,Cellular,White-Collar,119374,3
716510658,48,F,2,Unknown,Married,Ar,85260,No,No,No,Unknown,Businessman,29164,2
716511483,44,F,4,Graduate,Unknown,Ny,91750,Yes,Yes,No,Cellular,Blue-Collar,37037,1
716512383,55,F,2,Graduate,Married,Tx,91750,Yes,Yes,No,Cellular,Businessman,79593,2
716513358,60,M,0,Unknown,Married,Fl,91750,Yes,No,No,Cellular,Businessman,60640,1
716516208,55,F,2,High School,Married,Ny,91750,No,Yes,No,Cellular,Govt,41414,3
716520033,44,M,4,High School,Single,Ny,91750,Yes,Yes,No,Telephone,Retirees,72204,2
716522583,46,F,4,Unknown,Married,Tx,91750,No,Yes,No,Cellular,Blue-Collar,12491,3
716529258,49,F,4,Uneducated,Married,Ny,91750,Yes,No,No,Cellular,Selfemployeed,14975,3
716530533,41,M,3,Graduate,Single,Ny,91750,No,No,No,Cellular,Govt,50082,1
716532258,48,F,4,Graduate,Married,Ny,91750,Yes,No,No,Cellular,White-Collar,36050,3
716535408,55,F,0,Graduate,Single,Nj,91750,Yes,Yes,Yes,Cellular,Businessman,43495,3
716537433,53,M,1,Graduate,Single,Ca,91750,No,No,No,Cellular,White-Collar,95097,3
716543433,53,F,2,Graduate,Married,Ca,90706,Yes,No,No,Unknown,Businessman,205529,2
716545383,60,F,0,High School,Single,Nj,91750,No,No,No,Unknown,Selfemployeed,7865,3
716546283,43,F,3,Uneducated,Married,Mi,91750,Yes,Yes,No,Cellular,Businessman,45802,1
716548083,56,M,2,Unknown,Married,Tx,91750,No,No,Yes,Cellular,Govt,30373,3
716549058,48,F,3,Uneducated,Married,Tx,91750,Yes,No,No,Cellular,Selfemployeed,19881,3
716551533,50,M,2,Unknown,Married,Tx,91750,Yes,No,No,Cellular,Govt,78047,3
716552433,46,M,3,Uneducated,Single,Nj,91750,Yes,No,No,Cellular,Businessman,226745,3
716556258,46,M,3,Graduate,Married,Fl,91750,No,Yes,Yes,Cellular,Blue-Collar,60450,1
716558283,40,M,3,Uneducated,Married,Ny,91750,Yes,No,No,Cellular,Retirees,96948,3
716559108,48,F,2,Post-Graduate,Married,Ca,91750,Yes,Yes,No,Cellular,Retirees,56736,2
716564433,55,F,1,High School,Unknown,Tx,91750,No,Yes,No,Cellular,Selfemployeed,14975,2
716565258,65,M,0,High School,Unknown,Ca,91750,No,No,No,Cellular,Selfemployeed,29176,2
716567433,45,F,0,Doctorate,Married,Fl,91750,No,No,No,Cellular,Selfemployeed,58167,3
716568708,57,F,3,Doctorate,Single,Ny,91750,Yes,Yes,No,Cellular,Selfemployeed,6550,2
716569983,43,F,2,Uneducated,Single,Ny,91750,No,No,No,Cellular,White-Collar,15365,3
716570958,41,F,3,Uneducated,Married,Fl,91750,No,Yes,No,Unknown,Selfemployeed,26123,2
716573058,35,F,2,Graduate,Single,Wa,54101,Yes,Yes,No,Cellular,Selfemployeed,14975,3
716574033,35,M,3,Graduate,Single,Nj,91750,No,No,No,Cellular,White-Collar,101932,2
716575758,32,F,3,Graduate,Single,Nj,91750,No,No,No,Unknown,White-Collar,17211,2
716578158,43,F,2,Uneducated,Single,Tx,91750,Yes,Yes,No,Unknown,Selfemployeed,35500,2
716580033,57,F,4,Uneducated,Single,Ca,91750,Yes,No,No,Cellular,Govt,17473,3
716580933,50,M,3,Unknown,Married,Ca,91750,No,No,No,Cellular,White-Collar,67417,1
716581983,47,M,3,Graduate,Unknown,Fl,91750,Yes,No,No,Cellular,Businessman,78519,2
716584158,31,F,1,Unknown,Married,Nj,91750,No,No,No,Cellular,Blue-Collar,21393,3
716586408,46,M,2,Graduate,Married,Fl,91750,Yes,No,No,Cellular,Govt,52895,2
716592558,53,M,4,Graduate,Married,Fl,91750,Yes,No,No,Cellular,Blue-Collar,65593,1
716593533,44,F,3,High School,Single,Ny,91750,No,Yes,No,Cellular,Businessman,39909,3
716596308,47,F,3,Unknown,Single,Tx,91750,Yes,Yes,No,Cellular,Retirees,17467,3
716600733,42,F,3,Graduate,Single,Tx,91750,No,No,No,Cellular,Retirees,29966,2
716602683,41,F,2,High School,Single,Tx,91750,No,Yes,No,Unknown,White-Collar,92771,3
716604633,42,F,2,Graduate,Married,Tx,91750,No,Yes,No,Cellular,Blue-Collar,17290,3
716606733,47,M,3,Graduate,Single,Ca,91750,No,Yes,No,Cellular,Blue-Collar,80128,3
716608608,47,F,4,Graduate,Married,Ny,91750,Yes,Yes,No,Cellular,Selfemployeed,5525,1
716609433,41,M,3,Graduate,Married,Tx,91750,Yes,No,Yes,Telephone,Blue-Collar,86521,2
716610558,30,F,0,Graduate,Married,Ca,91750,No,No,No,Cellular,Retirees,31830,3
716612958,38,F,2,Uneducated,Married,Tx,91750,No,Yes,No,Cellular,Blue-Collar,16567,3
716613933,59,F,0,Post-Graduate,Married,Fl,91750,No,Yes,No,Cellular,Govt,39887,3
716614683,43,F,4,Unknown,Married,Tx,91750,No,No,No,Cellular,Selfemployeed,43600,1
716615583,46,F,3,High School,Single,Ny,91750,No,Yes,No,Cellular,Govt,16668,2
716617608,44,F,3,Graduate,Married,Ca,91750,Yes,No,No,Cellular,Selfemployeed,18812,2
716619558,41,M,3,Doctorate,Single,Tx,91750,No,No,No,Unknown,Businessman,233990,2
716620458,49,F,3,Graduate,Married,Ca,91750,No,Yes,Yes,Cellular,Govt,27505,2
716624133,58,M,2,Graduate,Single,Ny,91750,Yes,No,No,Cellular,Blue-Collar,10005,1
716625033,41,F,3,Graduate,Married,Tx,91750,Yes,No,No,Cellular,Govt,32150,3
716626008,37,F,1,High School,Married,Nj,91750,No,No,No,Cellular,Blue-Collar,54979,1
716628633,49,F,4,Uneducated,Unknown,Ny,91750,Yes,No,No,Cellular,Selfemployeed,60754,3
716630508,58,M,3,High School,Married,Fl,91750,Yes,No,No,Cellular,Govt,61847,3
716631708,54,M,3,Graduate,Single,Ny,91750,No,No,No,Cellular,Retirees,47981,3
716632758,46,F,4,Doctorate,Married,Ak,99504,No,Yes,Yes,Telephone,Selfemployeed,11443,1
716635758,45,M,2,Graduate,Married,Tx,91750,Yes,Yes,No,Cellular,Retirees,58482,1
716636808,39,F,1,Unknown,Single,Ny,91750,No,No,Yes,Cellular,Govt,38970,3
716639058,48,F,3,Graduate,Married,Ny,91750,No,No,No,Unknown,Retirees,35862,3
716641983,52,F,1,High School,Single,Ca,91750,Yes,No,No,Telephone,Selfemployeed,80231,3
716643033,38,F,3,Graduate,Married,Ny,91750,Yes,No,No,Cellular,Govt,34052,2
716644008,38,M,2,Graduate,Married,Ca,91750,Yes,No,No,Cellular,White-Collar,119203,1
716645883,47,F,2,Graduate,Married,Ny,91750,No,Yes,No,Cellular,Retirees,56795,2
716647983,49,F,2,Uneducated,Married,Ca,91750,No,Yes,No,Cellular,Selfemployeed,14975,2
716653758,63,F,1,Graduate,Single,Ny,91750,Yes,No,No,Telephone,Retirees,54313,2
716654808,41,F,2,High School,Single,Ca,91750,No,Yes,No,Unknown,Selfemployeed,21272,2
716655858,52,F,3,Uneducated,Single,Ca,90250,No,No,No,Cellular,White-Collar,150306,2
716657058,50,F,5,Unknown,Unknown,Ny,91750,No,Yes,No,Cellular,Selfemployeed,14975,2
716660583,41,F,2,Post-Graduate,Single,Ca,91730,Yes,Yes,No,Telephone,Selfemployeed,40587,3
716662683,40,M,4,Graduate,Married,Ca,91750,No,No,No,Cellular,Blue-Collar,92106,3
716663808,50,M,2,Unknown,Single,Ca,90025,No,Yes,No,Cellular,Businessman,213396,1
716666133,48,M,1,Uneducated,Married,Tx,91750,No,No,No,Cellular,Govt,72978,1
716668308,59,F,1,High School,Single,Tx,91750,No,Yes,No,Cellular,Govt,35099,3
716669658,38,F,3,High School,Married,Ca,91750,No,No,No,Cellular,White-Collar,32208,3
716670783,42,M,4,Uneducated,Married,Ny,91750,No,Yes,No,Cellular,Govt,77853,1
716671983,35,F,2,Graduate,Married,Fl,91750,Yes,No,No,Telephone,Govt,51528,2
716673258,43,M,3,High School,Single,Ca,91750,No,No,No,Cellular,Blue-Collar,46629,3
716675358,31,M,0,Graduate,Single,Tx,91750,No,No,Yes,Telephone,Businessman,70614,1
716680983,61,M,0,Uneducated,Single,Ak,99504,No,No,No,Cellular,Businessman,85889,3
716682258,49,F,3,Unknown,Married,Ia,91750,No,Yes,No,Cellular,Blue-Collar,39860,1
716685033,42,M,3,Unknown,Married,Tx,91750,No,Yes,No,Cellular,White-Collar,98185,3
716686158,55,F,4,Graduate,Single,Fl,91750,Yes,Yes,No,Cellular,Selfemployeed,14975,3
716688183,49,F,4,Unknown,Married,Ca,91750,No,No,No,Cellular,Blue-Collar,33243,3
716689383,53,F,2,Graduate,Married,Ny,91750,No,Yes,Yes,Cellular,Selfemployeed,46259,3
716691783,55,M,2,Graduate,Single,Tx,91750,No,Yes,No,Cellular,Govt,106609,2
716692683,40,F,3,High School,Unknown,Fl,91750,Yes,Yes,No,Unknown,Retirees,25588,1
716694108,38,F,2,Uneducated,Single,Ny,91750,No,No,Yes,Unknown,Selfemployeed,31461,3
716695533,44,M,3,Graduate,Married,Nj,91750,Yes,No,No,Telephone,Selfemployeed,44147,3
716697708,34,F,2,Graduate,Single,Fl,91750,Yes,Yes,No,Cellular,White-Collar,34869,3
716698608,48,M,3,Graduate,Married,Ny,91750,No,No,No,Cellular,Govt,62715,1
716702358,45,F,2,Graduate,Single,Tx,91750,No,Yes,No,Cellular,Retirees,48710,1
716704158,44,M,0,High School,Married,Ca,91750,No,Yes,No,Cellular,Govt,110911,2
716705433,44,M,2,Graduate,Single,Ny,91750,Yes,No,No,Cellular,Blue-Collar,52709,2
716708583,48,M,2,Unknown,Married,Ny,91750,No,No,No,Cellular,Blue-Collar,106022,2
716709858,46,F,3,Uneducated,Married,Ny,91750,No,No,No,Unknown,Selfemployeed,31816,2
716711433,56,F,1,Uneducated,Married,Ca,91750,Yes,No,No,Telephone,Retirees,24557,3
716713533,31,F,1,Graduate,Married,Ca,91750,Yes,Yes,Yes,Cellular,White-Collar,36943,3
716714733,62,F,1,Graduate,Married,Nm,91750,Yes,Yes,Yes,Unknown,Govt,39720,2
716716083,54,M,3,Post-Graduate,Single,Va,91750,Yes,No,Yes,Cellular,White-Collar,69436,1
716717733,40,M,4,Graduate,Single,Fl,91750,No,No,No,Cellular,Businessman,117377,2
716721483,52,M,4,High School,Married,Pa,91750,No,Yes,No,Cellular,Blue-Collar,116439,3
716723658,57,M,2,Unknown,Married,Tx,91750,No,Yes,No,Cellular,White-Collar,135130,3
716725008,38,M,3,Graduate,Married,Ca,91750,No,No,No,Cellular,Govt,108690,3
716726058,38,M,3,Uneducated,Single,Ca,91750,No,No,No,Cellular,Retirees,70694,3
716727258,47,M,2,Graduate,Unknown,Nj,91750,No,Yes,No,Cellular,Blue-Collar,62411,2
716728233,41,M,3,Graduate,Married,Tx,91750,Yes,No,No,Cellular,Businessman,154003,3
716732958,43,M,4,Uneducated,Married,Ny,91750,Yes,Yes,Yes,Cellular,Govt,109116,1
716733933,60,M,0,High School,Single,Tx,91750,No,Yes,No,Cellular,Blue-Collar,91443,1
716736858,27,M,0,Unknown,Single,Fl,91750,Yes,Yes,No,Cellular,Businessman,41889,2
716739258,31,M,1,Unknown,Single,Tx,91750,Yes,No,No,Cellular,Retirees,45481,2
716741508,56,M,4,High School,Married,Ca,91750,No,No,No,Cellular,Blue-Collar,63689,3
716742483,49,M,5,Graduate,Single,Ca,91750,Yes,No,No,Cellular,Selfemployeed,104518,2
716745408,44,M,4,Graduate,Single,Ny,91750,No,Yes,No,Cellular,Businessman,108063,1
716747283,59,M,0,Post-Graduate,Married,Ca,91750,No,Yes,No,Cellular,White-Collar,91765,3
716748483,58,F,3,Graduate,Married,Ca,91010,Yes,No,No,Unknown,Businessman,231268,1
716750358,42,F,3,Graduate,Married,Tx,91750,No,Yes,No,Cellular,Govt,37853,1
716751858,55,F,1,Uneducated,Single,Ny,91750,No,No,No,Cellular,Blue-Collar,30423,3
716753058,50,M,1,Graduate,Married,Ny,91750,Yes,Yes,No,Cellular,Retirees,79417,3
716754783,43,F,3,Uneducated,Married,Fl,91750,No,No,No,Cellular,White-Collar,23848,1
716756133,41,M,3,High School,Single,Ny,91750,No,No,No,Cellular,Retirees,92274,2
716757033,56,F,4,Unknown,Married,Ny,91750,No,No,No,Unknown,Govt,34357,3
716758008,47,M,4,Uneducated,Single,Ny,91750,No,Yes,Yes,Cellular,White-Collar,79439,1
716758908,41,M,4,Unknown,Married,Ny,91750,Yes,No,No,Telephone,Retirees,65144,2
716761308,48,M,5,Graduate,Married,Tx,91750,No,No,No,Cellular,Businessman,95534,3
716762733,50,M,1,High School,Married,Ca,91750,No,No,No,Cellular,White-Collar,113038,2
716766033,36,M,0,Graduate,Married,Fl,91750,No,Yes,No,Cellular,White-Collar,62607,3
716768808,51,F,1,Graduate,Married,Ca,91750,No,No,No,Unknown,Selfemployeed,14975,2
716769783,55,F,4,Unknown,Married,Tx,91750,No,Yes,No,Cellular,Retirees,45793,2
716773533,53,F,3,Graduate,Married,Nj,91750,No,Yes,No,Unknown,Selfemployeed,14975,1
716780283,35,F,2,Doctorate,Married,Fl,91750,No,Yes,No,Cellular,White-Collar,48787,1
716782758,52,F,1,Graduate,Unknown,Ca,91750,Yes,No,No,Unknown,Selfemployeed,20183,3
716786808,34,F,3,Graduate,Married,Tx,91750,No,Yes,Yes,Cellular,Govt,43418,3
716790633,54,F,2,High School,Married,Ny,91750,No,Yes,No,Cellular,Govt,15757,3
716791908,57,M,0,Uneducated,Single,Fl,91750,No,No,No,Cellular,Selfemployeed,64609,3
716793108,37,F,4,Post-Graduate,Married,Ca,91750,Yes,Yes,No,Cellular,Selfemployeed,25804,3
716797758,54,F,2,Graduate,Married,Nj,91750,Yes,No,No,Cellular,Selfemployeed,14975,1
716800908,55,F,2,Graduate,Married,Fl,91750,No,Yes,No,Unknown,Businessman,28568,3
716804283,47,M,5,Post-Graduate,Married,Ny,91750,No,No,No,Cellular,Selfemployeed,11049,3
716805408,38,M,3,High School,Single,Ny,91750,Yes,No,No,Cellular,Selfemployeed,66050,3
716806383,38,M,2,Graduate,Married,Ny,91750,Yes,No,No,Cellular,White-Collar,117716,1
716811483,40,F,3,Doctorate,Married,Tx,91750,No,Yes,Yes,Telephone,Businessman,17221,3
716815308,39,F,1,Uneducated,Married,Ca,91750,No,Yes,No,Cellular,Businessman,45728,3
716816583,54,M,3,Graduate,Married,Tx,91750,No,Yes,No,Unknown,Businessman,169352,3
716819958,43,F,3,High School,Single,Ny,91750,Yes,No,No,Unknown,Selfemployeed,14975,1
716822583,34,F,2,High School,Single,Ct,91750,No,No,No,Cellular,Businessman,39857,2
716823408,26,M,0,Graduate,Single,Nj,91750,No,No,No,Cellular,Retirees,24722,1
716825808,53,F,2,High School,Married,Tx,91750,No,Yes,No,Cellular,Govt,49153,2
716829483,65,F,2,Doctorate,Single,Fl,91750,No,Yes,No,Unknown,Govt,19727,3
716831508,50,F,1,Uneducated,Unknown,Nm,91750,No,Yes,No,Cellular,Govt,37975,1
716832858,61,M,0,High School,Married,Ny,91750,Yes,Yes,No,Cellular,Businessman,103534,3
716835033,39,F,2,Doctorate,Married,Ny,91750,No,Yes,No,Unknown,Govt,16689,3
716836308,57,F,3,Graduate,Single,Ca,90275,Yes,Yes,Yes,Unknown,Businessman,184660,1
716837508,37,M,3,Post-Graduate,Single,Fl,91750,No,No,No,Telephone,Businessman,116406,3
716838633,50,M,2,Graduate,Single,Ny,91750,No,No,No,Cellular,Govt,82397,1
716839983,42,M,3,Graduate,Married,Fl,91750,No,No,No,Telephone,Retirees,66705,1
716841783,44,M,2,Graduate,Unknown,Ny,91750,No,No,Yes,Cellular,White-Collar,92345,2
716842908,49,M,0,Unknown,Married,Tx,91750,Yes,Yes,No,Cellular,Selfemployeed,88873,1
716850558,47,F,3,Unknown,Single,Tx,91750,Yes,Yes,No,Cellular,Businessman,208780,3
716851908,52,M,0,Graduate,Single,Fl,91750,No,No,No,Cellular,Businessman,78213,1
716853258,38,F,3,High School,Single,Ny,91750,Yes,Yes,No,Cellular,Selfemployeed,55305,1
716855058,45,F,5,Unknown,Single,Ny,91750,Yes,No,No,Unknown,White-Collar,29653,3
716856408,43,F,3,Uneducated,Single,Tx,91750,No,Yes,No,Cellular,White-Collar,26467,2
716858433,48,M,1,Graduate,Single,Ca,91750,Yes,No,No,Cellular,Businessman,98647,3
716860233,48,M,3,Unknown,Unknown,Ny,91750,No,Yes,No,Cellular,Blue-Collar,50975,3
716863458,41,M,4,Graduate,Married,Fl,91750,Yes,Yes,No,Cellular,White-Collar,115089,3
716864733,51,F,2,Post-Graduate,Single,Ca,91750,No,Yes,No,Unknown,Selfemployeed,16167,2
716866308,55,F,3,Unknown,Single,Ny,91750,No,Yes,No,Unknown,Selfemployeed,17459,3
716869458,46,F,2,Unknown,Married,Ca,91750,Yes,Yes,No,Unknown,Govt,24236,2
716870583,53,F,3,Graduate,Married,Tx,91750,No,Yes,No,Cellular,White-Collar,33010,1
716871633,44,M,2,Doctorate,Married,Tx,91750,No,Yes,No,Cellular,Govt,102269,3
716873733,42,F,4,Graduate,Single,Ca,91750,No,No,No,Cellular,Businessman,31079,3
716875083,47,F,3,Uneducated,Married,Ca,91750,Yes,No,No,Cellular,Retirees,26123,3
716877258,50,M,2,Uneducated,Single,Ca,91750,No,No,No,Cellular,Businessman,72285,3
716878533,48,F,3,High School,Single,Ny,91750,No,Yes,No,Telephone,Blue-Collar,13778,3
716881683,39,M,3,Unknown,Single,Nj,91750,No,No,No,Unknown,Businessman,100142,3
716882658,52,F,1,High School,Single,Ca,91750,Yes,No,No,Cellular,Blue-Collar,22367,3
716890533,44,M,2,High School,Single,Ny,91750,Yes,No,No,Cellular,Businessman,98703,1
716891583,43,M,4,Uneducated,Married,Tx,91750,Yes,No,No,Cellular,Businessman,67658,3
716893683,46,M,3,Doctorate,Married,Ca,91750,Yes,Yes,No,Cellular,Blue-Collar,100808,1
716894658,55,F,1,Graduate,Single,Fl,91750,No,Yes,No,Unknown,Businessman,236967,3
716896833,64,F,0,Graduate,Married,Nj,91750,Yes,No,No,Telephone,Retirees,19534,2
716899233,57,M,1,Unknown,Single,Ca,91750,Yes,Yes,No,Cellular,White-Collar,67847,1
716900433,58,F,2,Graduate,Married,Ny,91750,Yes,No,No,Cellular,Retirees,26403,3
716901858,47,F,3,Graduate,Single,Tx,91750,No,Yes,No,Cellular,Selfemployeed,40481,3
716905158,44,M,3,Unknown,Married,Tx,91750,No,Yes,No,Cellular,Selfemployeed,44818,3
716908158,42,F,4,Unknown,Married,Ca,91750,No,Yes,Yes,Cellular,Govt,36163,3
716909283,63,F,1,Unknown,Single,Ca,91750,Yes,No,No,Cellular,Blue-Collar,35902,1
716911608,32,F,0,High School,Married,Fl,91750,No,Yes,No,Telephone,Retirees,42623,3
716915133,33,M,1,Uneducated,Single,Fl,91750,Yes,Yes,No,Cellular,White-Collar,60168,2
716918508,53,F,3,Unknown,Single,Ca,91750,Yes,Yes,No,Cellular,Selfemployeed,14975,2
716919633,40,M,3,Graduate,Married,Tx,91750,No,Yes,No,Cellular,Blue-Collar,63096,1
716920908,37,F,3,High School,Unknown,Ca,91750,No,No,No,Cellular,Businessman,18527,3
716922633,53,F,3,High School,Unknown,Ny,91750,Yes,No,No,Cellular,Govt,30509,1
716924058,44,F,2,Uneducated,Single,Ny,91750,No,Yes,No,Cellular,Selfemployeed,13575,3
716924958,42,F,3,Uneducated,Married,Ca,91750,No,No,No,Unknown,White-Collar,24974,1
716926758,52,F,2,Doctorate,Married,Ma,91750,No,No,No,Cellular,Selfemployeed,55855,2
716929233,57,M,2,Uneducated,Single,Ny,91750,Yes,No,No,Cellular,White-Collar,96616,1
716930133,53,M,4,Graduate,Single,Ca,91750,No,No,No,Cellular,Selfemployeed,70065,3
716931183,44,F,2,High School,Single,Ny,91750,No,No,No,Cellular,Selfemployeed,56740,3
716932308,63,M,1,Unknown,Married,Ny,91750,Yes,Yes,No,Cellular,Businessman,63708,3
716933283,45,M,5,Doctorate,Married,Nj,91750,No,No,No,Cellular,Businessman,182190,1
716934333,36,F,4,Graduate,Married,Ca,91750,Yes,Yes,No,Cellular,Selfemployeed,38781,1
716938383,40,F,3,High School,Married,Ny,91750,No,Yes,No,Cellular,Businessman,42538,3
716939358,37,M,3,Uneducated,Single,Az,90025,No,Yes,No,Cellular,Blue-Collar,71845,3
716944983,56,F,4,Uneducated,Single,Ca,91750,No,No,No,Cellular,Selfemployeed,14975,3
716947083,41,M,4,Graduate,Single,Il,91750,No,No,No,Cellular,Businessman,176452,1
716948283,51,F,3,Graduate,Married,Fl,91750,Yes,No,No,Cellular,Selfemployeed,38022,1
716950758,26,F,0,Unknown,Single,Fl,91750,No,No,No,Unknown,Selfemployeed,14975,2
716951658,39,F,3,High School,Single,Ca,91750,No,Yes,No,Cellular,Businessman,56348,2
716953083,39,F,2,Unknown,Single,Ny,91750,Yes,No,No,Cellular,Govt,54382,1
716955783,63,M,0,Graduate,Married,Ca,91750,No,Yes,No,Cellular,Businessman,61398,1
716959833,49,F,1,Graduate,Married,Ca,91750,No,No,Yes,Cellular,Businessman,46513,1
716961033,45,F,4,Graduate,Single,Ny,91750,No,No,No,Unknown,Selfemployeed,39519,3
716961933,46,F,4,Graduate,Married,Tx,91750,Yes,Yes,No,Cellular,Selfemployeed,55666,2
716963283,35,F,2,Uneducated,Single,Ca,91750,Yes,No,No,Telephone,Selfemployeed,32129,3
716966808,47,F,1,High School,Married,Tx,91750,No,No,No,Cellular,Selfemployeed,14975,1
716968683,41,M,5,Unknown,Single,Ny,91750,No,Yes,No,Cellular,Blue-Collar,94894,2
716971833,49,M,3,Graduate,Single,Ca,91750,Yes,Yes,No,Cellular,Selfemployeed,65254,3
716973333,53,M,1,High School,Single,Tx,91750,No,Yes,Yes,Cellular,Govt,92331,3
716974383,46,F,2,Graduate,Married,Tx,91750,Yes,Yes,No,Cellular,Selfemployeed,18350,2
716975583,39,M,4,Graduate,Single,Ca,91750,No,Yes,No,Telephone,Businessman,60744,3
716977758,43,F,5,Graduate,Married,Ny,91750,No,No,No,Cellular,Govt,18373,1
716979183,49,F,2,High School,Married,Ny,91750,No,No,No,Unknown,Businessman,215985,1
716981358,33,M,3,High School,Married,Tx,91750,Yes,No,No,Cellular,Selfemployeed,81670,3
716982483,48,M,3,Post-Graduate,Married,Nv,91750,No,Yes,No,Cellular,Selfemployeed,65364,2
716984658,55,F,2,Doctorate,Married,Ca,91750,No,No,No,Cellular,Selfemployeed,6550,2
716986458,47,M,1,Graduate,Married,Ny,91750,No,Yes,No,Cellular,Govt,105420,2
716987358,54,M,3,Post-Graduate,Single,Ca,91750,No,No,No,Cellular,Retirees,100463,1
716988633,26,M,0,Graduate,Single,Fl,91750,No,Yes,No,Cellular,Selfemployeed,14975,1
716989683,46,F,3,High School,Single,Ia,91750,No,No,No,Cellular,Selfemployeed,36428,3
716990883,44,M,4,Graduate,Unknown,Ca,90026,Yes,Yes,No,Cellular,Businessman,208370,1
716991933,52,F,4,Uneducated,Married,Ca,91750,Yes,Yes,No,Cellular,Selfemployeed,2565,3
716993058,57,F,3,Graduate,Unknown,Ny,91750,Yes,No,No,Cellular,Govt,56612,1
716995083,39,F,2,Graduate,Single,Ny,91750,No,Yes,No,Cellular,Businessman,53932,2
716996583,50,F,2,Unknown,Married,Nj,91750,Yes,No,No,Unknown,Selfemployeed,14975,1
716998608,61,F,1,Graduate,Single,Tx,91750,No,Yes,No,Unknown,Retirees,16908,1
716999883,47,F,5,Graduate,Married,Fl,91750,No,Yes,Yes,Cellular,Blue-Collar,13328,1
717000858,46,F,1,Uneducated,Married,Fl,91750,No,Yes,No,Cellular,Selfemployeed,24646,2
717001908,44,F,3,Graduate,Married,Ca,91750,No,Yes,No,Cellular,Selfemployeed,33215,2
717004533,46,M,4,Graduate,Married,Tx,91750,No,Yes,No,Cellular,Retirees,68012,3
717006333,45,F,3,Graduate,Married,Tx,91750,Yes,Yes,No,Cellular,Selfemployeed,18751,2
717007458,52,F,2,Post-Graduate,Single,Tx,91750,No,Yes,No,Cellular,Govt,35756,2
717008358,46,M,2,Unknown,Married,Nj,91750,No,No,No,Cellular,Govt,109064,2
717011958,46,M,2,High School,Married,Fl,91750,No,Yes,No,Cellular,Selfemployeed,65213,3
717013383,60,F,1,High School,Married,Tx,91750,No,Yes,No,Unknown,White-Collar,33130,3
717015333,51,F,1,Graduate,Married,Nj,91750,No,No,No,Telephone,Govt,46622,2
717016833,60,M,1,Graduate,Single,Tx,91750,Yes,Yes,No,Cellular,Blue-Collar,56365,1
717017808,37,M,3,Unknown,Married,Fl,91750,Yes,Yes,No,Cellular,White-Collar,74427,2
717022533,48,M,4,Uneducated,Single,Ca,91750,No,No,No,Cellular,Govt,49976,1
717023508,53,M,3,Uneducated,Married,Fl,91750,No,Yes,No,Cellular,White-Collar,83269,1
717026658,47,F,1,High School,Single,Ca,91750,No,Yes,No,Cellular,White-Collar,33122,1
717028158,51,M,1,High School,Married,Ca,91750,Yes,Yes,No,Unknown,Retirees,31187,2
717030633,57,F,2,Unknown,Single,Nv,91750,No,Yes,No,Cellular,Selfemployeed,34330,1
717035283,48,F,2,Unknown,Single,Tx,91750,Yes,Yes,Yes,Cellular,Retirees,23631,1
717036408,43,M,4,High School,Single,Fl,91750,No,No,No,Cellular,Retirees,68721,1
717038733,55,F,1,High School,Single,Tx,91750,Yes,No,No,Unknown,Selfemployeed,11905,3
717042333,35,F,0,Graduate,Married,Ca,91750,No,No,No,Telephone,Businessman,32875,2
717045033,44,M,3,Graduate,Married,Tx,91750,Yes,No,Yes,Cellular,Blue-Collar,73815,3
717047583,48,M,4,Uneducated,Married,Nj,91750,No,No,No,Cellular,Govt,117348,2
717049533,37,F,3,Graduate,Single,Ca,91750,No,Yes,No,Unknown,Blue-Collar,14071,1
717050883,38,M,2,Uneducated,Married,Ca,91750,Yes,Yes,No,Cellular,Selfemployeed,52785,2
717052158,50,F,2,Graduate,Married,Tx,91750,No,Yes,No,Unknown,Retirees,37987,3
717060858,49,M,0,High School,Single,Ca,91750,No,No,No,Unknown,Govt,111291,2
717066408,34,F,2,Graduate,Single,Tx,91750,No,No,Yes,Cellular,Businessman,29467,3
717069033,38,M,3,Graduate,Married,Nj,91750,No,No,No,Cellular,Govt,77996,2
717072108,45,F,2,Graduate,Single,Fl,91750,No,No,Yes,Cellular,Govt,29950,3
717073308,40,M,3,Graduate,Married,Ca,91750,No,No,No,Cellular,Govt,79061,3
717074283,31,F,0,Graduate,Married,Ca,91750,No,No,No,Cellular,Govt,29828,2
717076458,42,F,2,Unknown,Single,Ny,91750,Yes,Yes,No,Cellular,Businessman,191335,2
717078933,45,F,3,High School,Single,Ca,91750,Yes,No,Yes,Cellular,Govt,55463,3
717081483,53,M,3,Graduate,Single,Ny,91750,Yes,No,No,Unknown,Businessman,235596,2
717084708,30,M,0,Unknown,Single,Fl,91750,No,No,No,Cellular,Govt,42395,2
717085983,52,F,1,High School,Married,Tx,91750,Yes,No,No,Cellular,Govt,57229,2
717087858,50,F,2,Graduate,Single,Fl,91750,Yes,No,No,Cellular,Businessman,55309,3
717090183,53,F,0,Graduate,Single,Ny,91750,No,No,No,Telephone,Retirees,21786,1
717091533,55,F,3,Graduate,Single,Ca,91750,No,Yes,Yes,Cellular,Businessman,55344,2
717093858,36,M,2,Graduate,Married,Ny,91750,Yes,Yes,No,Cellular,Blue-Collar,40077,3
717094758,57,M,1,Graduate,Single,Tx,91750,Yes,No,No,Cellular,Retirees,63218,2
717095733,32,M,1,Graduate,Single,Tx,91750,Yes,Yes,No,Cellular,White-Collar,56412,2
717096858,42,M,4,Graduate,Unknown,Ca,91750,No,No,No,Cellular,Govt,79832,2
717098208,36,M,4,Post-Graduate,Married,Tx,91750,Yes,Yes,No,Cellular,Selfemployeed,19249,1
717099408,43,M,2,Uneducated,Single,Ga,91750,No,Yes,No,Telephone,White-Collar,69583,3
717100833,36,F,5,Graduate,Married,Ny,91750,No,No,No,Unknown,Blue-Collar,13296,3
717103758,49,F,1,Graduate,Married,Tx,91750,No,No,No,Cellular,White-Collar,30789,3
717105258,43,F,4,Graduate,Unknown,Ca,91750,No,Yes,Yes,Cellular,Businessman,23084,1
717107808,32,M,1,High School,Married,Fl,91750,No,Yes,No,Cellular,Blue-Collar,70365,1
717109983,53,M,4,Graduate,Single,Nj,91750,No,Yes,Yes,Cellular,Selfemployeed,107681,1
717112533,42,F,3,High School,Single,Ca,91730,No,Yes,No,Cellular,Businessman,48970,3
717114708,48,M,1,High School,Single,Ca,91750,No,No,No,Cellular,Govt,61211,3
717121758,44,M,3,Unknown,Single,Ny,91750,No,No,No,Cellular,White-Collar,71667,3
717123858,26,F,1,Unknown,Single,Fl,91750,Yes,Yes,Yes,Cellular,Govt,48609,3
717124983,59,F,1,Graduate,Single,Ca,91750,Yes,No,Yes,Unknown,Blue-Collar,14537,3
717125958,46,M,4,Doctorate,Unknown,Nv,91750,Yes,Yes,No,Cellular,White-Collar,76566,1
717127083,53,F,2,Graduate,Married,Ny,91750,Yes,Yes,No,Cellular,Blue-Collar,21197,3
717128283,38,F,2,Graduate,Unknown,Mo,91750,Yes,Yes,No,Cellular,Businessman,25141,1
717129333,50,M,3,Post-Graduate,Married,Tx,91750,Yes,No,No,Cellular,Blue-Collar,62377,1
717130383,48,F,3,Graduate,Single,Tx,91750,Yes,No,No,Unknown,Blue-Collar,12985,1
717131283,43,M,3,Uneducated,Single,Tx,91750,No,Yes,No,Cellular,Govt,74968,3
717132633,54,F,0,Uneducated,Married,Ny,91750,No,Yes,Yes,Cellular,White-Collar,34499,2
717134058,44,M,2,Uneducated,Single,Tx,91750,No,Yes,No,Cellular,Govt,48074,3
717135333,41,M,2,Uneducated,Single,Tx,91750,No,Yes,No,Cellular,Businessman,126828,5
717136533,49,M,3,Post-Graduate,Married,Tx,91750,No,No,No,Cellular,Businessman,83191,3
717138558,56,F,5,Graduate,Single,Ny,91750,Yes,Yes,No,Unknown,Blue-Collar,16308,3
717139608,56,M,2,Doctorate,Married,Il,91750,Yes,No,No,Cellular,Govt,72089,5
717140733,48,M,3,Graduate,Married,Ny,91750,Yes,No,No,Cellular,White-Collar,117822,3
717141858,52,F,2,High School,Single,Ca,91750,No,Yes,No,Unknown,Govt,35126,2
717146208,51,F,1,High School,Married,Ny,91750,No,No,No,Cellular,Businessman,32804,5
717147708,61,M,0,Graduate,Married,Ca,91750,No,No,No,Cellular,Blue-Collar,55182,5
717151383,37,F,2,High School,Single,Ca,91750,No,Yes,No,Cellular,Blue-Collar,39388,2
717159858,42,F,3,High School,Single,Tx,91750,No,Yes,Yes,Cellular,Retirees,25594,3
717166383,37,M,1,Graduate,Single,Ny,91750,Yes,No,No,Cellular,White-Collar,92969,5
717167283,45,F,4,Graduate,Single,Ca,91750,No,No,No,Cellular,Govt,16999,2
717171408,37,F,3,High School,Single,Ny,91750,No,Yes,Yes,Unknown,Blue-Collar,20287,5
717172308,29,F,1,Unknown,Unknown,Ca,91750,No,Yes,No,Cellular,Selfemployeed,14975,3
717173358,21,M,2,Unknown,Married,Tx,91750,Yes,Yes,No,Unknown,White-Collar,167714,5
717174558,44,M,4,Unknown,Single,Tx,91750,Yes,No,No,Cellular,Businessman,107382,2
717176508,49,F,5,Graduate,Single,Ca,91750,Yes,Yes,Yes,Cellular,White-Collar,52498,3
717177783,53,F,2,High School,Married,Nj,91750,No,No,No,Cellular,Businessman,216587,5
717179508,54,M,2,Uneducated,Single,Ny,91750,No,No,No,Cellular,Blue-Collar,47540,3
717180633,46,F,0,Graduate,Single,Tx,91750,No,No,No,Cellular,Selfemployeed,14975,2
717181833,52,F,2,Graduate,Married,Mi,91750,No,Yes,Yes,Cellular,Businessman,41791,2
717182883,65,M,1,Uneducated,Married,Ny,91750,No,No,No,Cellular,Businessman,52403,5
717185658,48,M,3,Doctorate,Married,Fl,91750,Yes,No,No,Cellular,Businessman,114989,2
717189183,42,F,4,Uneducated,Single,Ny,91750,Yes,No,No,Cellular,Blue-Collar,31323,3
717190533,50,F,3,Uneducated,Married,Ca,91750,Yes,Yes,Yes,Telephone,Selfemployeed,11204,2
717192933,48,F,3,Graduate,Single,Fl,91750,No,No,No,Cellular,Selfemployeed,14975,3
717195933,43,F,4,Graduate,Married,Nv,91750,Yes,No,No,Unknown,White-Collar,27379,3
717198633,42,F,5,Graduate,Married,Ca,91750,No,Yes,No,Cellular,Businessman,29647,3
717200508,47,M,5,Unknown,Single,Ca,91750,No,Yes,No,Cellular,Govt,76066,3
717202083,46,M,3,Uneducated,Married,Ca,91750,No,Yes,No,Unknown,Selfemployeed,30882,5
717202908,40,M,2,High School,Single,Ca,91750,No,No,No,Cellular,Selfemployeed,55910,5
717203958,40,F,1,Uneducated,Married,Tx,91750,No,No,No,Cellular,Selfemployeed,16814,2
717206508,60,F,0,Doctorate,Married,Ny,91750,No,Yes,Yes,Unknown,Selfemployeed,14975,2
717207408,53,F,2,High School,Single,Tx,91750,Yes,Yes,No,Cellular,Businessman,34117,2
717208833,54,F,2,Graduate,Unknown,Ca,91750,Yes,No,No,Cellular,Govt,31677,3
717211608,48,M,3,Graduate,Married,Ca,91750,No,No,No,Cellular,Govt,77865,5
717212958,45,F,3,High School,Married,Tx,91750,No,Yes,No,Cellular,Selfemployeed,35130,2
717214158,26,F,0,Unknown,Married,Ny,91750,Yes,No,No,Cellular,Businessman,214227,5
717217983,62,M,1,Graduate,Married,Fl,91750,Yes,No,No,Cellular,Selfemployeed,98919,2
717219933,53,F,1,Graduate,Married,Ny,91750,Yes,No,No,Cellular,Blue-Collar,18647,3
717222033,37,F,1,Graduate,Single,Ca,91750,Yes,No,No,Telephone,White-Collar,56033,2
717225258,44,F,3,Graduate,Single,Tx,91750,Yes,Yes,No,Cellular,Retirees,26399,2
717229158,48,F,2,Uneducated,Married,Tx,91750,Yes,Yes,No,Cellular,Retirees,17884,5
717231558,45,M,4,Graduate,Married,Ny,91750,No,No,No,Cellular,Businessman,81141,2
717233058,46,F,2,Uneducated,Married,Sc,91750,Yes,Yes,No,Unknown,Selfemployeed,14975,3
717234183,35,F,1,Graduate,Unknown,Tx,91750,No,Yes,No,Cellular,Selfemployeed,14975,2
717237708,31,M,1,Uneducated,Married,Fl,91750,Yes,Yes,No,Cellular,Blue-Collar,46707,2
717239133,52,F,2,Graduate,Single,Tx,91750,No,Yes,No,Cellular,Businessman,45615,3
717241233,54,M,1,Uneducated,Married,Tx,91750,Yes,Yes,No,Cellular,Businessman,152103,2
717242058,42,F,4,Unknown,Married,Ny,91750,Yes,No,No,Cellular,White-Collar,22149,5
717244683,55,M,1,High School,Married,Nj,91750,No,No,No,Cellular,White-Collar,103510,2
717247383,40,M,4,Graduate,Married,Ny,91750,No,No,No,Cellular,White-Collar,78371,5
717248583,41,M,4,Graduate,Married,Tx,91750,No,Yes,No,Cellular,Selfemployeed,108365,3
717249783,50,F,1,Uneducated,Married,Ny,91750,No,No,Yes,Cellular,Businessman,18723,5
717251508,50,M,1,Unknown,Married,Ca,90250,No,No,No,Cellular,Businessman,152160,3
717252483,44,F,4,Uneducated,Single,Ca,91750,No,No,No,Cellular,Govt,23329,3
717255333,44,F,4,Graduate,Married,Ca,91750,Yes,Yes,Yes,Cellular,Blue-Collar,31904,2
717257658,50,M,2,Graduate,Married,Ak,99504,Yes,Yes,No,Cellular,Businessman,109458,3
717260058,38,F,3,High School,Single,Tx,91750,No,Yes,No,Cellular,Selfemployeed,14975,5
717261708,36,F,4,Graduate,Married,Ca,91750,No,Yes,No,Unknown,Selfemployeed,14975,3
717262833,42,M,3,Uneducated,Married,Tx,91750,No,Yes,No,Cellular,Selfemployeed,58507,2
717265983,37,F,1,Graduate,Single,Ca,91750,Yes,Yes,No,Cellular,Blue-Collar,41477,3
717267108,46,F,4,Uneducated,Married,Fl,91750,No,No,No,Cellular,Selfemployeed,20948,5
717268458,38,F,3,Graduate,Married,Ca,91750,No,No,No,Cellular,Selfemployeed,19091,5
717271983,57,F,2,Graduate,Married,Ny,91750,No,Yes,No,Cellular,Govt,35790,3
717273333,58,M,4,High School,Married,Tx,91750,Yes,Yes,No,Cellular,Blue-Collar,69196,3
717276708,38,F,1,Graduate,Single,Tx,91750,Yes,No,No,Cellular,Selfemployeed,14866,3
717277833,43,F,3,Unknown,Single,Tx,91750,Yes,No,Yes,Cellular,White-Collar,25026,3
717278808,49,M,4,Graduate,Unknown,Ny,91750,No,No,No,Unknown,Retirees,38164,2
717280158,38,F,2,Graduate,Single,Ca,91750,No,Yes,No,Cellular,Businessman,36439,3
717281658,52,M,1,Unknown,Married,Tx,91750,No,Yes,No,Cellular,White-Collar,46022,5
717283008,36,F,2,Graduate,Single,Ca,90302,No,No,No,Unknown,Businessman,207170,3
717284133,26,M,0,Graduate,Single,Ny,91750,No,No,No,Cellular,Govt,66732,2
717287883,47,F,3,High School,Single,Ca,91750,Yes,Yes,No,Cellular,Selfemployeed,14975,2
717291333,40,F,3,Uneducated,Married,Tx,91750,Yes,Yes,No,Unknown,Businessman,200705,2
717292758,33,F,3,Post-Graduate,Unknown,Ny,91750,Yes,Yes,No,Cellular,Selfemployeed,8250,2
717295683,55,F,2,Unknown,Married,Ny,91750,No,No,No,Unknown,Selfemployeed,14975,3
717296808,38,F,3,High School,Single,Tx,91750,No,Yes,No,Unknown,Selfemployeed,14975,2
717297708,56,M,2,Uneducated,Married,Ny,91750,No,No,No,Cellular,Govt,62614,5
717299958,55,F,1,Unknown,Married,Ca,91750,No,Yes,No,Cellular,Retirees,52804,5
717301908,41,F,4,Uneducated,Single,Nj,91750,No,No,No,Cellular,Retirees,19502,5
717307158,41,M,4,High School,Unknown,Ca,91750,No,No,No,Cellular,Govt,98096,2
717308433,44,F,3,Graduate,Single,Ut,91750,No,No,No,Cellular,Selfemployeed,24262,5
717310458,64,F,1,Graduate,Single,Ny,91750,No,Yes,Yes,Unknown,White-Collar,33837,3
717316008,48,F,2,High School,Married,Ny,91750,Yes,No,No,Cellular,Businessman,192767,5
717321783,48,F,2,Graduate,Married,Ca,91750,No,No,No,Unknown,Selfemployeed,14975,2
717322833,44,F,2,Uneducated,Married,Ca,91750,No,No,No,Cellular,Selfemployeed,14975,3
717324183,46,M,2,Graduate,Unknown,Tx,91750,No,No,No,Cellular,Businessman,183952,5
717325158,50,M,3,Graduate,Single,Tx,91750,No,Yes,No,Cellular,Selfemployeed,64319,2
717327783,54,F,1,High School,Married,Ny,91750,No,No,No,Unknown,Selfemployeed,32211,5
717331758,45,M,3,Post-Graduate,Married,Tx,91750,No,Yes,No,Cellular,White-Collar,54387,5
717332733,38,F,1,Post-Graduate,Single,Ny,91750,No,No,Yes,Cellular,Govt,33007,5
717334233,29,M,1,Graduate,Single,Fl,91750,Yes,No,No,Cellular,Businessman,79065,5
717336408,46,F,2,High School,Married,Ca,91750,Yes,No,No,Cellular,Retirees,27817,2
717338733,38,F,3,Graduate,Single,Tx,91750,Yes,Yes,No,Telephone,Govt,32579,1
717340608,51,M,3,Doctorate,Married,Nj,91750,Yes,No,No,Telephone,Govt,106848,3
717343833,44,M,2,High School,Unknown,Tx,91750,Yes,Yes,No,Cellular,Retirees,66487,3
717346833,56,F,4,High School,Married,Nj,91750,No,No,No,Cellular,Selfemployeed,41757,1
717348258,50,F,4,High School,Married,Ca,91750,No,Yes,No,Unknown,Selfemployeed,28621,3
717353433,38,M,1,High School,Single,Tx,91750,Yes,Yes,No,Cellular,White-Collar,122987,1
717354558,54,F,1,Graduate,Single,Ca,91750,Yes,No,No,Cellular,Selfemployeed,1250,1
717355533,41,M,4,High School,Married,Ca,90025,No,No,No,Telephone,Businessman,140176,2
717358158,48,F,4,Graduate,Unknown,Tx,91750,No,No,No,Unknown,Businessman,35572,3
717359208,58,F,0,Graduate,Single,Ny,91750,No,No,No,Cellular,Businessman,48269,2
717364458,40,F,4,High School,Married,Ca,91750,Yes,No,No,Cellular,Retirees,20769,3
717365958,54,M,1,Uneducated,Single,Tx,91750,Yes,No,No,Cellular,Selfemployeed,77305,1
717368208,54,F,1,High School,Single,Tx,91750,Yes,No,No,Cellular,Businessman,22312,3
717370533,40,M,3,Graduate,Single,Sc,91750,No,No,No,Cellular,Retirees,101039,2
717371583,43,F,2,High School,Married,Fl,91750,No,Yes,No,Telephone,Blue-Collar,19118,1
717374358,48,F,3,High School,Unknown,Tx,91750,Yes,Yes,No,Telephone,Govt,22715,3
717376758,45,M,3,Graduate,Married,Ca,91750,No,No,No,Cellular,Businessman,50497,3
717380133,53,F,1,High School,Married,Tx,91750,No,Yes,No,Cellular,Businessman,53945,3
717381183,54,M,2,Graduate,Single,Fl,91750,No,No,No,Cellular,Businessman,66197,3
717382608,51,M,2,Graduate,Married,Tx,91750,No,Yes,No,Cellular,Businessman,116832,1
717384183,49,M,4,Uneducated,Single,Tx,91750,Yes,Yes,No,Telephone,Blue-Collar,82060,2
717385083,59,M,0,High School,Married,Ca,91750,Yes,No,Yes,Cellular,Businessman,79478,3
717385983,61,F,0,Unknown,Unknown,Ny,91750,Yes,No,No,Telephone,Selfemployeed,14975,1
717387933,42,F,3,High School,Married,Ca,91750,No,No,No,Cellular,White-Collar,43319,3
717389433,35,F,2,Graduate,Married,Ny,91750,Yes,Yes,No,Cellular,Businessman,39684,1
717390408,51,M,4,High School,Married,Ca,91750,No,Yes,No,Cellular,Govt,105317,3
717392358,38,F,3,Uneducated,Married,Fl,91750,Yes,No,No,Cellular,Selfemployeed,15720,3
717395733,39,M,2,Uneducated,Married,Fl,91750,Yes,Yes,Yes,Cellular,White-Collar,66172,3
717397983,52,M,3,Unknown,Single,Tx,91750,No,Yes,No,Cellular,Govt,105060,1
717399183,39,F,4,Graduate,Single,Ca,91750,No,Yes,No,Cellular,Selfemployeed,32371,3
717400533,37,M,3,High School,Single,Ca,91750,No,No,No,Cellular,Blue-Collar,80663,3
717401883,42,F,3,Graduate,Single,Tx,91750,Yes,No,No,Cellular,Selfemployeed,14975,2
717403158,52,M,1,High School,Married,Ia,91750,No,No,No,Unknown,Businessman,155969,2
717405408,45,F,3,High School,Married,Ny,91750,Yes,No,Yes,Cellular,White-Collar,51632,3
717406983,43,M,3,Graduate,Married,Fl,91750,No,Yes,Yes,Cellular,Businessman,114001,1
717409533,61,F,0,Post-Graduate,Married,Nj,91750,Yes,No,No,Cellular,Govt,32782,3
717410508,37,F,2,Uneducated,Single,Ca,91750,Yes,Yes,No,Cellular,Govt,36254,3
717411483,38,F,2,Unknown,Married,Tx,91750,No,No,No,Cellular,Retirees,41146,1
717412608,53,F,2,Graduate,Single,Tx,91750,Yes,Yes,No,Unknown,Selfemployeed,2565,3
717413658,31,F,0,Graduate,Married,Ca,91750,Yes,Yes,No,Unknown,Retirees,19681,2
717414933,49,F,3,Graduate,Unknown,Ca,91750,Yes,No,No,Cellular,Businessman,42671,1
717418158,44,F,1,Unknown,Married,Fl,91750,No,No,No,Cellular,Selfemployeed,10405,1
717420333,38,F,1,Doctorate,Single,Ny,91750,No,Yes,No,Unknown,Businessman,31644,3
717424458,52,F,3,High School,Married,Fl,91750,No,No,No,Cellular,Selfemployeed,8250,3
717427983,44,F,4,Unknown,Married,Tx,91750,No,Yes,No,Cellular,Govt,31451,3
717429258,65,F,0,Graduate,Single,Ca,91750,Yes,Yes,No,Cellular,Selfemployeed,27787,1
717432933,49,M,4,Uneducated,Married,Tx,91750,No,No,No,Cellular,Govt,69729,1
717437058,49,F,2,Graduate,Single,Fl,91750,No,No,No,Cellular,White-Collar,22828,1
717439983,41,M,2,Uneducated,Married,Tx,91750,No,No,No,Unknown,Govt,112966,3
717442758,41,M,4,Post-Graduate,Married,Tx,91750,Yes,No,Yes,Cellular,White-Collar,51529,3
717443658,42,M,2,Graduate,Married,Ny,91750,Yes,No,No,Cellular,Govt,75183,2
717444558,43,M,0,High School,Single,Tx,91750,Yes,No,Yes,Cellular,Retirees,96698,2
717446208,44,M,1,Graduate,Married,Fl,91750,No,No,No,Cellular,Retirees,92426,2
717448383,64,M,0,Graduate,Single,Ny,91750,Yes,Yes,No,Cellular,White-Collar,25780,2
717450633,33,F,3,Graduate,Single,Fl,91750,No,Yes,No,Cellular,Govt,18488,1
717451833,46,M,4,Unknown,Married,Sc,91750,Yes,No,Yes,Cellular,Blue-Collar,68165,2
717457008,44,M,5,Unknown,Single,Fl,91750,Yes,Yes,No,Cellular,Businessman,109682,3
717461283,55,F,2,Graduate,Single,Ca,91750,Yes,Yes,Yes,Cellular,Blue-Collar,21065,3
717463608,45,M,3,Unknown,Single,Ca,91750,No,No,Yes,Cellular,Businessman,50707,3
717464958,36,F,1,Graduate,Single,Ny,91750,Yes,No,No,Cellular,Businessman,171082,2
717466158,42,M,4,Graduate,Single,Ny,91750,No,No,No,Cellular,Selfemployeed,83685,1
717469158,57,F,3,High School,Single,Ny,91750,Yes,Yes,Yes,Cellular,Selfemployeed,14975,3
717471933,50,M,1,Doctorate,Single,Ca,91750,Yes,No,No,Cellular,Govt,112056,2
717472833,46,M,3,High School,Single,Ca,91750,No,No,Yes,Cellular,Govt,55306,3
717477783,35,F,1,Graduate,Single,Ny,91750,No,Yes,No,Cellular,Selfemployeed,14975,3
717478983,43,F,4,Graduate,Single,Fl,91750,No,Yes,Yes,Unknown,Retirees,31602,2
717480783,40,M,3,Graduate,Single,Ca,90250,Yes,Yes,No,Cellular,Businessman,203834,1
717482658,62,M,1,Graduate,Single,Ca,90250,Yes,No,No,Cellular,Businessman,171190,3
717483558,29,F,1,High School,Single,Ny,91750,No,Yes,No,Telephone,Retirees,38657,3
717487983,45,F,5,Unknown,Single,Tx,91750,Yes,No,No,Cellular,Govt,20963,1
717489033,51,F,4,Uneducated,Unknown,Ny,91750,Yes,No,No,Cellular,Blue-Collar,31083,1
717490008,49,F,2,Unknown,Married,Ca,91750,No,No,No,Cellular,Retirees,56362,1
717491058,63,M,0,Doctorate,Single,Nj,91750,No,Yes,No,Cellular,White-Collar,47560,2
717494358,46,F,4,Doctorate,Married,Ny,91750,No,No,No,Cellular,Businessman,198832,1
717495258,49,F,3,Uneducated,Married,Tx,91750,No,Yes,Yes,Cellular,Selfemployeed,17885,1
717499083,51,F,3,Uneducated,Married,Tx,91750,No,Yes,No,Cellular,Selfemployeed,34199,3
717500133,51,F,3,High School,Single,Fl,91750,No,No,No,Unknown,Govt,54860,1
717502083,49,F,2,Post-Graduate,Single,Ca,91750,No,No,No,Unknown,Govt,31787,3
717504258,28,M,0,Uneducated,Single,Fl,91750,Yes,No,No,Unknown,Selfemployeed,14975,2
717511533,57,F,3,Graduate,Unknown,Fl,91750,No,Yes,No,Telephone,Blue-Collar,33756,2
717513933,43,M,3,Uneducated,Married,Tx,91750,No,Yes,No,Cellular,White-Collar,103302,3
717516333,46,M,5,Uneducated,Single,Ny,91750,Yes,Yes,No,Cellular,Selfemployeed,50993,1
717517758,53,F,2,Graduate,Single,Ca,91750,No,No,No,Unknown,Govt,25292,2
717518733,40,M,3,High School,Unknown,Ca,91750,Yes,Yes,No,Cellular,Govt,101790,2
717521508,55,M,2,Unknown,Single,Ca,91750,No,Yes,No,Cellular,Govt,101386,1
717524433,42,M,4,High School,Married,Ny,91750,No,Yes,No,Telephone,Businessman,74712,1
717529233,55,M,2,High School,Married,Nj,91750,Yes,No,No,Cellular,Selfemployeed,80685,1
717531483,52,M,2,Graduate,Married,Tx,91750,Yes,Yes,No,Telephone,Businessman,62864,2
717534108,48,M,1,Unknown,Married,Ca,91750,No,Yes,No,Cellular,Blue-Collar,61612,3
717535083,59,M,0,Graduate,Single,Nj,91750,No,Yes,No,Unknown,Businessman,101944,1
717538683,42,F,3,Graduate,Single,Ca,91750,No,Yes,No,Cellular,Govt,35494,1
717539808,60,F,1,Graduate,Married,Ny,91750,No,Yes,Yes,Cellular,Selfemployeed,11144,1
717541308,46,M,3,Graduate,Married,Tx,91750,Yes,Yes,No,Cellular,White-Collar,80642,1
717545808,42,M,2,Graduate,Single,Fl,91750,Yes,Yes,Yes,Cellular,Blue-Collar,68261,2
717547383,44,F,3,Unknown,Single,Ca,91750,Yes,No,No,Cellular,Blue-Collar,54553,3
717548358,51,F,2,Graduate,Single,Ny,91750,No,Yes,No,Unknown,Selfemployeed,14975,3
717549408,50,F,2,High School,Married,Ca,91750,No,Yes,No,Cellular,Govt,34280,1
717551358,46,F,3,Graduate,Unknown,Ca,91750,Yes,Yes,No,Unknown,Selfemployeed,24757,3
717553683,49,M,2,Graduate,Married,Fl,91750,No,No,No,Telephone,Govt,70637,3
717556758,44,F,4,Unknown,Married,Ca,90706,No,Yes,Yes,Cellular,Businessman,190069,3
717559533,55,M,2,High School,Single,Tx,91750,No,Yes,No,Unknown,Govt,112162,3
717561108,42,F,4,Graduate,Married,Fl,91750,No,No,No,Cellular,Selfemployeed,14975,3
717565233,38,M,1,Uneducated,Unknown,Tx,91750,No,Yes,No,Unknown,White-Collar,128500,1
717567333,45,F,2,Post-Graduate,Single,Ca,91750,Yes,No,No,Cellular,Selfemployeed,14975,3
717568308,35,M,0,High School,Married,Ca,91750,No,No,No,Cellular,Selfemployeed,58966,1
717569283,46,M,4,High School,Unknown,Fl,91750,Yes,Yes,No,Cellular,Blue-Collar,55255,3
717570258,43,M,4,Graduate,Single,Ca,91750,No,Yes,No,Cellular,Selfemployeed,63267,2
717571683,47,M,2,Unknown,Single,Ny,91750,No,No,No,Cellular,White-Collar,67655,2
717574683,54,M,2,Graduate,Married,Fl,91750,Yes,No,Yes,Cellular,Businessman,76846,3
717575958,39,F,2,Graduate,Single,Ca,91750,Yes,No,No,Telephone,White-Collar,26065,3
717578358,35,F,3,Graduate,Single,Tx,91750,No,Yes,No,Unknown,Govt,58091,2
717579258,49,M,1,Graduate,Married,Ny,91750,Yes,No,No,Cellular,White-Collar,78094,2
717580458,40,M,3,Uneducated,Married,Nj,91750,No,No,No,Cellular,Selfemployeed,108259,3
717581658,46,F,4,Uneducated,Single,Ny,91750,No,Yes,No,Unknown,Selfemployeed,14975,3
717582558,47,F,3,Uneducated,Single,Ny,91750,Yes,Yes,No,Cellular,Retirees,44134,3
717583908,33,M,2,High School,Married,Tx,91750,Yes,Yes,No,Unknown,White-Collar,105389,3
717585858,28,F,0,Unknown,Single,Ca,91750,No,Yes,No,Cellular,White-Collar,32534,3
717591483,26,F,1,Graduate,Single,Fl,91750,Yes,Yes,No,Cellular,Retirees,18561,3
717592758,47,F,4,High School,Married,Ca,91750,No,No,No,Unknown,Businessman,27097,3
717595908,48,F,4,Doctorate,Unknown,Ny,91750,No,No,No,Cellular,Selfemployeed,14975,3
717596883,44,M,3,Uneducated,Married,Ca,91750,No,No,No,Cellular,Blue-Collar,97145,2
717599283,38,F,2,Uneducated,Single,Fl,91750,No,No,No,Unknown,Selfemployeed,16988,3
717600483,52,M,3,High School,Unknown,Ne,91750,Yes,Yes,No,Cellular,Blue-Collar,103047,3
717602733,46,M,3,High School,Single,Mo,91750,No,No,No,Cellular,White-Collar,52309,1
717603858,53,F,2,Unknown,Married,Tx,91750,No,Yes,Yes,Cellular,Govt,57811,3
717609633,47,M,4,Graduate,Married,Fl,91750,No,Yes,Yes,Cellular,Blue-Collar,51453,1
717613233,43,F,5,Graduate,Single,Ca,91750,No,Yes,No,Cellular,Govt,20884,3
717621333,46,M,1,Unknown,Married,Nj,91750,No,No,No,Cellular,White-Collar,69960,3
717622308,38,M,3,Graduate,Single,Fl,91750,Yes,No,No,Cellular,Blue-Collar,54507,1
717623583,53,F,1,Uneducated,Married,Tx,91750,No,Yes,No,Cellular,Businessman,31336,2
717624708,59,F,2,High School,Married,Ca,91750,No,Yes,No,Cellular,Retirees,30335,3
717626508,60,M,1,Graduate,Married,Fl,91750,No,No,No,Unknown,White-Collar,99827,1
717627333,43,F,2,Uneducated,Married,Ny,91750,Yes,No,No,Unknown,Blue-Collar,12497,1
717628608,41,F,3,Doctorate,Single,Ca,91750,Yes,Yes,No,Cellular,White-Collar,29882,3
717631008,40,F,3,High School,Married,Ca,91750,No,No,No,Unknown,Govt,17799,3
717631908,47,M,4,Graduate,Married,Tx,91750,No,No,No,Cellular,Blue-Collar,114652,2
717636933,45,M,4,Graduate,Single,Ca,91750,Yes,Yes,Yes,Cellular,White-Collar,38559,2
717637908,57,M,2,Uneducated,Unknown,Tx,91750,No,Yes,No,Cellular,Blue-Collar,87071,1
717640083,46,F,3,Uneducated,Single,Ca,91750,Yes,No,No,Cellular,Selfemployeed,1250,2
717642633,54,M,3,Graduate,Single,Ny,91750,No,No,No,Cellular,Businessman,239676,1
717643608,45,F,2,Graduate,Single,Fl,91750,No,No,No,Unknown,Selfemployeed,14975,2
717646008,58,M,4,High School,Married,Ca,91750,Yes,Yes,No,Cellular,Blue-Collar,58187,3
717646983,56,F,2,Graduate,Single,Pa,91750,Yes,Yes,No,Unknown,Govt,31815,3
717648783,49,F,2,High School,Married,Ny,91750,No,Yes,No,Unknown,Selfemployeed,14287,3
717650133,51,F,2,Graduate,Single,Ca,91750,No,No,Yes,Cellular,White-Collar,38961,3
717651333,55,M,2,High School,Married,Ny,91750,No,No,No,Cellular,Govt,68743,3
717655458,37,M,3,Graduate,Single,Fl,91750,Yes,No,No,Cellular,White-Collar,42776,3
717656433,49,M,4,High School,Married,Tx,91750,Yes,Yes,No,Cellular,Govt,102173,3
717657333,49,M,2,Unknown,Single,Fl,91750,No,Yes,No,Telephone,Retirees,78176,3
717658758,42,M,4,Graduate,Married,Nj,91750,Yes,No,No,Unknown,Selfemployeed,109408,3
717659883,55,F,5,Unknown,Single,Fl,91750,Yes,No,No,Cellular,Govt,38544,3
717661908,43,F,0,Graduate,Married,Fl,91750,No,Yes,No,Cellular,Govt,31428,3
717663033,35,M,4,Graduate,Married,Ny,91750,No,Yes,No,Cellular,Businessman,234318,3
717664008,53,F,1,Graduate,Married,Tx,91750,Yes,No,Yes,Telephone,Selfemployeed,1250,1
717666783,37,F,2,Graduate,Single,Fl,91750,No,Yes,No,Unknown,Blue-Collar,26146,1
717667833,40,F,3,Graduate,Married,Ca,91750,No,No,No,Cellular,Blue-Collar,17583,1
717669483,49,F,4,Unknown,Single,Ca,91750,No,No,No,Cellular,Selfemployeed,14975,1
717670758,62,F,0,Graduate,Married,Fl,91750,No,Yes,No,Telephone,Selfemployeed,29154,3
717678408,44,F,3,Graduate,Married,Ny,91750,Yes,Yes,No,Cellular,Govt,21075,3
717682233,40,M,3,Graduate,Single,Ny,91750,No,Yes,No,Unknown,Businessman,108872,1
717683583,48,F,4,Post-Graduate,Unknown,Tx,91750,No,No,No,Unknown,Blue-Collar,13021,3
717684858,38,M,2,Graduate,Married,Fl,91750,No,No,No,Unknown,White-Collar,89602,3
717688233,48,M,3,Graduate,Single,Ca,91750,No,Yes,No,Cellular,White-Collar,77200,2
717695058,33,M,2,Unknown,Married,Tx,91750,Yes,Yes,No,Cellular,Retirees,77246,1
717696333,42,M,4,Uneducated,Unknown,Ny,91750,No,No,No,Cellular,Govt,99286,3
717699408,43,M,5,Graduate,Single,Tx,91750,Yes,Yes,No,Cellular,Businessman,83311,3
717701733,50,F,3,High School,Married,Tx,91750,No,Yes,Yes,Unknown,Selfemployeed,14975,3
717704433,48,M,4,Uneducated,Single,Nj,91750,No,No,No,Cellular,Blue-Collar,57328,1
717705858,47,F,4,High School,Married,Ny,91750,No,No,No,Cellular,Retirees,29234,1
717707133,39,F,1,High School,Single,Fl,91750,No,No,No,Unknown,Retirees,23153,2
717708783,52,F,2,Graduate,Single,Fl,91750,No,No,No,Cellular,Blue-Collar,56991,3
717711108,40,F,3,Unknown,Married,Fl,91750,Yes,Yes,No,Cellular,Businessman,172287,3
717713283,45,F,3,Graduate,Single,Ca,91750,No,No,Yes,Cellular,Selfemployeed,14975,1
717714633,45,F,3,Graduate,Unknown,Ny,91750,No,Yes,No,Unknown,Businessman,208775,2
717720108,44,F,1,Uneducated,Unknown,Mi,91750,Yes,No,No,Unknown,White-Collar,35827,3
717721458,49,F,4,High School,Married,Ca,91750,Yes,Yes,No,Cellular,Selfemployeed,29693,3
717722958,45,M,1,Graduate,Single,Ny,91750,Yes,No,No,Cellular,Blue-Collar,56194,2
717724233,52,F,3,High School,Single,Ca,90250,No,No,No,Cellular,Businessman,236409,1
717725433,48,F,3,Post-Graduate,Married,Tx,91750,No,Yes,Yes,Unknown,Blue-Collar,24374,2
717727308,56,M,1,Graduate,Single,Fl,91750,Yes,Yes,No,Cellular,White-Collar,76311,3
717728808,38,F,3,Graduate,Married,Ca,91750,Yes,Yes,Yes,Unknown,Selfemployeed,13532,3
717730533,54,F,2,High School,Married,Ny,91750,No,Yes,No,Cellular,Blue-Collar,31256,3
717733158,41,M,2,Unknown,Single,Tx,91750,No,No,No,Unknown,Selfemployeed,53347,3
717740658,42,M,4,Graduate,Single,Ny,91750,No,No,No,Cellular,Selfemployeed,51304,1
717742908,54,M,3,High School,Married,Fl,91750,Yes,Yes,No,Unknown,Selfemployeed,66692,3
717748608,48,F,3,Uneducated,Married,Ca,91750,No,No,No,Unknown,Retirees,24247,2
717750858,36,F,4,Graduate,Married,Tx,91750,No,No,No,Cellular,Blue-Collar,41820,2
717755058,50,M,0,High School,Single,Ny,91750,No,No,No,Cellular,Blue-Collar,50149,3
717756258,53,M,4,Uneducated,Single,Nj,91750,No,Yes,No,Unknown,Selfemployeed,107595,3
717757608,48,M,5,Graduate,Married,Ca,91750,Yes,No,No,Cellular,Govt,117452,1
717758583,46,F,4,Graduate,Married,Tx,91750,No,No,No,Cellular,Selfemployeed,14841,3
717759783,50,M,4,Unknown,Married,Fl,91750,No,No,No,Cellular,Selfemployeed,97681,3
717765183,47,M,4,Uneducated,Married,Ny,91750,No,No,No,Cellular,White-Collar,87244,3
717769008,46,F,2,Graduate,Single,Ny,91750,Yes,Yes,No,Unknown,Blue-Collar,28522,1
717773433,45,M,3,Post-Graduate,Married,Ca,91750,No,No,No,Cellular,Blue-Collar,99505,2
717774333,46,M,4,Graduate,Married,Ca,91750,No,No,No,Cellular,Blue-Collar,95425,2
717775608,50,M,0,Post-Graduate,Married,Tx,91750,Yes,Yes,No,Cellular,Businessman,81104,3
717776808,39,F,3,Graduate,Married,Tx,91750,No,Yes,No,Telephone,Selfemployeed,20061,3
717781608,30,F,2,Unknown,Single,Fl,91750,No,No,No,Cellular,White-Collar,151124,2
717783483,46,F,2,Uneducated,Single,Ny,91750,No,Yes,Yes,Unknown,Businessman,237308,1
717784983,46,F,2,Graduate,Married,Ca,91750,Yes,No,No,Cellular,Selfemployeed,14975,1
717787533,31,M,0,Graduate,Married,Tx,91750,Yes,No,No,Unknown,Selfemployeed,10390,1
717788958,58,M,3,High School,Single,Fl,91750,No,Yes,No,Cellular,Businessman,234462,3
717790233,38,M,2,High School,Single,Ny,91750,No,Yes,No,Cellular,Govt,75906,1
717793983,49,F,3,Post-Graduate,Single,Ny,91750,Yes,Yes,No,Cellular,Govt,28658,1
717797658,37,M,1,Graduate,Married,Ny,91750,No,No,Yes,Cellular,Selfemployeed,88074,3
717800358,39,M,2,High School,Unknown,Ca,91750,Yes,No,No,Cellular,Retirees,78409,3
717804783,46,F,1,Uneducated,Single,Ca,91750,No,No,No,Cellular,Blue-Collar,52187,1
717806133,56,F,0,Graduate,Single,Fl,91750,No,Yes,No,Cellular,Selfemployeed,12911,3
717812133,45,M,5,Graduate,Married,Nj,91750,Yes,No,No,Cellular,Businessman,47351,3
717813558,41,F,2,Uneducated,Married,Fl,91750,No,No,Yes,Unknown,Blue-Collar,12084,2
717819633,55,M,3,Uneducated,Single,Ny,91750,No,No,Yes,Cellular,Govt,50961,3
717822108,48,M,3,Unknown,Single,Ca,91750,No,No,No,Cellular,Govt,70960,3
717823383,31,M,0,Graduate,Single,Ca,91750,Yes,Yes,No,Cellular,Selfemployeed,55830,2
717825033,59,M,0,Graduate,Single,Ny,91750,Yes,Yes,No,Cellular,Blue-Collar,65983,3
717826308,44,F,3,High School,Single,Fl,91750,Yes,No,No,Unknown,Selfemployeed,49081,3
717828108,51,F,2,Graduate,Married,Tx,91750,No,Yes,No,Unknown,Blue-Collar,11977,2
717830583,44,M,3,Graduate,Married,Fl,91750,No,No,No,Cellular,Govt,50328,2
717831783,45,F,3,Post-Graduate,Married,Ca,91750,No,No,No,Unknown,Selfemployeed,12646,2
717835908,45,F,5,Graduate,Married,Nj,91750,No,No,No,Unknown,Blue-Collar,31944,3
717836733,47,F,4,Post-Graduate,Single,Ca,91750,No,Yes,No,Cellular,Businessman,56110,2
717837858,50,F,4,High School,Married,Ca,91750,No,Yes,No,Cellular,Blue-Collar,33404,3
717840108,50,F,2,Uneducated,Single,Tx,91750,No,No,No,Cellular,Blue-Collar,15489,1
717841683,56,M,2,High School,Single,Ca,91750,No,No,Yes,Cellular,White-Collar,45182,2
717843783,56,F,4,Post-Graduate,Unknown,Ca,91750,No,Yes,No,Unknown,Blue-Collar,25883,1
717846108,51,F,4,Graduate,Single,Ca,91750,No,No,No,Cellular,Retirees,41189,1
717849708,46,F,5,Graduate,Married,Ca,91750,No,Yes,No,Cellular,Businessman,59275,3
717853233,44,M,3,Graduate,Married,Sc,91750,Yes,Yes,No,Cellular,Blue-Collar,77680,3
717855933,39,F,1,High School,Single,Nj,91750,Yes,No,No,Cellular,Retirees,58740,3
717856983,50,M,3,Graduate,Single,Fl,91750,No,No,No,Telephone,White-Collar,66335,1
717859233,53,M,1,Graduate,Married,Ca,91750,Yes,Yes,Yes,Cellular,Govt,113763,3
717860358,51,F,0,Graduate,Married,Ny,91750,No,No,No,Cellular,Selfemployeed,7865,1
717862308,45,F,3,Graduate,Married,Tx,91750,No,Yes,Yes,Cellular,White-Collar,43293,3
717865008,62,M,2,Graduate,Single,Ca,91750,Yes,Yes,No,Telephone,Blue-Collar,61902,1
717866133,53,F,2,Graduate,Married,Ny,91750,No,No,No,Cellular,Selfemployeed,22898,2
717870108,48,M,4,Unknown,Married,Ny,91750,Yes,Yes,No,Cellular,Selfemployeed,80795,1
717874533,32,F,2,Post-Graduate,Single,Ca,91750,Yes,No,No,Cellular,Businessman,19390,1
717877533,45,M,3,Graduate,Single,Ny,91750,Yes,Yes,No,Cellular,Selfemployeed,41677,3
717878883,58,M,4,Graduate,Married,Nj,91750,No,No,No,Cellular,Blue-Collar,63804,1
717885183,40,F,3,Uneducated,Married,Ny,91750,No,Yes,Yes,Unknown,Selfemployeed,31787,3
717886008,55,M,4,High School,Single,Ca,91750,No,Yes,No,Cellular,White-Collar,66919,2
717888108,42,F,1,Doctorate,Married,Ca,91750,No,No,No,Cellular,Businessman,39586,1
717890583,41,M,3,Doctorate,Single,Ca,91750,No,No,No,Unknown,Govt,73595,2
717891558,47,F,4,Post-Graduate,Unknown,Tx,91750,Yes,Yes,Yes,Unknown,Selfemployeed,5525,3
717893358,44,M,4,Unknown,Married,Ak,99504,Yes,Yes,Yes,Cellular,Businessman,63150,1
717895833,49,M,2,High School,Single,Tx,91750,Yes,Yes,No,Cellular,Businessman,109884,2
717898758,42,M,3,High School,Single,Fl,91750,No,No,No,Cellular,Businessman,100614,3
717903108,54,M,1,High School,Single,Tx,91750,No,No,No,Cellular,Businessman,74255,3
717904383,47,F,2,Graduate,Married,Tx,91750,No,Yes,No,Cellular,Selfemployeed,14975,1
717906783,48,F,2,Graduate,Married,Ny,91750,Yes,Yes,No,Cellular,Selfemployeed,11636,3
717908208,39,M,3,Graduate,Unknown,Ca,91750,No,No,No,Cellular,White-Collar,81827,1
717912483,47,F,4,Graduate,Married,Ca,91750,No,Yes,No,Cellular,Selfemployeed,12753,3
717914808,49,F,1,Graduate,Single,Ca,91750,No,Yes,No,Cellular,Govt,48601,3
717915783,56,F,1,Unknown,Married,Tx,91750,No,No,Yes,Unknown,Govt,32814,2
717916758,40,F,4,Graduate,Single,Nj,91750,Yes,Yes,No,Cellular,Blue-Collar,12517,3
717920583,62,M,0,Uneducated,Single,Wa,91750,No,Yes,No,Telephone,Blue-Collar,73603,3
717924933,48,M,2,High School,Married,Fl,91750,No,No,No,Cellular,Businessman,87284,3
717926358,50,M,3,Uneducated,Single,Fl,91750,No,No,No,Cellular,Blue-Collar,113379,1
717928308,45,F,3,High School,Married,Ca,90036,Yes,No,No,Cellular,Businessman,223135,2
717929133,41,F,5,Graduate,Married,Ca,91750,Yes,Yes,Yes,Cellular,Blue-Collar,10513,1
717930483,44,F,3,Graduate,Single,Tx,91750,No,Yes,No,Cellular,Selfemployeed,14975,1
717940008,54,F,3,Graduate,Married,Ny,91750,Yes,Yes,No,Cellular,Blue-Collar,35614,1
717942033,41,F,3,Doctorate,Single,Tx,91750,Yes,Yes,No,Cellular,Businessman,171346,3
717945108,39,M,3,Graduate,Single,Nj,91750,No,Yes,No,Cellular,Businessman,92824,1
717947508,45,M,5,Graduate,Single,Ny,91750,No,Yes,No,Cellular,White-Collar,97077,3
717949008,50,F,5,Graduate,Married,Tx,91750,Yes,Yes,No,Cellular,Retirees,25906,1
717949983,35,F,1,Graduate,Married,Ca,91750,Yes,No,No,Telephone,White-Collar,38770,3
717953283,29,M,0,Post-Graduate,Single,Nj,91750,No,No,No,Cellular,Retirees,59616,2
717954333,44,M,2,Graduate,Single,Ny,91750,Yes,Yes,Yes,Cellular,Retirees,92818,3
717956283,58,F,4,High School,Single,Tx,91750,No,No,No,Cellular,Selfemployeed,11158,2
717958833,53,F,3,Uneducated,Single,Ca,91750,Yes,No,No,Cellular,Govt,17042,3
717960033,43,F,3,Unknown,Single,Tx,91750,No,Yes,No,Cellular,Blue-Collar,49859,1
717961458,52,F,1,Graduate,Single,Ca,91750,No,Yes,Yes,Cellular,Retirees,36975,1
717965808,57,M,0,Uneducated,Married,Tx,91750,No,Yes,No,Cellular,Retirees,100546,1
717966933,51,M,3,Graduate,Single,Ca,91750,No,No,No,Cellular,Selfemployeed,90442,3
717967833,35,M,3,Graduate,Married,Ca,91750,Yes,No,No,Unknown,Businessman,76924,3
717970158,41,F,5,High School,Single,Ca,91750,No,No,No,Cellular,Selfemployeed,45778,3
717971208,47,F,2,Graduate,Married,Tx,91750,Yes,Yes,No,Cellular,Retirees,39847,3
717972408,38,F,3,Graduate,Single,Tx,91750,Yes,Yes,No,Cellular,Selfemployeed,42278,2
717975333,45,F,2,Uneducated,Single,Tx,91750,No,Yes,No,Unknown,Selfemployeed,2565,3
717978033,41,F,4,Unknown,Married,Ny,91750,No,Yes,No,Cellular,White-Collar,32767,2
717979008,42,M,3,Graduate,Married,Tx,91750,No,Yes,No,Unknown,Govt,80116,2
717983058,54,F,3,Unknown,Married,Nj,91750,No,Yes,No,Cellular,White-Collar,34450,3
717985158,36,M,3,Uneducated,Married,Fl,91750,Yes,No,No,Cellular,Selfemployeed,55795,1
717986058,43,F,4,Unknown,Married,Tx,91750,Yes,Yes,Yes,Cellular,Govt,31737,3
717987258,40,M,4,Doctorate,Married,Ny,91750,No,Yes,No,Cellular,Retirees,65615,2
717990183,49,M,2,Unknown,Married,Ca,91750,Yes,No,No,Cellular,Govt,93046,3
717991533,50,M,1,Graduate,Single,Ca,90025,Yes,Yes,No,Unknown,Businessman,234359,2
717992433,54,F,2,Graduate,Married,Ny,91750,Yes,Yes,No,Unknown,Businessman,179749,2
717994608,35,F,0,Unknown,Married,Ny,91750,No,No,No,Unknown,Businessman,21735,1
717995958,46,M,3,Graduate,Married,Fl,91750,Yes,No,No,Cellular,Blue-Collar,60178,3
717998058,57,M,2,Graduate,Single,Ca,91750,No,No,No,Cellular,White-Collar,31136,1
717999183,46,F,4,High School,Married,Ca,91750,Yes,Yes,No,Unknown,Govt,24677,3
718000383,45,M,4,Graduate,Single,Fl,91750,Yes,Yes,No,Cellular,White-Collar,56087,3
718001508,59,F,0,Unknown,Single,Ny,91750,No,No,No,Cellular,Retirees,59555,3
718002633,41,M,4,Post-Graduate,Married,Ny,91750,No,No,No,Cellular,Selfemployeed,40086,1
718005108,41,F,3,Uneducated,Married,Ca,91750,No,No,No,Cellular,Selfemployeed,40495,3
718006608,47,M,2,Unknown,Single,Nj,91750,No,No,No,Cellular,White-Collar,117870,3
718009158,32,M,0,Graduate,Married,Nj,91750,No,No,No,Unknown,Retirees,41890,3
718010133,61,F,1,Graduate,Unknown,Tx,91750,No,Yes,No,Cellular,Businessman,40734,1
718011783,48,F,3,Graduate,Single,Ny,91750,No,No,No,Telephone,Selfemployeed,14975,1
718016808,26,M,0,Graduate,Single,Nj,91750,No,Yes,No,Cellular,Selfemployeed,14975,3
718020408,52,M,2,High School,Single,Ny,91750,Yes,No,No,Cellular,Selfemployeed,60117,3
718021608,41,M,2,Graduate,Single,Tx,91750,Yes,No,No,Telephone,Businessman,73102,2
718023708,45,M,3,Uneducated,Single,Tx,91750,No,Yes,Yes,Unknown,Businessman,177518,3
718024908,55,M,3,Graduate,Married,Ca,91750,No,Yes,No,Cellular,White-Collar,101440,3
718025808,46,F,1,Uneducated,Unknown,Va,91750,Yes,No,No,Cellular,Govt,40449,3
718026858,41,M,4,Unknown,Married,Ny,91750,No,No,Yes,Cellular,Businessman,76644,1
718030083,45,F,4,High School,Single,Ny,91750,No,No,Yes,Cellular,Blue-Collar,13842,1
718031508,42,M,4,High School,Single,Ny,91750,No,No,No,Cellular,Selfemployeed,95028,1
718032483,45,M,4,Graduate,Married,Fl,91750,No,Yes,No,Telephone,White-Collar,74229,3
718034058,50,F,3,Graduate,Married,Tx,91750,Yes,No,Yes,Cellular,Blue-Collar,55254,1
718037433,58,F,2,Uneducated,Married,Ny,91750,No,No,No,Cellular,Retirees,17818,3
718038483,45,F,5,High School,Married,Ny,91750,Yes,Yes,No,Cellular,Selfemployeed,37527,3
718039683,50,F,3,Graduate,Married,Ca,91750,No,No,No,Unknown,Selfemployeed,14975,3
718041033,53,M,4,Graduate,Married,Ny,91750,No,No,No,Cellular,Businessman,98581,3
718042383,45,F,4,Graduate,Married,Ca,90026,No,No,No,Cellular,Businessman,200481,3
718043583,34,F,1,Uneducated,Married,Fl,91750,Yes,Yes,No,Cellular,Businessman,201062,3
718045008,43,M,1,Graduate,Single,Ny,91750,No,No,No,Cellular,Selfemployeed,101203,3
718046433,38,M,2,Graduate,Married,Nj,91750,Yes,No,No,Cellular,White-Collar,102862,1
718048608,57,M,1,Doctorate,Married,Ny,91750,No,Yes,No,Cellular,Blue-Collar,93905,2
718050033,59,F,1,Graduate,Unknown,Ny,91750,Yes,No,No,Cellular,Businessman,20414,3
718054833,39,F,2,Post-Graduate,Unknown,Ny,91750,No,Yes,No,Cellular,Blue-Collar,33536,2
718056033,42,F,4,Graduate,Married,Ny,91750,Yes,Yes,No,Cellular,Businessman,36466,3
718060983,33,M,1,Uneducated,Married,Fl,91750,No,Yes,No,Telephone,White-Collar,150361,1
718063083,46,M,3,Graduate,Unknown,Nj,91750,Yes,No,No,Telephone,Businessman,76235,2
718064283,65,M,1,Graduate,Single,Ca,91750,Yes,Yes,No,Cellular,Selfemployeed,14975,2
718065333,48,F,4,Graduate,Single,Ca,91750,No,No,No,Cellular,White-Collar,40910,3
718067658,38,F,2,Uneducated,Single,Ca,91750,Yes,No,No,Cellular,Businessman,54201,5
718068933,43,F,1,Uneducated,Married,Tx,91750,No,No,Yes,Cellular,White-Collar,22626,3
718071933,56,M,3,Uneducated,Married,Nj,91750,No,No,No,Cellular,Businessman,223710,3
718072758,52,F,2,Unknown,Single,Tx,91750,Yes,No,Yes,Cellular,Retirees,48097,3
718076733,46,F,3,Graduate,Single,Nj,91750,Yes,No,Yes,Unknown,Govt,34758,5
718078008,35,M,3,Graduate,Single,Fl,91750,No,No,Yes,Cellular,White-Collar,104160,3
718080558,52,M,1,Graduate,Married,Ca,91750,No,No,No,Unknown,Govt,116957,5
718082208,52,F,3,Unknown,Single,Ny,91750,Yes,No,No,Unknown,Selfemployeed,14975,3
718083483,42,F,2,Graduate,Married,Ny,91750,No,Yes,Yes,Cellular,Blue-Collar,21362,3
718086783,48,M,5,Uneducated,Single,Ca,91750,No,No,No,Cellular,Govt,76210,2
718088133,44,F,4,Post-Graduate,Unknown,Ca,91750,No,Yes,No,Cellular,Blue-Collar,18095,3
718090233,46,F,2,High School,Single,Ny,91750,Yes,No,No,Unknown,Selfemployeed,32612,5
718093233,54,F,3,Doctorate,Unknown,Fl,91750,Yes,Yes,No,Cellular,Blue-Collar,12179,3
718096608,55,F,0,High School,Married,Ny,91750,No,No,Yes,Cellular,White-Collar,144293,3
718100808,51,M,3,Post-Graduate,Married,Ia,91750,No,No,No,Cellular,Businessman,103374,2
718102758,51,M,1,Unknown,Married,Ca,90025,Yes,No,No,Cellular,White-Collar,150687,3
718103733,51,M,3,Graduate,Married,Ny,91750,No,No,No,Cellular,Govt,55266,2
718108758,36,M,3,Graduate,Married,Ca,91750,No,No,No,Cellular,Blue-Collar,67751,3
718109808,39,M,3,Unknown,Single,Ca,91750,Yes,No,No,Cellular,Govt,70329,3
718110858,54,F,4,High School,Single,Ca,91750,Yes,No,No,Unknown,White-Collar,30978,3
718113633,36,M,1,Graduate,Married,Fl,91750,No,Yes,Yes,Cellular,White-Collar,100225,3
718115733,47,F,2,Graduate,Single,Ca,91750,No,No,No,Telephone,Selfemployeed,14975,2
718116933,45,M,4,Graduate,Married,Tx,91750,No,No,No,Cellular,Selfemployeed,74748,3
718121658,49,F,4,Uneducated,Married,Tx,91750,No,Yes,No,Cellular,Selfemployeed,1250,2
718123608,32,F,1,Unknown,Single,Fl,91750,Yes,No,No,Cellular,Businessman,234773,3
718127958,56,F,1,Uneducated,Unknown,Fl,91750,No,No,No,Cellular,Businessman,52564,5
718133733,39,M,1,Graduate,Unknown,Tx,91750,No,Yes,No,Cellular,Govt,50271,5
718136283,48,F,1,High School,Married,Nj,91750,No,Yes,No,Unknown,Selfemployeed,14975,3
718137183,57,M,3,Uneducated,Married,Ny,91750,No,Yes,Yes,Unknown,Retirees,98706,3
718140783,44,F,3,Unknown,Single,Nj,91750,No,No,No,Unknown,Businessman,239791,3
718141983,47,M,5,High School,Single,Fl,91750,No,No,No,Cellular,Govt,95388,2
718142958,47,M,4,Graduate,Single,Nj,91750,Yes,No,No,Cellular,Govt,100347,2
718146258,40,M,4,Post-Graduate,Single,Ca,91750,Yes,Yes,Yes,Cellular,Govt,41221,2
718147233,43,M,4,Graduate,Single,Nj,91750,Yes,No,Yes,Cellular,Govt,89348,3
718148358,47,F,3,Unknown,Unknown,Ca,91750,No,Yes,No,Cellular,Retirees,27642,3
718152333,47,F,2,High School,Single,Ny,91750,Yes,No,No,Unknown,White-Collar,39304,3
718153233,39,F,2,Graduate,Married,Tx,91750,No,No,Yes,Cellular,Blue-Collar,41731,3
718160358,59,F,0,Unknown,Single,Tx,91750,No,Yes,No,Unknown,Retirees,28455,3
718161708,57,F,2,Graduate,Married,Tx,91750,No,Yes,No,Cellular,Businessman,189273,3
718162908,61,F,0,Graduate,Married,Ca,91750,No,No,No,Cellular,Retirees,14901,3
718163808,54,M,2,Graduate,Single,Ia,91750,No,No,No,Cellular,Selfemployeed,79283,3
718164858,48,M,3,Post-Graduate,Single,Fl,91750,Yes,No,No,Cellular,Govt,72384,2
718165758,52,M,3,Unknown,Single,Ny,91750,No,Yes,No,Cellular,White-Collar,99517,2
718170033,37,F,0,Doctorate,Married,Fl,91750,No,Yes,No,Cellular,Businessman,225868,2
718171308,39,F,1,Graduate,Unknown,Ca,91750,No,No,Yes,Unknown,Retirees,28697,3
718174908,54,F,3,Uneducated,Single,Ca,91750,No,No,No,Telephone,Blue-Collar,14534,3
718178583,42,M,4,Unknown,Married,Fl,91750,No,No,No,Cellular,Selfemployeed,73220,3
718181433,27,F,0,High School,Single,Ca,91750,No,No,No,Unknown,Selfemployeed,31496,5
718183833,43,F,5,Graduate,Married,Ca,91750,No,Yes,No,Unknown,Selfemployeed,57721,2
718184883,33,M,3,High School,Married,Ia,91750,Yes,Yes,No,Cellular,Businessman,44208,3
718186233,33,M,1,High School,Single,Ca,91750,No,Yes,No,Telephone,Selfemployeed,46904,3
718187508,48,M,2,Uneducated,Married,Fl,91750,Yes,Yes,No,Cellular,Businessman,53685,3
718188858,46,M,3,Graduate,Single,Nj,91750,No,No,No,Cellular,Businessman,87840,3
718189908,49,M,3,High School,Married,Ca,91750,No,Yes,Yes,Unknown,Govt,108642,5
718191483,34,F,2,Doctorate,Single,Fl,91750,Yes,Yes,No,Unknown,Selfemployeed,38777,3
718192608,49,M,2,High School,Single,Ny,91750,Yes,No,No,Unknown,White-Collar,143951,2
718193958,41,F,4,Uneducated,Single,Fl,91750,No,Yes,No,Cellular,Selfemployeed,14975,5
718194858,46,M,3,Graduate,Unknown,Tx,91750,No,No,No,Cellular,Selfemployeed,86545,5
718197108,44,F,4,High School,Single,Ny,91750,Yes,No,No,Cellular,Blue-Collar,13908,5
718199133,62,F,1,High School,Married,Nj,91750,Yes,No,No,Cellular,Selfemployeed,14975,3
718200333,53,M,2,Graduate,Married,Tx,91750,Yes,No,No,Cellular,Blue-Collar,103897,2
718201383,43,F,4,High School,Single,Ia,91750,No,Yes,No,Cellular,Businessman,22325,2
718202658,46,M,3,High School,Unknown,Tx,91750,No,No,No,Cellular,Selfemployeed,97078,5
718205283,49,M,4,Unknown,Married,Ca,91750,Yes,Yes,Yes,Telephone,Businessman,90838,5
718206783,56,F,2,Graduate,Married,Ca,91750,No,No,No,Unknown,Blue-Collar,14053,5
718208358,65,F,2,High School,Married,Nj,91750,Yes,Yes,No,Cellular,Businessman,42227,3
718211208,64,F,1,Uneducated,Married,Ny,91750,No,No,No,Cellular,Businessman,50512,5
718212633,49,F,3,High School,Married,Tx,91750,No,Yes,No,Cellular,White-Collar,39595,2
718215033,50,F,3,High School,Single,Il,91750,No,No,Yes,Cellular,Blue-Collar,13291,2
718216008,50,F,2,Unknown,Single,Ny,91750,No,Yes,No,Cellular,Selfemployeed,35843,3
718220358,41,F,3,High School,Single,Tx,91750,Yes,No,No,Unknown,Selfemployeed,14975,3
718225683,46,F,2,High School,Married,Tx,91750,No,No,No,Cellular,Businessman,208619,2
718227033,50,F,2,Graduate,Married,Ca,91750,Yes,Yes,No,Cellular,White-Collar,29782,3
718229133,53,F,3,Graduate,Married,Ak,99504,No,Yes,No,Cellular,Blue-Collar,42108,5
718230933,41,F,4,High School,Single,Tx,91750,No,Yes,No,Cellular,Blue-Collar,10635,3
718242333,57,F,2,Graduate,Married,Ca,91750,No,Yes,No,Unknown,Govt,29914,3
718243533,44,F,1,Graduate,Single,Tx,91750,No,Yes,No,Cellular,White-Collar,44286,3
718244958,44,F,3,Graduate,Single,Ny,91750,Yes,No,No,Cellular,Retirees,19746,3
718246458,52,M,5,Uneducated,Married,Tx,91750,Yes,Yes,No,Cellular,Govt,112405,5
718250883,39,F,1,Unknown,Single,Fl,91750,No,Yes,No,Cellular,White-Collar,25485,3
718252533,46,M,4,Uneducated,Single,Tx,91750,No,Yes,No,Cellular,Govt,102509,3
718256658,45,M,3,Graduate,Single,Tx,91750,No,Yes,No,Telephone,Blue-Collar,68486,3
718259433,52,M,2,Graduate,Married,Fl,91750,Yes,No,No,Cellular,White-Collar,99478,3
718263108,42,F,5,Unknown,Married,Tx,91750,Yes,Yes,No,Unknown,Businessman,32806,5
718264233,43,F,3,High School,Married,Ny,91750,No,No,Yes,Cellular,Businessman,27771,3
718265658,48,F,5,High School,Single,Fl,91750,No,No,No,Telephone,Businessman,51182,3
718267233,40,F,3,Unknown,Single,Ca,91750,Yes,Yes,No,Cellular,Businessman,43110,3
718270833,46,F,4,High School,Unknown,Tx,91750,Yes,Yes,No,Cellular,White-Collar,50270,5
718271958,35,M,2,Graduate,Married,Ny,91750,Yes,No,No,Cellular,White-Collar,63916,2
718274283,48,F,3,Uneducated,Single,Ca,91750,No,Yes,No,Cellular,Retirees,28134,2
718276758,48,M,3,Unknown,Single,Tx,91750,Yes,Yes,No,Cellular,Govt,112281,2
718279008,34,M,4,Unknown,Single,Tx,91750,No,Yes,No,Cellular,White-Collar,24833,2
718279983,31,M,0,Graduate,Married,Ny,91750,No,No,No,Cellular,Businessman,77607,2
718281408,34,F,1,Doctorate,Married,Nj,91750,No,No,No,Cellular,Selfemployeed,14975,3
718282983,44,M,4,Unknown,Married,Ct,91750,No,No,No,Cellular,Blue-Collar,66772,2
718284408,49,M,5,Post-Graduate,Single,Nv,91750,Yes,Yes,No,Cellular,Govt,46447,3
718285308,44,F,2,High School,Married,Ny,91750,No,Yes,No,Cellular,Selfemployeed,39013,2
718286658,44,F,4,High School,Single,Fl,91750,No,No,No,Cellular,Selfemployeed,48988,3
718288833,41,M,3,Graduate,Married,Ca,90250,No,No,No,Cellular,Businessman,178761,5
718291233,56,F,2,High School,Married,Ca,91750,No,No,No,Cellular,Govt,57384,3
718292283,39,M,1,Uneducated,Single,Ca,91750,No,No,No,Unknown,Blue-Collar,112440,3
718296558,38,F,3,High School,Married,Tx,91750,No,Yes,No,Cellular,Retirees,26012,5
718297683,47,M,2,Doctorate,Married,Tx,91750,No,Yes,No,Cellular,White-Collar,105376,3
718298733,42,M,3,High School,Married,Ny,91750,No,No,No,Telephone,Businessman,152492,5
718299933,45,F,5,Uneducated,Single,Tx,91750,Yes,No,No,Cellular,Businessman,225609,5
718301508,30,F,0,Uneducated,Married,Tx,91750,No,Yes,No,Cellular,Blue-Collar,14510,3
718303683,53,F,2,Graduate,Unknown,Fl,91750,No,No,Yes,Unknown,Govt,30929,2
718304583,46,M,2,Graduate,Single,Fl,91750,No,No,No,Cellular,Govt,79075,3
718306308,45,M,3,Graduate,Unknown,Ca,91750,Yes,No,No,Cellular,Govt,111439,3
718307433,43,F,2,Unknown,Married,Ny,91750,No,No,No,Cellular,Govt,20360,5
718308558,50,M,4,High School,Married,Fl,91750,No,Yes,No,Cellular,Govt,106576,3
718310733,44,F,3,Unknown,Married,Ny,91750,No,Yes,No,Cellular,Retirees,18531,3
718311933,42,F,2,Unknown,Single,Tx,91750,Yes,Yes,No,Cellular,Govt,30305,2
718316058,56,F,2,Graduate,Single,Tx,91750,No,No,No,Unknown,Businessman,186328,5
718317258,57,F,1,Uneducated,Single,Ca,91750,Yes,Yes,No,Unknown,Businessman,39389,2
718318383,44,F,4,Graduate,Single,Ca,91750,No,No,No,Cellular,Selfemployeed,55204,3
718320933,49,M,4,High School,Unknown,Fl,91750,Yes,Yes,No,Cellular,Businessman,112521,5
718324983,29,M,0,Uneducated,Married,Fl,91750,Yes,No,No,Cellular,Blue-Collar,66790,3
718325883,37,F,2,Graduate,Single,Tx,91750,Yes,No,No,Cellular,Blue-Collar,10573,3
718328283,41,M,2,High School,Single,Ca,91750,No,No,No,Cellular,Businessman,119924,3
718329183,43,M,3,Doctorate,Single,Ny,91750,No,Yes,No,Cellular,Blue-Collar,45788,3
718333983,32,M,3,Graduate,Single,Ny,91750,Yes,No,No,Cellular,White-Collar,117688,3
718337733,52,F,2,High School,Single,Ny,91750,No,No,No,Cellular,Businessman,193246,1
718338708,55,F,3,High School,Married,Ca,91750,No,Yes,No,Telephone,Govt,36799,3
718342158,48,F,2,Doctorate,Married,Tx,91750,No,Yes,No,Unknown,Blue-Collar,17069,1
718343058,53,F,1,Unknown,Single,Fl,91750,No,Yes,No,Unknown,Businessman,153597,2
718344033,47,F,1,Graduate,Single,Tx,91750,Yes,Yes,No,Cellular,Selfemployeed,14975,1
718345233,39,F,2,Unknown,Married,Nj,91750,No,No,No,Unknown,Govt,18198,1
718346658,48,F,1,Uneducated,Married,Fl,91750,No,No,No,Cellular,White-Collar,17261,1
718349058,26,F,0,High School,Single,Nj,91750,No,No,No,Cellular,Selfemployeed,8250,4
718350033,45,F,3,Uneducated,Single,Fl,91750,No,Yes,No,Cellular,Selfemployeed,33468,3
718352358,50,F,1,High School,Married,Fl,91750,No,No,No,Cellular,Govt,31485,4
718353633,46,M,3,Unknown,Married,Tx,91750,No,No,No,Unknown,Retirees,100055,4
718354683,52,F,3,Graduate,Single,Fl,91750,Yes,No,No,Cellular,Selfemployeed,39826,4
718357458,52,F,2,Graduate,Single,Tx,91750,Yes,Yes,No,Cellular,Businessman,209238,4
718358808,65,M,1,Doctorate,Single,Fl,91750,Yes,No,No,Cellular,Govt,41630,4
718360083,57,F,3,Doctorate,Single,Ny,91750,No,No,No,Unknown,Govt,27565,5
718361583,50,F,4,Doctorate,Single,Mo,91750,Yes,No,No,Cellular,Selfemployeed,14975,3
718362783,53,F,2,Unknown,Married,Tx,91750,Yes,Yes,No,Cellular,Selfemployeed,2565,4
718364283,40,F,2,Uneducated,Married,Ny,91750,No,No,No,Cellular,Retirees,39286,4
718366983,49,F,3,Graduate,Unknown,Ca,91750,No,Yes,No,Cellular,Retirees,38077,4
718368333,47,F,3,Graduate,Unknown,Tx,91750,No,No,Yes,Cellular,Businessman,36352,3
718370733,51,M,2,Graduate,Single,Fl,91750,No,No,No,Cellular,Businessman,65740,3
718372458,57,M,2,Graduate,Single,Tx,91750,No,Yes,No,Telephone,Businessman,171902,5
718373658,41,F,4,High School,Single,Hi,91750,Yes,No,No,Unknown,Govt,42670,3
718376583,45,M,2,Graduate,Married,Ny,91750,No,Yes,No,Cellular,White-Collar,100558,4
718379358,46,M,4,High School,Married,Tx,91750,No,Yes,No,Cellular,White-Collar,114601,5
718383183,47,M,5,Graduate,Single,Ca,90026,No,Yes,No,Cellular,Businessman,166946,3
718384233,50,F,1,Post-Graduate,Married,Ca,91750,No,Yes,No,Cellular,Blue-Collar,55604,5
718388733,48,M,4,High School,Married,Az,90025,Yes,No,No,Cellular,Businessman,116297,4
718394658,42,F,2,Unknown,Married,Ny,91750,No,No,Yes,Cellular,Selfemployeed,26221,5
718396533,38,M,1,Graduate,Married,Tx,91750,Yes,Yes,No,Cellular,Selfemployeed,66931,4
718397658,50,F,3,Unknown,Married,Nj,91750,Yes,No,No,Unknown,Blue-Collar,39476,4
718399233,58,M,0,Unknown,Single,Fl,91750,No,No,No,Cellular,Blue-Collar,51922,4
718403358,37,F,2,High School,Single,Tx,91750,No,No,Yes,Telephone,Blue-Collar,45101,3
718404783,59,F,1,Unknown,Single,Tx,91750,No,No,No,Cellular,Retirees,26400,4
718410258,52,F,2,Graduate,Married,Tx,91750,Yes,No,No,Cellular,Retirees,53629,4
718414008,48,F,3,Graduate,Married,Fl,91750,No,No,No,Cellular,Selfemployeed,5525,3
718415133,43,F,2,Post-Graduate,Married,Nj,91750,No,No,No,Unknown,Selfemployeed,14975,4
718416858,61,F,1,Graduate,Single,Ca,91750,No,Yes,Yes,Cellular,Selfemployeed,18157,4
718418958,51,F,3,High School,Married,Ca,91750,Yes,Yes,No,Unknown,Selfemployeed,11608,4
718420308,38,M,2,Graduate,Single,Fl,91750,No,Yes,Yes,Cellular,Businessman,53725,4
718421808,53,M,3,Uneducated,Married,Fl,91750,No,Yes,Yes,Cellular,Businessman,70834,4
718423533,55,F,3,Uneducated,Married,Nj,91750,No,Yes,No,Unknown,Blue-Collar,34070,4
718425333,51,M,0,Uneducated,Single,Ca,90025,No,No,No,Cellular,Businessman,168836,4
718426533,57,F,3,Uneducated,Married,Fl,91750,Yes,Yes,No,Cellular,Blue-Collar,12503,5
718428033,47,F,5,High School,Single,Tx,91750,Yes,Yes,No,Cellular,Selfemployeed,36965,3
718431258,38,F,3,Uneducated,Married,Ny,91750,No,Yes,No,Cellular,Retirees,40012,3
718433508,35,M,1,Post-Graduate,Married,Ny,91750,Yes,No,No,Cellular,Govt,111102,4
718435158,44,F,4,Graduate,Single,Tx,91750,No,No,No,Telephone,Businessman,18645,4
718436133,50,F,2,Graduate,Married,Tx,91750,No,Yes,No,Cellular,Businessman,56542,5
718437033,47,F,3,Graduate,Single,Tx,91750,No,Yes,No,Unknown,Blue-Collar,29180,5
718441308,56,M,1,Graduate,Single,Fl,91750,Yes,Yes,No,Cellular,Blue-Collar,86362,3
718444233,48,F,2,Unknown,Single,Ny,91750,Yes,Yes,No,Unknown,Selfemployeed,14975,4
718445883,38,F,2,Graduate,Married,Ca,91750,No,Yes,No,Cellular,Selfemployeed,14975,5
718451133,29,F,0,Post-Graduate,Single,Tx,91750,Yes,No,No,Cellular,White-Collar,44750,3
718452633,39,F,2,High School,Married,Ny,91750,Yes,Yes,No,Cellular,Retirees,29936,4
718455633,61,F,0,Uneducated,Married,Ca,90250,Yes,No,No,Cellular,Businessman,233004,5
718457058,49,M,2,Graduate,Married,Tx,91750,No,No,No,Cellular,White-Collar,107984,5
718458858,31,F,1,Unknown,Single,Tx,91750,No,Yes,No,Unknown,Retirees,38317,5
718460958,46,M,2,Uneducated,Unknown,Fl,91750,Yes,Yes,No,Cellular,Selfemployeed,65383,3
718464258,47,F,4,Graduate,Married,Ca,91750,Yes,Yes,No,Cellular,Selfemployeed,5525,4
718465458,48,F,3,Graduate,Unknown,Ny,91750,No,Yes,Yes,Unknown,Selfemployeed,5525,5
718466883,45,M,2,Unknown,Single,Ca,91750,No,No,No,Cellular,White-Collar,54671,4
718468158,44,F,3,Post-Graduate,Married,Ny,91750,No,No,No,Cellular,Govt,24404,3
718469658,40,F,3,Graduate,Unknown,Ca,91750,No,Yes,No,Cellular,Selfemployeed,50104,3
718471758,26,F,1,Unknown,Single,Fl,91750,No,Yes,No,Cellular,Govt,35387,4
718473558,49,F,4,High School,Married,Ca,91750,No,No,No,Cellular,Blue-Collar,13321,5
718474683,47,F,5,High School,Single,Mn,91750,No,No,No,Unknown,Govt,34643,5
718476033,46,F,4,Post-Graduate,Single,Tx,91750,No,No,Yes,Cellular,Blue-Collar,27567,4
718477983,39,M,2,Graduate,Married,Ny,91750,No,Yes,No,Cellular,Businessman,77943,3
718478883,51,M,1,Unknown,Married,Nj,91750,Yes,Yes,No,Cellular,White-Collar,61837,4
718481283,41,M,3,High School,Single,Tx,91750,No,Yes,No,Cellular,Govt,95839,3
718484283,42,F,5,Graduate,Married,Tx,91750,Yes,No,No,Unknown,Blue-Collar,13462,3
718486608,51,M,2,Uneducated,Single,Nj,91750,Yes,No,No,Cellular,Businessman,145709,4
718487958,44,M,3,Graduate,Single,Ny,91750,Yes,Yes,No,Cellular,White-Collar,46483,5
718488783,39,M,1,Graduate,Single,Fl,91750,Yes,No,No,Cellular,Retirees,79668,4
718489608,38,M,4,Graduate,Unknown,Ny,91750,No,Yes,No,Telephone,Blue-Collar,73480,4
718490658,55,F,2,Graduate,Single,Tx,91750,No,Yes,No,Unknown,Selfemployeed,7865,5
718491708,54,M,1,Uneducated,Unknown,Ny,91750,Yes,Yes,No,Cellular,Businessman,105847,5
718492908,50,M,1,Graduate,Married,Ny,91750,No,Yes,No,Cellular,Blue-Collar,72156,4
718496283,49,F,4,Unknown,Single,Ny,91750,Yes,No,No,Unknown,Businessman,227477,4
718497033,32,F,1,Graduate,Married,Tx,91750,Yes,No,No,Cellular,Businessman,41054,5
718500633,50,F,2,High School,Single,Tx,91750,No,No,No,Unknown,Blue-Collar,35804,4
718501983,59,M,1,Graduate,Single,Fl,91750,No,Yes,No,Cellular,Businessman,73986,4
718503108,46,F,3,Unknown,Married,Ny,91750,Yes,Yes,No,Cellular,White-Collar,42271,4
718504233,65,F,1,Unknown,Single,Ca,91750,No,Yes,No,Unknown,Retirees,37233,4
718504983,37,F,3,Doctorate,Married,Ca,91750,Yes,No,No,Telephone,Govt,36504,3
718505958,49,F,1,Post-Graduate,Single,Il,91750,No,No,Yes,Unknown,Selfemployeed,14975,4
718508883,45,F,4,Graduate,Single,Ny,91750,Yes,No,No,Cellular,Retirees,25222,5
718509858,53,M,1,Uneducated,Married,Nj,91750,No,Yes,Yes,Cellular,Govt,58568,4
718510983,58,F,1,Graduate,Single,Ca,91750,No,No,No,Cellular,Selfemployeed,41003,4
718513233,46,M,3,High School,Married,Nj,91750,No,No,Yes,Cellular,Govt,76334,5
718514283,26,M,1,Graduate,Single,Fl,91750,No,Yes,No,Cellular,Selfemployeed,44613,4
718515483,36,F,3,High School,Married,Nj,91750,No,Yes,No,Unknown,Selfemployeed,36033,3
718516533,39,F,2,Graduate,Married,Tx,91750,No,No,No,Cellular,White-Collar,45809,3
718518858,44,M,2,Graduate,Unknown,Nv,91750,No,No,No,Cellular,Businessman,91678,5
718521258,47,F,2,Graduate,Single,Ia,91750,No,Yes,Yes,Cellular,Selfemployeed,37477,4
718522308,37,F,0,Graduate,Single,Ny,91750,Yes,No,No,Cellular,Selfemployeed,48612,3
718524783,43,F,2,Unknown,Single,Tx,91750,Yes,Yes,No,Cellular,Businessman,21982,5
718528008,51,M,4,Graduate,Single,Ny,91750,No,Yes,No,Cellular,Businessman,168477,3
718528833,52,M,2,Graduate,Married,Ny,91750,Yes,Yes,No,Telephone,Businessman,117151,5
718530258,53,M,5,Uneducated,Unknown,Tx,91750,No,Yes,No,Cellular,Businessman,102415,4
718531983,48,M,2,Graduate,Married,Tx,91750,Yes,No,No,Unknown,White-Collar,142913,4
718535733,55,M,3,Unknown,Married,Ny,91750,No,Yes,No,Cellular,Selfemployeed,86085,5
718538958,37,M,1,Graduate,Single,Fl,91750,No,Yes,No,Cellular,Selfemployeed,68873,3
718540308,48,M,4,Post-Graduate,Married,Fl,91750,No,Yes,No,Cellular,Govt,55674,3
718542858,45,M,3,High School,Married,Ca,91750,No,Yes,No,Cellular,White-Collar,71576,4
718545033,55,M,3,High School,Single,Tx,91750,No,No,No,Cellular,Businessman,94454,5
718547358,52,F,0,Graduate,Unknown,Ny,91750,No,No,No,Cellular,Businessman,43939,5
718548558,51,F,0,High School,Married,Ca,91750,No,No,No,Cellular,Govt,56028,5
718555308,43,M,3,Graduate,Unknown,Ca,91750,No,No,No,Unknown,Govt,80909,5
718558758,42,M,4,Unknown,Single,Fl,91750,Yes,No,Yes,Cellular,White-Collar,45344,4
718561458,44,F,3,Uneducated,Married,Ca,91750,Yes,Yes,Yes,Cellular,Selfemployeed,11561,4
718563483,50,F,4,Graduate,Married,Ny,91750,No,No,No,Unknown,White-Collar,30660,4
718565733,50,M,1,Uneducated,Single,Nj,91750,No,No,No,Cellular,Retirees,61803,4
718566858,34,M,2,Graduate,Single,Fl,91750,Yes,Yes,No,Telephone,Retirees,89713,5
718567758,56,M,0,Graduate,Married,Nj,91750,No,No,No,Cellular,Govt,102667,5
718569258,37,M,3,Graduate,Married,Fl,91750,No,Yes,No,Cellular,White-Collar,52417,5
718570158,43,M,1,Post-Graduate,Unknown,Ca,91750,No,No,Yes,Cellular,Govt,76001,5
718572408,46,M,2,Graduate,Married,Ca,91750,No,No,No,Cellular,Businessman,77730,5
718574808,65,F,0,High School,Single,Ca,91750,Yes,No,No,Cellular,White-Collar,57909,3
718576908,54,F,0,Graduate,Married,Ca,91750,No,No,No,Cellular,Govt,57007,3
718577958,40,F,4,Uneducated,Single,Ca,91750,No,No,No,Cellular,Selfemployeed,2565,5
718578708,45,M,4,Graduate,Single,Fl,91750,Yes,Yes,No,Cellular,Businessman,155175,4
718579833,55,M,2,High School,Married,Ny,91750,No,No,No,Telephone,White-Collar,136882,5
718582158,41,M,4,High School,Unknown,Tx,91750,Yes,Yes,No,Cellular,Retirees,52789,4
718583133,42,F,5,Graduate,Unknown,Tx,91750,Yes,Yes,No,Cellular,Selfemployeed,39266,4
718586133,38,M,2,Graduate,Married,Fl,91750,No,No,No,Unknown,White-Collar,84079,5
718587858,38,F,3,Doctorate,Single,Ny,91750,No,Yes,No,Unknown,Selfemployeed,14975,3
718589133,44,F,2,Graduate,Married,Nj,91750,No,Yes,No,Cellular,Govt,25735,3
718590183,38,M,1,Unknown,Single,Tx,91750,Yes,Yes,No,Cellular,Businessman,92037,4
718594608,54,F,4,Graduate,Single,Tx,91750,No,No,No,Unknown,Blue-Collar,12489,5
718595583,26,F,0,Post-Graduate,Single,Ny,91750,No,Yes,Yes,Cellular,Businessman,15621,5
718596858,35,M,1,Graduate,Unknown,Ny,91750,Yes,No,No,Cellular,Businessman,96194,5
718599108,39,M,2,Uneducated,Single,Tx,91750,No,Yes,Yes,Cellular,Govt,61407,4
718602708,34,F,4,Graduate,Single,Ca,91750,Yes,No,No,Cellular,Selfemployeed,37770,5
718607883,47,M,1,Graduate,Married,Ny,91750,No,No,No,Cellular,Blue-Collar,79932,5
718611333,63,M,0,Graduate,Single,Ca,91750,Yes,No,No,Cellular,Retirees,64346,5
718612758,37,F,2,Uneducated,Married,Ca,90025,No,No,No,Cellular,Businessman,216995,4
718614183,46,M,4,Graduate,Single,Fl,91750,Yes,Yes,No,Cellular,White-Collar,119134,4
718618458,40,M,2,Unknown,Single,Ny,91750,Yes,Yes,No,Unknown,Businessman,58513,3
718619883,67,F,1,Graduate,Married,Tx,91750,Yes,Yes,No,Unknown,Selfemployeed,11560,3
718621608,37,F,1,High School,Single,Ny,91750,No,Yes,No,Telephone,Selfemployeed,2565,4
718622658,49,M,2,Uneducated,Married,Tx,91750,Yes,Yes,Yes,Cellular,White-Collar,64240,4
718623783,62,F,0,Graduate,Single,Ca,91750,Yes,Yes,No,Cellular,Selfemployeed,14975,5
718626033,34,F,2,Graduate,Married,Ny,91750,Yes,No,No,Cellular,Businessman,32603,3
718627458,35,F,3,High School,Married,Nj,91750,No,No,No,Cellular,Selfemployeed,21842,5
718629858,40,M,4,Graduate,Single,Tx,91750,Yes,Yes,No,Cellular,White-Collar,70175,4
718632933,42,M,4,Graduate,Single,Fl,91750,Yes,No,No,Cellular,Govt,75931,4
718634058,52,M,1,High School,Single,Ca,90025,No,No,No,Cellular,Businessman,186874,4
718637208,46,F,3,Graduate,Single,Nj,91750,Yes,Yes,Yes,Unknown,Selfemployeed,14975,4
718640508,50,F,2,Uneducated,Single,Tx,91750,No,Yes,No,Unknown,Blue-Collar,14464,4
718641483,47,M,2,Graduate,Single,Tx,91750,Yes,Yes,No,Cellular,Selfemployeed,66603,4
718642458,32,F,0,Unknown,Single,Ny,91750,No,No,No,Unknown,Blue-Collar,34103,4
718645308,57,M,2,High School,Single,Ca,91750,No,Yes,No,Cellular,Blue-Collar,75927,4
718650258,40,M,3,Graduate,Single,Nj,91750,No,Yes,No,Cellular,White-Collar,122244,4
718651083,50,F,0,Graduate,Single,Tx,91750,Yes,No,No,Unknown,Retirees,27967,4
718653333,40,F,4,Doctorate,Married,Tx,91750,Yes,Yes,No,Cellular,Retirees,20520,4
718654533,30,F,0,Post-Graduate,Single,Nj,91750,No,No,No,Unknown,Businessman,28453,4
718655808,52,F,2,High School,Single,Tx,91750,No,No,No,Cellular,Businessman,229099,4
718657083,52,M,2,High School,Married,Ny,91750,No,No,No,Cellular,Businessman,79831,4
718661958,48,M,4,High School,Single,Fl,91750,Yes,No,No,Cellular,White-Collar,123685,3
718663983,50,M,2,Uneducated,Unknown,Ny,91750,No,No,No,Unknown,White-Collar,125892,3
718665033,56,M,1,High School,Married,Fl,91750,Yes,Yes,Yes,Unknown,Businessman,111616,4
718665933,30,M,0,Unknown,Single,Ny,91750,Yes,No,No,Cellular,White-Collar,103676,4
718670808,61,M,0,Graduate,Married,Tx,91750,Yes,Yes,No,Cellular,Blue-Collar,79587,4
718672233,38,F,4,Uneducated,Single,Mn,91750,No,Yes,No,Cellular,Govt,36964,3
718673358,41,F,1,Doctorate,Married,Tx,91750,Yes,No,No,Cellular,Retirees,22281,4
718675158,45,F,3,Uneducated,Single,Tx,91750,Yes,Yes,No,Cellular,Selfemployeed,2565,3
718676283,33,M,3,Unknown,Single,Tx,91750,Yes,Yes,No,Cellular,White-Collar,42031,3
718677858,38,M,2,Unknown,Single,Ny,91750,No,No,No,Cellular,Blue-Collar,69067,4
718682883,31,M,1,High School,Married,Tx,91750,Yes,No,Yes,Cellular,Govt,64416,3
718685358,44,M,2,Unknown,Unknown,Fl,91750,No,No,No,Cellular,Businessman,64935,4
718686558,39,M,3,Unknown,Single,Fl,91750,Yes,Yes,No,Cellular,White-Collar,46602,4
718689258,50,F,1,Graduate,Married,Tx,91750,Yes,Yes,No,Cellular,Retirees,53604,3
718692258,37,M,2,Graduate,Single,Ny,91750,No,Yes,No,Cellular,Businessman,167277,3
718693683,43,F,2,Graduate,Single,Tx,91750,Yes,No,No,Cellular,Selfemployeed,45293,4
718694658,47,M,1,Unknown,Unknown,Ny,91750,No,No,No,Cellular,Businessman,104517,4
718696458,26,M,0,Graduate,Single,Nj,91750,No,No,No,Unknown,White-Collar,42861,4
718697583,58,F,2,Uneducated,Married,Fl,91750,No,No,No,Cellular,Selfemployeed,49571,4
718698558,40,M,5,Graduate,Married,Ca,91750,No,Yes,No,Cellular,Blue-Collar,107478,4
718699683,55,F,1,Graduate,Single,Fl,91750,Yes,Yes,No,Unknown,Selfemployeed,14975,4
718702908,47,F,3,Post-Graduate,Unknown,Tx,91750,No,Yes,No,Cellular,Blue-Collar,57225,4
718707933,42,F,2,Unknown,Unknown,Ca,91750,Yes,Yes,No,Cellular,Govt,32107,4
718708908,52,F,3,High School,Married,Ca,91750,No,No,No,Unknown,Blue-Collar,13784,3
718711158,48,F,3,Graduate,Unknown,Ca,91750,Yes,No,No,Unknown,Retirees,31413,4
718712583,31,M,2,Unknown,Single,Nj,91750,No,No,No,Unknown,Blue-Collar,111002,4
718715583,55,F,3,Graduate,Single,Ca,91750,No,Yes,No,Cellular,Blue-Collar,10702,3
718726833,53,F,1,Graduate,Married,Ca,91750,Yes,Yes,No,Cellular,Selfemployeed,14975,3
718728108,55,F,1,Unknown,Unknown,Tx,91750,No,No,No,Telephone,Businessman,187949,4
718730283,59,M,2,High School,Single,Tx,91750,Yes,No,No,Cellular,Govt,83986,4
718731183,47,F,2,High School,Married,Tx,91750,Yes,Yes,No,Cellular,Selfemployeed,1250,3
718732833,35,M,1,Unknown,Single,Ca,91750,No,Yes,No,Cellular,Blue-Collar,46370,4
718734408,44,M,5,Graduate,Married,Tx,91750,Yes,No,No,Cellular,White-Collar,79719,5
718735908,53,F,2,Graduate,Married,Ca,91750,No,No,No,Cellular,Businessman,16042,5
718736883,53,F,1,Graduate,Single,Tx,91750,Yes,No,No,Cellular,Blue-Collar,37203,4
718737708,49,F,1,Graduate,Single,Ca,91750,No,Yes,No,Cellular,Selfemployeed,53519,4
718739508,47,M,3,Uneducated,Married,Tx,91750,Yes,No,No,Cellular,Blue-Collar,43909,4
718742808,49,F,2,Uneducated,Single,Ca,91750,No,Yes,No,Cellular,Businessman,33242,3
718744008,65,M,0,Graduate,Married,Az,90025,No,No,No,Cellular,Blue-Collar,10130,3
718746933,50,F,4,Graduate,Married,Tx,91750,No,No,No,Telephone,Govt,37403,3
718748133,52,F,2,Unknown,Single,Tx,91750,No,Yes,No,Cellular,White-Collar,44192,4
718751133,44,F,4,Uneducated,Single,Ca,91750,No,No,No,Unknown,Selfemployeed,14975,5
718755483,41,M,2,Graduate,Unknown,Ny,91750,Yes,No,No,Cellular,Businessman,92420,5
718756533,41,M,4,Uneducated,Single,Tx,91750,No,No,No,Unknown,Govt,117503,5
718757808,49,M,5,Uneducated,Married,Ny,91750,No,No,No,Cellular,Govt,44143,4
718758783,50,F,1,Graduate,Single,Tx,91750,No,Yes,No,Cellular,Businessman,204255,5
718759833,45,F,3,Graduate,Single,Fl,91750,No,No,Yes,Cellular,Selfemployeed,5525,5
718762308,43,F,3,High School,Single,Tx,91750,No,No,No,Cellular,Selfemployeed,40095,5
718764708,58,M,3,Unknown,Married,Ca,90025,No,Yes,No,Cellular,Businessman,156696,4
718766058,42,F,5,Graduate,Single,Ca,91750,Yes,Yes,No,Cellular,Govt,21910,5
718767183,47,M,3,High School,Married,Fl,91750,Yes,Yes,No,Cellular,Govt,84775,4
718768158,49,F,1,Graduate,Single,Ny,91750,No,No,No,Cellular,Blue-Collar,12090,5
718772133,65,M,1,Graduate,Single,Ny,91750,No,No,No,Unknown,Selfemployeed,14975,4
718773333,55,M,2,Graduate,Married,Nj,91750,Yes,No,No,Cellular,Businessman,104715,3
718774533,56,F,2,Graduate,Married,Fl,91750,No,No,No,Unknown,Businessman,196929,4
718775808,49,M,2,Graduate,Married,Nj,91750,Yes,No,No,Unknown,Selfemployeed,94670,4
718777008,47,F,5,High School,Married,Fl,91750,Yes,No,Yes,Unknown,Selfemployeed,12700,4
718784358,47,F,3,High School,Married,Ca,91750,No,Yes,No,Cellular,Selfemployeed,19424,5
718785483,53,F,1,Graduate,Married,Wa,91750,No,Yes,Yes,Telephone,Govt,54747,4
718788258,37,F,3,Uneducated,Married,Nj,91750,Yes,No,No,Unknown,Businessman,36049,4
718791708,58,F,1,Graduate,Single,Fl,91750,No,No,No,Cellular,Retirees,23840,3
718792758,54,M,1,Unknown,Married,Ny,91750,No,Yes,No,Unknown,White-Collar,93913,5
718795083,45,M,4,High School,Unknown,Ca,91750,Yes,No,No,Cellular,Selfemployeed,98104,4
718797558,31,F,0,Uneducated,Single,Fl,91750,No,No,No,Unknown,Retirees,27178,5
718799958,50,F,3,Uneducated,Single,Ia,91750,Yes,Yes,No,Unknown,Businessman,164975,4
718801158,48,F,4,High School,Married,Ny,91750,Yes,Yes,No,Cellular,Businessman,168853,4
718802283,60,M,1,Unknown,Single,Fl,91750,No,No,No,Unknown,Govt,51113,5
718803333,58,F,0,Uneducated,Married,Ca,91750,Yes,Yes,No,Cellular,Selfemployeed,11236,3
718805733,55,M,2,Graduate,Married,Ny,91750,Yes,Yes,No,Telephone,Businessman,146232,4
718806783,59,F,1,Post-Graduate,Single,Ca,91750,Yes,No,No,Cellular,Retirees,30988,5
718808883,42,F,3,Graduate,Single,Tx,91750,Yes,Yes,No,Cellular,White-Collar,40774,3
718811058,59,M,1,Graduate,Married,Fl,91750,No,Yes,No,Cellular,Blue-Collar,60072,5
718812708,37,F,3,Graduate,Married,Ca,91750,No,Yes,No,Cellular,Selfemployeed,17702,5
718813833,38,F,3,Graduate,Single,Ca,91750,No,Yes,No,Cellular,Selfemployeed,5525,4
718815108,50,F,1,High School,Single,Ct,91750,Yes,No,No,Cellular,Blue-Collar,37183,5
718816158,45,M,1,Graduate,Single,Tx,91750,No,Yes,No,Cellular,Selfemployeed,43642,3
718819158,34,M,3,High School,Single,Ak,99504,No,Yes,No,Cellular,Selfemployeed,59159,5
718821783,41,M,2,High School,Married,Ca,91750,Yes,No,No,Cellular,Selfemployeed,74525,4
718824783,44,F,2,Graduate,Married,Ma,91750,Yes,Yes,No,Cellular,Retirees,19671,5
718825908,45,M,1,Uneducated,Single,Ny,91750,Yes,Yes,No,Cellular,Govt,69192,5
718826883,37,F,2,High School,Single,Ca,91750,No,Yes,Yes,Cellular,Selfemployeed,28696,3
718828083,31,M,0,Post-Graduate,Married,Tx,91750,Yes,No,No,Unknown,White-Collar,38432,5
718829358,56,M,4,Graduate,Single,Ny,91750,No,No,No,Cellular,Retirees,88342,5
718830183,48,F,4,Graduate,Unknown,Fl,91750,No,Yes,Yes,Cellular,Selfemployeed,12150,4
718834233,27,F,0,Uneducated,Married,Ny,91750,Yes,Yes,No,Cellular,Selfemployeed,43619,3
718835583,59,F,1,Post-Graduate,Married,Ny,91750,Yes,No,Yes,Cellular,White-Collar,41818,5
718837683,47,F,2,Post-Graduate,Married,Nj,91750,No,Yes,No,Cellular,Retirees,26511,3
718838808,57,F,3,Graduate,Single,Ny,91750,No,Yes,No,Cellular,White-Collar,31804,5
718840833,46,M,2,High School,Married,Tx,91750,No,Yes,No,Unknown,Govt,119066,5
718843608,58,F,1,Uneducated,Single,Ca,91750,Yes,Yes,No,Cellular,Govt,36384,4
718846008,60,F,1,Graduate,Married,Fl,91750,Yes,Yes,No,Cellular,White-Collar,44770,3
718848183,54,M,4,Graduate,Married,Nj,91750,Yes,No,No,Cellular,Blue-Collar,70954,5
718851783,54,F,3,High School,Married,Ny,91750,No,No,No,Cellular,White-Collar,45367,5
718853358,41,M,1,Graduate,Married,Ny,91750,Yes,No,No,Cellular,Businessman,93240,4
718855983,50,M,2,Unknown,Single,Ct,91750,No,Yes,No,Cellular,Govt,47485,4
718858683,49,M,4,Uneducated,Married,Ny,91750,Yes,No,No,Cellular,Selfemployeed,66071,4
718861458,56,F,3,Uneducated,Married,Fl,91750,No,Yes,Yes,Cellular,Selfemployeed,16520,5
718863258,55,F,2,Uneducated,Married,Tx,91750,Yes,Yes,No,Cellular,Govt,27994,4
718866633,47,F,4,Uneducated,Married,Ny,91750,No,Yes,No,Unknown,Businessman,58559,3
718867683,31,F,0,Post-Graduate,Single,Ny,91750,Yes,Yes,No,Unknown,Selfemployeed,14975,4
718870158,44,F,3,Uneducated,Unknown,Fl,91750,No,No,No,Cellular,White-Collar,15516,4
718871358,42,M,3,High School,Single,Nv,91750,No,No,No,Cellular,Blue-Collar,87827,5
718872858,41,M,3,Unknown,Single,Ny,91750,Yes,Yes,No,Cellular,Businessman,64367,4
718875483,39,M,2,Graduate,Married,Fl,91750,Yes,Yes,Yes,Cellular,Govt,65123,3
718876683,54,F,2,High School,Married,Ny,91750,Yes,No,No,Telephone,Selfemployeed,14975,3
718877883,53,F,1,Graduate,Single,Ny,91750,Yes,Yes,No,Cellular,Blue-Collar,27505,5
718882008,48,M,3,Graduate,Married,Fl,91750,Yes,No,No,Cellular,White-Collar,87576,5
718888308,27,M,0,Post-Graduate,Single,Ca,91750,No,No,No,Cellular,Selfemployeed,14975,5
718889508,44,M,1,Unknown,Married,Ny,91750,No,No,No,Cellular,White-Collar,112463,5
718890933,43,F,1,Graduate,Single,Ca,91750,Yes,No,No,Telephone,Govt,27307,5
718892283,47,M,3,High School,Married,Ny,91750,No,Yes,No,Cellular,Govt,77655,4
718893333,46,M,4,Graduate,Single,Ca,91750,No,No,No,Cellular,Retirees,104426,4
718894233,38,F,2,Unknown,Single,Ca,91750,Yes,No,No,Cellular,Businessman,21779,4
718896108,49,M,2,Uneducated,Married,Ca,91750,No,No,No,Cellular,Retirees,89936,4
718899708,36,M,0,Graduate,Unknown,Fl,91750,Yes,No,No,Cellular,White-Collar,22509,3
718909158,43,F,5,Graduate,Married,Ca,91750,Yes,No,No,Cellular,White-Collar,15861,3
718913358,58,F,2,High School,Married,Tx,91750,Yes,No,No,Cellular,White-Collar,31243,4
718917408,51,F,2,Graduate,Single,Tx,91750,Yes,No,Yes,Cellular,Selfemployeed,40744,4
718919433,39,M,1,Graduate,Single,Nj,91750,No,Yes,No,Cellular,Businessman,192764,4
718920708,51,F,0,Graduate,Married,Ca,91750,No,No,No,Cellular,Businessman,22960,4
718921683,39,M,2,Graduate,Single,Tx,91750,Yes,Yes,No,Cellular,White-Collar,79541,3
718923858,49,F,5,Graduate,Single,Nj,91750,No,Yes,No,Cellular,Selfemployeed,6550,4
718924983,41,M,4,Post-Graduate,Married,Fl,91750,No,No,No,Cellular,White-Collar,80078,3
718926258,59,M,0,Graduate,Single,Tx,91750,No,No,No,Telephone,Businessman,71694,3
718927533,47,F,3,Unknown,Single,Fl,91750,Yes,No,No,Unknown,Selfemployeed,14975,4
718929708,46,F,2,Unknown,Single,Tx,91750,No,No,No,Cellular,Selfemployeed,14975,4
718932633,33,F,2,Unknown,Married,Ca,91750,No,Yes,No,Cellular,Selfemployeed,56895,4
718934058,47,F,4,Graduate,Married,Ma,91750,Yes,Yes,No,Cellular,Selfemployeed,26594,4
718939083,48,F,2,Graduate,Married,Ny,91750,No,No,No,Cellular,Selfemployeed,1250,4
718940208,36,F,3,Graduate,Single,Fl,91750,Yes,No,No,Unknown,Selfemployeed,38680,4
718941183,50,M,3,Graduate,Single,Ca,91750,Yes,No,No,Cellular,Blue-Collar,59508,4
718943508,42,F,4,Graduate,Single,Tx,91750,No,No,No,Cellular,Blue-Collar,14421,4
718946358,49,M,3,Unknown,Married,Ny,91750,Yes,Yes,Yes,Cellular,Businessman,58591,4
718947558,44,F,4,Graduate,Married,Ny,91750,Yes,No,No,Unknown,Businessman,218726,4
718949433,43,F,4,Unknown,Single,Ny,91750,No,No,No,Cellular,Businessman,37172,4
718950483,52,M,3,High School,Married,Tx,91750,Yes,Yes,Yes,Cellular,Blue-Collar,10049,4
718951683,49,M,3,Graduate,Single,Ny,91750,Yes,No,No,Cellular,Retirees,77284,3
718957083,44,M,4,High School,Single,Ny,91750,No,Yes,No,Cellular,Blue-Collar,78655,4
718958583,38,M,2,High School,Married,Fl,91750,Yes,No,No,Cellular,Blue-Collar,65764,4
718961208,42,F,0,Graduate,Single,Tx,91750,Yes,No,No,Cellular,Govt,42374,3
718963158,47,F,2,Graduate,Married,Ca,91750,No,Yes,No,Cellular,White-Collar,35623,3
718967433,52,M,2,High School,Married,Tx,91750,Yes,Yes,Yes,Cellular,White-Collar,85452,4
718970058,44,F,4,Uneducated,Married,Fl,91750,Yes,No,No,Cellular,Selfemployeed,14975,4
718971333,50,F,1,Uneducated,Married,Fl,91750,No,No,No,Cellular,Retirees,25945,4
718972758,51,F,1,High School,Single,Tx,91750,No,Yes,No,Cellular,Selfemployeed,16520,4
718975083,50,F,3,Unknown,Single,Ny,91750,Yes,Yes,No,Cellular,Retirees,22127,3
718976283,48,M,4,Unknown,Single,Ca,91750,No,Yes,No,Cellular,Retirees,59925,4
718977483,40,M,4,Unknown,Married,Tx,91750,No,No,No,Cellular,White-Collar,102256,4
718979733,54,F,2,Post-Graduate,Single,Ny,91750,Yes,No,No,Cellular,Businessman,232628,4
718980633,41,M,3,High School,Married,Ca,91750,Yes,Yes,Yes,Unknown,Blue-Collar,80207,4
718982058,34,F,3,Graduate,Married,Ca,91750,Yes,Yes,Yes,Cellular,White-Collar,47548,4
718983333,57,F,3,Graduate,Single,Ca,91750,Yes,No,No,Cellular,Blue-Collar,12054,4
718984533,43,M,1,Graduate,Single,Fl,91750,No,No,No,Cellular,White-Collar,68428,4
718993533,60,M,0,Graduate,Married,Ny,91750,Yes,Yes,No,Telephone,Govt,117427,4
718994583,55,M,3,Graduate,Married,Nj,91750,No,No,No,Cellular,White-Collar,77964,4
718996758,48,F,4,Uneducated,Married,Tx,91750,No,Yes,No,Unknown,Selfemployeed,14975,3
719006508,51,F,1,Unknown,Married,Ny,91750,No,Yes,No,Cellular,Blue-Collar,51399,4
719013108,46,M,1,Post-Graduate,Single,Tx,91750,No,Yes,No,Cellular,White-Collar,70584,4
719018208,51,F,2,Uneducated,Married,Ca,91750,Yes,No,No,Cellular,White-Collar,28924,4
719019483,52,F,2,High School,Single,Tx,91750,No,Yes,No,Cellular,Selfemployeed,55759,3
719020983,52,F,3,Graduate,Married,Tx,91750,No,No,No,Cellular,Retirees,18384,5
719022558,51,M,2,Graduate,Married,Ca,91750,No,No,No,Unknown,Blue-Collar,93283,3
719025333,31,F,1,Unknown,Single,Tx,91750,Yes,No,No,Unknown,Selfemployeed,38185,3
719026383,46,F,3,Graduate,Married,Fl,91750,No,No,No,Cellular,Govt,35001,4
719028783,38,M,2,High School,Single,Nj,91750,No,No,No,Cellular,White-Collar,64824,4
719034183,51,M,3,Uneducated,Unknown,Wa,98815,Yes,Yes,No,Cellular,White-Collar,99820,3
719035758,52,M,3,Doctorate,Married,Ca,91750,Yes,Yes,Yes,Unknown,Blue-Collar,85316,5
719036883,48,M,5,Unknown,Married,Ny,91750,No,Yes,No,Cellular,White-Collar,52289,5
719038008,51,M,3,High School,Married,Tx,91750,No,No,No,Telephone,Retirees,81943,4
719039283,45,M,1,Graduate,Unknown,Fl,91750,No,No,No,Cellular,White-Collar,151043,4
719042208,49,M,2,Uneducated,Married,Ca,91750,Yes,No,No,Telephone,Selfemployeed,68884,5
719046558,39,F,4,Unknown,Married,Tx,91750,Yes,No,Yes,Cellular,Selfemployeed,57247,4
719048133,58,F,1,Post-Graduate,Single,Fl,91750,No,No,No,Unknown,Govt,37699,5
719049033,52,F,3,Unknown,Single,Tx,91750,No,No,Yes,Unknown,Businessman,21178,5
719050458,51,F,3,High School,Single,Tx,91750,Yes,No,No,Cellular,Blue-Collar,48444,3
719051733,47,M,3,Graduate,Married,Fl,91750,No,Yes,No,Unknown,Businessman,91316,4
719054733,53,M,3,High School,Married,Tx,91750,Yes,No,No,Cellular,Businessman,73611,5
719056833,26,M,0,Graduate,Single,Ny,91750,Yes,Yes,No,Cellular,White-Collar,46423,3
719059083,53,F,2,Uneducated,Single,Fl,91750,No,Yes,No,Cellular,Selfemployeed,51154,3
719061933,61,M,0,High School,Single,Fl,91750,Yes,No,No,Unknown,Govt,52931,3
719068683,63,F,0,Uneducated,Married,Ny,91750,No,Yes,No,Cellular,Selfemployeed,5525,4
719070108,48,F,4,Graduate,Single,Ny,91750,No,No,Yes,Unknown,Selfemployeed,14975,5
719071158,45,F,2,Uneducated,Single,Ca,91750,No,No,No,Cellular,Govt,44792,5
719073483,45,F,1,Unknown,Married,Fl,91750,Yes,Yes,No,Cellular,Govt,30283,4
719074308,56,M,2,Unknown,Married,Fl,91750,No,Yes,No,Cellular,Blue-Collar,71449,4
719075883,31,M,1,Unknown,Married,Tx,91750,No,No,No,Cellular,Blue-Collar,44816,4
719076858,39,F,0,High School,Single,Ca,91750,Yes,No,No,Cellular,Govt,31212,4
719078283,61,F,0,Graduate,Married,Ny,91750,No,No,Yes,Cellular,Selfemployeed,14975,4
719084358,39,F,1,Uneducated,Married,Ca,91750,Yes,Yes,Yes,Cellular,Businessman,25430,5
719085933,41,F,4,Uneducated,Single,Tx,91750,No,No,No,Cellular,Retirees,27686,3
719089383,33,F,2,Doctorate,Married,Ca,91750,No,Yes,No,Cellular,Govt,56982,3
719091333,65,F,0,High School,Married,Nj,91750,Yes,No,No,Cellular,Selfemployeed,6550,4
719094333,50,M,1,Unknown,Married,Ca,90025,No,No,No,Cellular,White-Collar,126314,4
719095533,31,F,0,Graduate,Single,Ca,91750,Yes,Yes,No,Cellular,Govt,36839,4
719098308,47,F,3,Graduate,Single,Ny,91750,Yes,No,No,Cellular,White-Collar,28974,3
719099583,40,F,3,Doctorate,Married,Ca,91750,No,Yes,No,Cellular,Blue-Collar,12470,3
719100633,47,F,3,Unknown,Married,Ny,91750,No,No,No,Cellular,White-Collar,38884,4
719101908,41,F,3,Graduate,Married,Tx,91750,No,Yes,No,Cellular,Selfemployeed,14975,5
719105433,43,M,3,Uneducated,Unknown,Ca,91750,Yes,No,No,Cellular,Retirees,89052,4
719106783,49,F,3,Post-Graduate,Single,Ca,91615,Yes,Yes,No,Cellular,Businessman,233304,5
719108358,29,F,1,Uneducated,Married,Ca,91750,Yes,Yes,No,Unknown,Govt,32460,5
719109783,43,M,4,Unknown,Married,Fl,91750,No,No,No,Cellular,Govt,57799,4
719112258,40,M,3,High School,Married,Ny,91750,No,No,Yes,Cellular,Retirees,74329,5
719117433,54,F,3,Graduate,Single,Ca,91750,Yes,No,No,Unknown,Blue-Collar,14622,4
719118708,53,M,1,High School,Married,Ne,91750,No,Yes,No,Cellular,Businessman,118270,5
719121708,53,M,3,Unknown,Single,Tx,91750,Yes,Yes,No,Cellular,White-Collar,106429,5
719123958,53,F,4,Graduate,Single,Tx,91750,No,No,No,Cellular,White-Collar,22263,3
719125158,52,F,1,Unknown,Married,Tx,91750,No,No,No,Cellular,White-Collar,31483,5
719127558,53,F,2,Graduate,Married,Tx,91750,Yes,Yes,Yes,Telephone,Businessman,34215,4
719130558,56,F,3,Post-Graduate,Single,Tx,91750,No,No,No,Cellular,White-Collar,49899,4
719131533,36,F,2,Uneducated,Married,Ca,91750,No,No,No,Unknown,Govt,38223,5
719136183,49,M,3,Graduate,Married,Ca,91750,No,Yes,Yes,Unknown,Retirees,37082,3
719139558,38,F,0,Uneducated,Married,Ny,91750,Yes,No,No,Cellular,Businessman,28923,3
719143308,53,F,3,Graduate,Married,Tx,91750,No,No,No,Cellular,White-Collar,32656,3
719146008,50,F,2,Post-Graduate,Married,Ca,91750,Yes,No,No,Unknown,Selfemployeed,6550,4
719147208,50,M,2,High School,Single,Ca,91750,No,No,No,Cellular,Govt,79505,5
719148633,35,F,0,High School,Single,Ny,91750,No,No,No,Cellular,Blue-Collar,13283,5
719150658,37,F,1,Graduate,Single,Ca,91750,Yes,No,No,Telephone,Blue-Collar,34014,4
719152383,60,F,0,Graduate,Married,Ca,91750,No,Yes,No,Unknown,Blue-Collar,33736,5
719153433,52,M,3,Uneducated,Married,Ca,91750,Yes,No,No,Cellular,Selfemployeed,88125,4
719154483,56,F,2,Graduate,Married,Ny,91750,Yes,No,No,Cellular,Selfemployeed,5225,4
719157933,51,M,2,Graduate,Married,Tx,91750,No,Yes,No,Cellular,Blue-Collar,108395,5
719161683,55,F,1,Unknown,Single,Ny,91750,Yes,No,No,Unknown,Selfemployeed,14975,4
719163108,65,F,0,High School,Married,Nj,91750,Yes,No,No,Cellular,Govt,49644,5
719165508,45,F,4,Graduate,Unknown,Tx,91750,No,No,Yes,Cellular,Selfemployeed,34503,4
719168883,49,F,4,Unknown,Married,Nj,91750,No,No,No,Unknown,Selfemployeed,32154,4
719169783,36,F,2,Graduate,Unknown,Ca,91750,No,No,No,Cellular,White-Collar,32448,5
719170683,43,M,3,High School,Married,Tx,91750,Yes,Yes,No,Cellular,Selfemployeed,60531,5
719174433,51,F,3,Graduate,Single,Ca,91750,Yes,No,No,Cellular,Blue-Collar,28065,5
719176308,31,F,0,Unknown,Married,Hi,91750,Yes,Yes,No,Unknown,Selfemployeed,21865,5
719178183,41,M,4,Graduate,Single,Tx,91750,No,Yes,No,Telephone,Govt,111638,3
719180958,53,M,3,Uneducated,Single,Ca,91750,No,Yes,No,Cellular,White-Collar,117885,3
719182308,37,F,4,Graduate,Single,Ny,91750,Yes,No,No,Cellular,Selfemployeed,14975,3
719184783,40,F,5,Graduate,Single,Fl,91750,Yes,Yes,No,Unknown,Retirees,38513,5
719186433,43,F,4,High School,Single,Tx,91750,No,Yes,No,Cellular,Businessman,42278,4
719192808,37,M,5,Graduate,Married,Ca,91750,Yes,No,No,Cellular,Selfemployeed,73660,4
719195733,51,M,3,Graduate,Married,Il,91750,No,Yes,No,Cellular,Govt,86871,4
719196858,42,M,3,Graduate,Single,Fl,91750,No,Yes,No,Cellular,Govt,55367,3
719202708,48,M,3,Graduate,Married,Fl,91750,No,No,No,Cellular,Retirees,71975,3
719206308,28,F,0,Unknown,Married,Ca,91750,Yes,Yes,No,Cellular,Selfemployeed,14975,4
719207733,51,F,3,High School,Married,Ca,91750,No,Yes,No,Cellular,Selfemployeed,13598,4
719210133,51,M,2,Graduate,Married,Tx,91750,No,Yes,No,Cellular,Businessman,120132,4
719211558,60,F,0,Graduate,Single,Tx,91750,Yes,No,No,Cellular,Selfemployeed,2565,4
719213133,49,F,2,High School,Unknown,Nj,91750,No,No,No,Cellular,White-Collar,40124,5
719216508,40,M,4,Uneducated,Married,Nj,91750,Yes,Yes,No,Cellular,Govt,87581,4
719217483,46,F,3,High School,Married,Tx,91750,No,Yes,No,Cellular,Govt,53458,4
719219883,54,F,2,Uneducated,Married,Ny,91750,Yes,No,No,Cellular,Retirees,39889,5
719222133,56,F,1,High School,Married,Tx,91750,Yes,Yes,No,Unknown,White-Collar,138615,4
719226333,64,F,1,High School,Single,Ca,91750,No,Yes,No,Cellular,Selfemployeed,6550,4
719227233,51,F,3,Uneducated,Married,Ca,91750,No,Yes,No,Cellular,Businessman,19103,4
719229708,62,M,1,Unknown,Single,Tx,91750,Yes,Yes,No,Cellular,Selfemployeed,14975,4
719231583,51,M,0,Unknown,Married,Fl,91750,No,Yes,No,Cellular,Govt,78772,4
719233833,45,F,4,Doctorate,Married,Ca,91750,No,Yes,No,Cellular,Govt,18953,3
719234883,45,F,3,High School,Married,Ny,91750,Yes,No,No,Cellular,Retirees,46944,5
719237058,48,M,3,Graduate,Unknown,Ny,91750,Yes,No,No,Cellular,White-Collar,65480,4
719238183,43,F,2,Unknown,Married,Nj,91750,No,Yes,No,Unknown,Businessman,23969,5
719239158,43,M,3,Graduate,Unknown,Tx,91750,No,Yes,No,Cellular,Blue-Collar,45107,4
719240358,59,F,0,Post-Graduate,Married,Ct,91750,No,Yes,No,Unknown,Govt,50121,5
719242533,34,F,2,Graduate,Married,Ca,91750,No,No,No,Unknown,Retirees,17697,3
719243808,60,F,0,Uneducated,Single,Ny,91750,No,No,No,Cellular,Businessman,17818,5
719245083,53,F,1,Post-Graduate,Single,Ca,91750,No,No,No,Cellular,Blue-Collar,49963,3
719245983,47,F,1,Graduate,Married,Tx,91750,Yes,Yes,No,Cellular,Retirees,54817,3
719248158,41,F,2,High School,Married,Ca,90026,Yes,Yes,Yes,Cellular,Businessman,172693,3
719249733,36,F,3,Uneducated,Married,Ny,91750,No,No,No,Cellular,Selfemployeed,14975,4
719250783,51,M,3,Graduate,Single,Tx,91750,Yes,No,No,Cellular,Retirees,72169,4
719252583,49,M,2,Graduate,Married,Fl,91750,Yes,Yes,No,Cellular,Blue-Collar,72379,3
719256483,42,F,2,Graduate,Married,Ca,91750,No,No,No,Cellular,White-Collar,51747,3
719258433,48,M,3,Graduate,Married,Ca,91750,No,No,No,Cellular,Businessman,104908,4
719260608,53,M,1,Unknown,Married,Ny,91750,Yes,No,No,Cellular,Retirees,46204,4
719264058,49,M,1,Unknown,Married,Ny,91750,Yes,Yes,No,Cellular,Retirees,57000,3
719265108,49,M,3,Unknown,Single,Tx,91750,Yes,No,No,Cellular,Retirees,62127,5
719266158,42,F,3,Unknown,Single,Ny,91750,No,No,No,Cellular,Blue-Collar,37329,4
719267283,44,M,4,Unknown,Single,Tx,91750,Yes,No,No,Cellular,White-Collar,70224,3
719268333,37,M,1,Graduate,Married,Ny,91750,No,No,No,Cellular,Selfemployeed,53620,5
719269308,50,M,3,Uneducated,Single,Ny,91750,Yes,No,No,Cellular,White-Collar,103598,5
719270358,57,F,2,Unknown,Married,Ak,99504,No,No,Yes,Cellular,Businessman,215404,4
719272458,51,M,4,Graduate,Single,Ny,91750,Yes,Yes,No,Cellular,Businessman,109371,3
719273733,51,F,1,High School,Single,Fl,91750,Yes,Yes,No,Unknown,White-Collar,17175,4
719277033,55,M,3,Graduate,Single,Fl,91750,No,Yes,No,Telephone,White-Collar,68682,5
719279208,36,M,0,Graduate,Married,Ny,91750,No,No,No,Cellular,Govt,86760,5
719281533,48,M,3,Graduate,Married,Tx,91750,No,Yes,No,Unknown,Businessman,92220,4
719282433,30,F,1,High School,Single,Ny,91750,Yes,Yes,No,Unknown,Govt,35894,4
719283633,37,F,1,Unknown,Single,Fl,91750,No,Yes,Yes,Cellular,Selfemployeed,11947,4
719286708,49,M,2,Uneducated,Married,Ny,91750,No,Yes,No,Cellular,Businessman,65420,3
719291283,60,M,0,Uneducated,Married,Fl,91750,Yes,Yes,Yes,Telephone,Blue-Collar,31286,3
719293533,31,F,0,Post-Graduate,Married,Ny,91750,No,No,No,Telephone,Retirees,29865,3
719294433,40,M,3,Doctorate,Married,Tx,91750,No,Yes,No,Cellular,Govt,59260,3
719296383,56,M,1,Uneducated,Single,Fl,91750,No,Yes,No,Cellular,Businessman,108617,4
719299533,38,F,1,Uneducated,Married,Ca,91750,No,No,No,Cellular,Businessman,33784,4
719301258,44,F,4,Graduate,Single,Ca,91750,No,No,No,Cellular,Selfemployeed,46763,4
719305608,54,F,0,Graduate,Married,Pa,91750,No,Yes,No,Cellular,Businessman,27681,4
719309133,51,M,4,Graduate,Married,Ny,91750,No,Yes,No,Cellular,Selfemployeed,44203,4
719309958,31,F,0,Graduate,Single,Ny,91750,Yes,No,No,Cellular,Selfemployeed,2565,4
719313633,59,M,1,Unknown,Single,Ca,91750,No,Yes,No,Cellular,Selfemployeed,54982,3
719314683,47,M,5,High School,Single,Tx,91750,No,Yes,No,Cellular,White-Collar,39792,4
719315508,46,F,4,Unknown,Single,Tx,91750,Yes,No,No,Cellular,Selfemployeed,14975,4
719318583,35,F,4,High School,Unknown,Tx,91750,Yes,Yes,No,Cellular,Selfemployeed,2565,4
719320833,52,F,2,High School,Married,Tx,91750,Yes,Yes,No,Cellular,Businessman,19801,4
719323683,34,F,3,Unknown,Married,Ca,91750,Yes,Yes,No,Cellular,Selfemployeed,50045,4
719324658,45,M,4,Graduate,Unknown,Ny,91750,Yes,No,No,Unknown,Businessman,181240,4
719325783,35,F,2,High School,Married,Nj,91750,Yes,Yes,No,Cellular,White-Collar,18286,4
719326758,43,M,2,Graduate,Married,Ca,91750,No,No,No,Cellular,Businessman,118370,4
719327808,52,F,2,Uneducated,Married,Nj,91750,Yes,No,No,Cellular,Selfemployeed,7865,4
719328858,56,F,2,High School,Single,Tx,91750,No,Yes,No,Cellular,Blue-Collar,25930,4
719329983,52,M,0,Unknown,Single,Fl,91750,No,No,No,Unknown,White-Collar,141172,4
719334408,39,F,1,Post-Graduate,Married,Ca,91750,No,No,No,Cellular,Retirees,56445,3
719335233,62,M,0,Unknown,Single,Fl,91750,Yes,No,No,Cellular,White-Collar,39362,4
719336583,38,F,3,Unknown,Single,Nj,91750,No,No,No,Unknown,Selfemployeed,14975,4
719337408,57,F,2,High School,Married,Ny,91750,No,No,No,Cellular,Govt,26721,4
719338383,49,F,2,Graduate,Married,Fl,91750,No,Yes,No,Cellular,Selfemployeed,16710,4
719341683,46,M,3,Graduate,Single,Fl,91750,No,No,No,Cellular,Businessman,56347,5
719342808,44,M,3,Graduate,Single,Tx,91750,No,Yes,No,Cellular,Selfemployeed,41487,3
719343633,43,M,4,Graduate,Married,Tx,91750,Yes,Yes,No,Cellular,Blue-Collar,84602,5
719344608,42,F,2,Unknown,Single,Tx,91750,Yes,No,No,Cellular,Selfemployeed,57264,5
719346708,32,M,0,High School,Married,Nj,91750,No,Yes,No,Cellular,Businessman,42792,4
719350908,64,M,0,Graduate,Single,Fl,91750,No,Yes,No,Telephone,White-Collar,38747,5
719353158,41,F,2,Uneducated,Single,Nj,91750,Yes,Yes,No,Cellular,Blue-Collar,10561,5
719354433,41,M,3,High School,Unknown,Ca,91750,Yes,Yes,Yes,Cellular,Govt,48461,5
719356008,49,M,2,Unknown,Single,Fl,91750,Yes,Yes,No,Cellular,Retirees,68231,4
719357058,61,F,0,Post-Graduate,Married,Fl,91750,No,Yes,No,Cellular,Retirees,46218,4
719358333,52,F,4,Uneducated,Single,Tx,91750,No,Yes,No,Telephone,Selfemployeed,14975,5
719359458,35,F,3,Graduate,Married,Tx,91750,Yes,Yes,No,Telephone,Businessman,66918,5
719360583,40,F,2,Unknown,Married,Ca,91750,Yes,No,No,Cellular,Selfemployeed,14975,5
719362458,51,M,2,Post-Graduate,Unknown,Ca,91750,No,Yes,No,Cellular,Businessman,91866,5
719363283,38,F,1,Graduate,Single,Fl,91750,No,No,No,Cellular,Retirees,18205,5
719365233,58,F,4,Graduate,Single,Nm,91750,No,Yes,No,Unknown,Businessman,199240,4
719366358,45,F,2,Uneducated,Single,Ny,91750,Yes,Yes,No,Telephone,Selfemployeed,10463,5
719368533,52,F,2,High School,Married,Ny,91750,Yes,No,No,Cellular,Businessman,223136,5
719372583,59,M,0,Graduate,Single,Ny,91750,No,Yes,No,Cellular,Blue-Collar,49690,5
719373558,46,F,3,Uneducated,Married,Ny,91750,No,No,No,Cellular,Businessman,57116,4
719377383,44,M,4,Doctorate,Single,Ny,91750,No,Yes,No,Cellular,Govt,87464,3
719378658,47,M,4,Graduate,Married,Tx,91750,No,Yes,No,Cellular,Selfemployeed,76513,4
719379858,42,M,5,Uneducated,Married,Ca,91750,Yes,Yes,No,Unknown,Businessman,115003,3
719381733,48,M,3,Graduate,Married,Il,91750,No,No,No,Unknown,Selfemployeed,47072,4
719384433,51,F,0,Unknown,Married,Ca,91750,No,Yes,No,Cellular,Selfemployeed,30239,5
719385558,64,F,0,Graduate,Single,Tx,91750,No,No,No,Unknown,Selfemployeed,11198,5
719391783,41,F,4,High School,Single,Fl,91750,No,Yes,No,Cellular,Blue-Collar,15789,4
719392833,33,F,3,Uneducated,Married,Ca,91750,No,No,No,Cellular,Selfemployeed,11639,5
719398158,43,M,3,Unknown,Single,Nj,91750,No,No,No,Cellular,Retirees,45109,4
719400108,49,F,3,Graduate,Married,Tx,91750,Yes,No,No,Cellular,Businessman,161874,5
719401158,61,M,0,Graduate,Single,Tx,91750,No,No,No,Telephone,Businessman,107430,5
719407983,36,F,1,Uneducated,Single,Ny,91750,No,Yes,No,Unknown,Selfemployeed,26764,5
719410083,40,M,5,Graduate,Single,Ny,91750,Yes,Yes,No,Cellular,Retirees,79186,3
719412258,54,F,1,Post-Graduate,Married,Ca,91750,No,Yes,No,Unknown,Selfemployeed,14975,5
719413383,46,M,3,Post-Graduate,Unknown,Ny,91750,No,Yes,No,Cellular,Businessman,187606,3
719414658,46,M,4,Graduate,Single,Fl,91750,No,No,No,Unknown,Selfemployeed,82855,5
719415858,38,F,3,High School,Single,Tx,91750,No,Yes,No,Cellular,Govt,27941,4
719418933,56,F,2,Uneducated,Married,Tx,91750,No,Yes,No,Cellular,Selfemployeed,2565,5
719420058,36,M,3,Graduate,Married,Nj,91750,No,No,No,Unknown,Businessman,235546,5
719420883,55,F,2,Post-Graduate,Married,Ny,91750,No,No,No,Cellular,Govt,28265,4
719427333,47,F,2,High School,Single,Fl,91750,No,No,No,Cellular,Selfemployeed,11379,5
719428308,54,F,0,Graduate,Married,Fl,91750,No,Yes,No,Cellular,Selfemployeed,11087,5
719430483,36,F,3,Graduate,Married,Tx,91750,No,Yes,No,Unknown,Businessman,152825,4
719431608,41,F,3,Graduate,Single,Ca,91750,No,Yes,No,Cellular,Selfemployeed,11370,5
719437908,45,F,2,Graduate,Married,Tx,91750,Yes,Yes,No,Cellular,Retirees,15436,5
719439108,38,M,1,High School,Single,Ca,90250,Yes,No,No,Telephone,Businessman,181713,4
719443683,53,F,2,Uneducated,Married,Fl,91750,No,No,No,Cellular,Selfemployeed,7865,4
719445633,39,M,1,Graduate,Single,Tx,91750,No,No,No,Cellular,Govt,85456,5
719446833,52,F,3,Graduate,Married,Tx,91750,No,Yes,No,Cellular,Retirees,53835,3
719449533,46,F,2,Graduate,Married,Nj,91750,Yes,No,No,Cellular,Blue-Collar,26425,5
719450508,29,F,1,Unknown,Single,Ca,91750,No,Yes,No,Cellular,Blue-Collar,25798,5
719451483,50,F,2,Unknown,Married,Tx,91750,Yes,No,No,Telephone,Selfemployeed,14975,5
719452308,30,F,0,Graduate,Single,Ca,91750,Yes,Yes,No,Cellular,White-Collar,20669,5
719453283,56,M,2,High School,Married,Tx,91750,Yes,No,No,Cellular,Govt,63239,3
719455083,53,F,3,Graduate,Single,Fl,91750,Yes,No,No,Unknown,Blue-Collar,41180,5
719455908,30,M,1,Unknown,Married,Fl,91750,Yes,Yes,No,Cellular,White-Collar,41382,3
719459358,55,F,3,High School,Married,Fl,91750,No,No,No,Cellular,Selfemployeed,14980,5
719461008,52,F,1,Uneducated,Single,Wa,54101,Yes,No,Yes,Cellular,Selfemployeed,11784,5
719462433,56,F,3,Graduate,Married,Ca,91750,No,No,No,Cellular,Govt,54364,4
719463708,57,M,2,High School,Single,Fl,91750,Yes,No,No,Cellular,Blue-Collar,64217,4
719464758,57,F,5,Graduate,Married,Ca,91750,No,Yes,No,Cellular,Businessman,53987,5
719465733,54,M,3,Doctorate,Single,Tx,91750,Yes,No,No,Telephone,Blue-Collar,63503,4
719466558,28,M,1,High School,Single,Ca,91750,No,Yes,No,Cellular,Blue-Collar,12470,3
719469333,30,F,0,Graduate,Married,Ca,91750,Yes,Yes,No,Unknown,Govt,27881,4
719470458,43,F,2,High School,Married,Ca,91750,Yes,No,No,Unknown,Selfemployeed,6550,5
719471433,65,F,1,High School,Married,Ny,91750,No,Yes,No,Unknown,Blue-Collar,16608,5
719473458,52,M,2,Unknown,Married,Fl,91750,No,No,No,Cellular,White-Collar,102179,4
719474583,43,F,1,Graduate,Married,Mn,91750,No,Yes,Yes,Unknown,Businessman,32399,5
719475633,51,M,3,Graduate,Single,Ca,91750,Yes,No,No,Cellular,Selfemployeed,57673,4
719482008,54,F,1,Uneducated,Married,Tx,91750,No,Yes,No,Cellular,Businessman,36604,4
719483358,62,F,0,Uneducated,Single,Ny,91750,No,Yes,No,Telephone,Blue-Collar,33874,5
719484408,42,F,1,Graduate,Married,Ca,91750,Yes,Yes,No,Cellular,Selfemployeed,33414,3
719488008,34,F,2,Unknown,Single,Ca,91750,Yes,No,No,Cellular,Businessman,18108,5
719490108,43,M,2,High School,Single,Ny,91750,No,No,No,Unknown,Blue-Collar,81359,3
719491233,46,F,4,Unknown,Married,Ny,91750,No,No,No,Telephone,Blue-Collar,57262,3
719493858,39,F,2,Graduate,Married,Tx,91750,Yes,Yes,No,Unknown,White-Collar,33483,4
719494983,48,F,4,Graduate,Single,Ma,91750,No,Yes,No,Cellular,Govt,19876,5
719495958,55,F,2,Graduate,Single,Ny,91750,No,Yes,No,Telephone,Govt,28743,4
719502183,45,M,5,Graduate,Married,Fl,91750,No,No,No,Cellular,Blue-Collar,67040,3
719504433,60,M,1,Uneducated,Married,Ca,91750,No,No,No,Unknown,White-Collar,37336,4
719505483,52,M,3,Graduate,Single,Fl,91750,No,Yes,No,Cellular,Blue-Collar,62267,5
719506983,55,F,3,Graduate,Married,Fl,91750,No,Yes,Yes,Unknown,Selfemployeed,8250,5
719511783,46,M,3,Graduate,Married,Fl,91750,Yes,Yes,No,Telephone,White-Collar,85266,5
719512983,49,F,1,Unknown,Married,Tx,91750,Yes,No,No,Cellular,Retirees,25026,5
719513733,43,F,3,Graduate,Single,Mn,91750,Yes,No,No,Cellular,White-Collar,56187,3
719514783,29,F,1,Uneducated,Married,Ny,91750,No,No,No,Cellular,Selfemployeed,11397,5
719516208,41,F,1,High School,Single,Ny,91750,No,No,No,Cellular,Retirees,25761,5
719517258,62,F,0,Unknown,Single,Tx,91750,Yes,No,No,Cellular,Businessman,40240,3
719518308,52,F,1,Graduate,Unknown,Tx,91750,No,Yes,No,Cellular,Selfemployeed,13109,3
719519058,43,F,2,Graduate,Married,Ny,91750,No,Yes,No,Cellular,Govt,27133,4
719521983,52,F,0,Doctorate,Married,Fl,91750,No,Yes,No,Telephone,Selfemployeed,14975,4
719523108,47,M,4,High School,Single,Ca,91750,Yes,No,No,Cellular,Selfemployeed,55332,5
719524383,46,F,5,Graduate,Married,Tx,91750,No,Yes,No,Cellular,Govt,50370,3
719525358,60,F,1,Graduate,Single,Ma,91750,Yes,No,No,Cellular,Govt,36284,3
719527833,57,F,0,High School,Married,Ak,99504,Yes,No,No,Cellular,Retirees,44339,4
719528958,26,M,1,Graduate,Single,Ny,91750,Yes,Yes,No,Cellular,Govt,51295,4
719530158,44,F,3,Graduate,Married,Tx,91750,Yes,No,No,Cellular,White-Collar,40257,4
719531133,45,F,4,Uneducated,Married,Tx,91750,Yes,No,No,Cellular,White-Collar,59753,5
719532108,34,M,4,Graduate,Single,Ca,91750,No,No,No,Unknown,Blue-Collar,65074,4
719534058,43,M,3,Uneducated,Unknown,Ny,91750,Yes,No,No,Cellular,Govt,59694,3
719535558,51,M,1,Graduate,Single,Tx,91750,No,No,No,Cellular,Govt,51159,4
719536608,29,M,1,Graduate,Single,Ny,91750,Yes,No,No,Telephone,Govt,86688,4
719538183,39,M,1,Post-Graduate,Single,Mi,91750,Yes,No,No,Cellular,White-Collar,50366,5
719539458,39,M,2,Post-Graduate,Married,Ca,91750,No,No,No,Telephone,Govt,95148,5
719543208,57,F,2,High School,Married,Nj,91750,No,No,No,Cellular,White-Collar,42238,4
719545983,44,M,2,Graduate,Married,Ny,91750,No,Yes,No,Cellular,Retirees,78691,4
719547033,47,M,4,Doctorate,Single,Nj,91750,Yes,No,No,Cellular,Businessman,109324,4
719549508,50,M,2,Unknown,Married,Tx,91750,Yes,Yes,No,Cellular,White-Collar,73859,4
719554758,39,F,1,Uneducated,Single,Nj,91750,No,No,No,Cellular,Selfemployeed,14975,4
719555733,49,F,5,Graduate,Single,Mi,91750,No,Yes,No,Cellular,Selfemployeed,14975,4
719556558,49,F,3,Post-Graduate,Married,Nj,91750,No,No,No,Cellular,Govt,46499,5
719557983,44,M,4,Graduate,Married,Ny,91750,No,Yes,No,Cellular,Selfemployeed,61322,5
719562108,51,F,1,Graduate,Married,Ca,91750,Yes,Yes,Yes,Telephone,Blue-Collar,31355,4
719563158,26,F,0,Graduate,Married,Ca,91750,Yes,No,No,Cellular,Selfemployeed,43637,4
719564208,36,F,1,Doctorate,Unknown,Ny,91750,Yes,Yes,Yes,Unknown,Businessman,32125,3
719568333,52,F,2,Graduate,Single,Ny,91750,Yes,Yes,No,Cellular,Selfemployeed,14975,4
719570733,53,M,3,Graduate,Unknown,Tx,91750,No,No,No,Cellular,Selfemployeed,41790,4
719572833,47,M,3,Graduate,Single,Ca,91750,Yes,No,No,Cellular,Blue-Collar,99300,4
719574033,51,F,3,High School,Married,Ny,91750,No,No,No,Unknown,Businessman,210863,4
719577258,45,F,3,Graduate,Married,Ca,91750,Yes,No,Yes,Cellular,White-Collar,18825,5
719580033,47,F,2,Graduate,Single,Nj,91750,No,Yes,No,Cellular,Blue-Collar,10689,4
719582058,42,M,0,High School,Unknown,Ny,91750,Yes,No,No,Cellular,White-Collar,117882,3
719583558,54,M,5,Graduate,Single,Tx,91750,Yes,No,No,Telephone,Blue-Collar,74896,4
719584608,50,F,1,High School,Married,Tx,91750,No,No,No,Cellular,Govt,53874,4
719587158,40,F,3,Graduate,Single,Ca,91750,Yes,No,No,Unknown,White-Collar,29820,3
719590458,41,F,4,Graduate,Single,Nj,91750,No,Yes,No,Cellular,Businessman,34852,4
719591283,38,F,3,Graduate,Single,Fl,91750,No,No,No,Cellular,White-Collar,26985,4
719592483,36,M,1,Uneducated,Married,Tx,91750,No,No,Yes,Cellular,Govt,79802,5
719593608,52,M,1,Unknown,Married,Ca,91750,No,Yes,No,Cellular,White-Collar,105963,5
719594433,63,M,1,High School,Single,Ny,91750,No,Yes,No,Cellular,Blue-Collar,73599,4
719595708,45,F,2,Unknown,Married,Ny,91750,Yes,Yes,No,Cellular,Businessman,206617,3
719596908,51,F,1,Graduate,Single,Ca,91750,Yes,Yes,No,Telephone,Blue-Collar,10655,5
719601708,49,M,3,Graduate,Married,Tx,91750,Yes,No,No,Cellular,Govt,91473,3
719602908,35,F,2,Doctorate,Single,Ca,91750,Yes,No,No,Unknown,Businessman,20977,4
719604858,40,F,3,Graduate,Single,Ny,91750,Yes,No,No,Cellular,Govt,23334,5
719606133,46,M,1,High School,Single,Mi,91750,Yes,No,No,Cellular,Selfemployeed,72966,4
719607183,46,M,4,High School,Married,Fl,91750,Yes,No,No,Cellular,White-Collar,105944,4
719608308,57,F,2,Uneducated,Single,Tx,91750,No,Yes,No,Cellular,Blue-Collar,33613,4
719609433,25,M,3,High School,Married,Ny,91750,Yes,No,No,Cellular,White-Collar,73591,4
719610708,51,F,2,Unknown,Married,Ut,91750,No,Yes,Yes,Cellular,Businessman,181555,4
719612583,47,M,2,Uneducated,Married,Tx,91750,Yes,Yes,No,Cellular,Govt,111325,4
719613783,41,F,2,Doctorate,Married,Tx,91750,No,Yes,Yes,Cellular,Retirees,53810,3
719614758,37,M,2,Uneducated,Unknown,Tx,91750,No,No,No,Cellular,Govt,88711,4
719617758,33,M,2,Doctorate,Married,Ca,91750,No,No,No,Cellular,Retirees,70788,4
719620983,37,M,3,High School,Married,Fl,91750,Yes,No,No,Cellular,Businessman,60777,4
719621958,44,F,3,High School,Married,Ny,91750,No,No,No,Unknown,Selfemployeed,14975,4
719623083,49,M,3,Graduate,Single,Tx,91750,No,No,No,Telephone,Govt,113125,4
719625933,35,M,4,High School,Single,Ny,91750,Yes,Yes,No,Unknown,Govt,109854,3
719627133,60,M,1,High School,Married,Fl,91750,No,No,No,Cellular,Businessman,46326,4
719628033,49,F,4,High School,Single,Ca,91750,No,Yes,No,Cellular,Govt,28213,3
719629308,47,M,3,Unknown,Single,Ca,91750,Yes,No,No,Telephone,Businessman,114707,4
719630358,52,M,2,Unknown,Married,Ny,91750,Yes,No,No,Unknown,Selfemployeed,30798,4
719632683,55,M,1,Uneducated,Single,Ny,91750,No,Yes,No,Cellular,Blue-Collar,65515,4
719633508,50,M,1,High School,Single,Tx,91750,No,Yes,Yes,Cellular,Selfemployeed,82638,3
719634408,60,M,1,Doctorate,Married,Nj,91750,No,No,No,Cellular,White-Collar,132641,4
719647383,48,F,5,Post-Graduate,Married,Fl,91750,Yes,No,No,Unknown,Blue-Collar,19967,4
719648358,40,F,2,Doctorate,Married,Ca,91750,No,Yes,No,Cellular,Selfemployeed,14975,4
719649408,54,F,2,Graduate,Married,Nj,91750,No,No,No,Cellular,Selfemployeed,13135,4
719651358,39,M,3,Graduate,Single,Fl,91750,No,Yes,No,Cellular,White-Collar,50037,4
719653308,50,M,1,Uneducated,Married,Tx,91750,No,No,No,Cellular,Govt,64000,4
719654283,49,M,3,Graduate,Married,Tx,91750,Yes,Yes,No,Cellular,Govt,72385,4
719655258,65,M,0,Doctorate,Single,Fl,91750,No,No,No,Cellular,White-Collar,37140,3
719656533,61,M,1,Uneducated,Single,Fl,91750,No,Yes,No,Cellular,Govt,51888,4
719657583,41,F,5,Graduate,Married,Ca,91750,No,No,No,Unknown,Selfemployeed,25375,4
719658858,43,M,4,High School,Married,Tx,91750,No,No,Yes,Unknown,Govt,101672,4
719659758,34,M,2,Uneducated,Married,Ca,91750,No,No,No,Cellular,Selfemployeed,53178,4
719660658,48,F,2,Graduate,Married,Ca,91750,No,Yes,No,Cellular,White-Collar,22152,4
719661558,41,F,5,High School,Married,Tx,91750,Yes,Yes,No,Telephone,Selfemployeed,14183,4
719662458,57,F,3,Unknown,Single,Ny,91750,No,No,No,Cellular,Selfemployeed,6550,3
719666283,50,F,3,Graduate,Married,Tx,91750,Yes,No,No,Unknown,Blue-Collar,10577,4
719671383,40,F,2,Doctorate,Single,Tx,91750,Yes,No,No,Cellular,Govt,50513,3
719672283,44,F,5,Post-Graduate,Unknown,Tx,91750,No,No,No,Telephone,Selfemployeed,35049,4
719674533,62,F,2,Doctorate,Single,Tx,91750,Yes,No,No,Cellular,Retirees,48384,4
719677758,46,M,3,Uneducated,Married,Tx,91750,Yes,Yes,No,Cellular,Businessman,117015,4
719679858,52,F,2,Graduate,Married,Ca,91750,Yes,Yes,No,Cellular,Selfemployeed,6550,4
719680908,34,M,2,Graduate,Single,Ca,91750,No,No,No,Cellular,Businessman,82832,4
719682183,59,F,0,Graduate,Single,Tx,91750,No,Yes,No,Unknown,White-Collar,19874,4
719683158,49,M,3,Uneducated,Married,Ca,91750,Yes,No,No,Unknown,Selfemployeed,101956,4
719685408,44,F,2,Graduate,Married,Ca,91750,No,No,No,Cellular,Blue-Collar,28669,4
719686458,45,F,3,Unknown,Married,Ut,91750,No,No,No,Cellular,Selfemployeed,18133,3
719688408,33,F,2,Graduate,Single,Tx,91750,Yes,No,No,Cellular,Selfemployeed,38390,5
719690733,55,F,2,Graduate,Married,Tx,91750,Yes,Yes,No,Cellular,Govt,58523,5
719692983,40,F,3,Uneducated,Married,Ny,91750,No,Yes,No,Unknown,Retirees,32067,5
719694408,43,M,3,Uneducated,Single,Ny,91750,No,No,No,Cellular,Businessman,109762,3
719699208,41,M,3,Unknown,Married,Ca,91750,No,No,No,Cellular,Retirees,61766,4
719701383,41,F,3,Graduate,Married,Tx,91750,No,No,No,Unknown,Businessman,161536,4
719703483,58,M,2,Unknown,Married,Ca,91750,No,No,No,Cellular,Selfemployeed,72515,5
719704308,46,F,5,High School,Unknown,Tx,91750,No,Yes,No,Cellular,Blue-Collar,10923,4
719706483,35,F,4,Graduate,Single,Ca,91750,Yes,No,No,Unknown,Selfemployeed,23479,5
719709558,49,M,4,Graduate,Married,Fl,91750,Yes,No,No,Cellular,Selfemployeed,66468,5
719712633,36,F,1,High School,Single,Fl,91750,No,Yes,No,Telephone,Selfemployeed,14975,4
719713683,43,M,3,Graduate,Married,Fl,91750,No,Yes,No,Cellular,Govt,85592,4
719714658,63,M,0,High School,Married,Nj,91750,No,No,No,Cellular,Blue-Collar,97193,5
719716983,35,F,2,Doctorate,Married,Ny,91750,Yes,No,No,Cellular,Selfemployeed,48562,4
719719158,56,F,2,Graduate,Single,Tx,91750,No,Yes,No,Cellular,Businessman,219280,3
719720058,64,F,0,Graduate,Single,Nj,91750,Yes,Yes,No,Cellular,Selfemployeed,13498,4
719722308,33,M,2,Unknown,Married,Tx,91750,Yes,No,No,Cellular,White-Collar,124512,5
719723658,49,M,3,High School,Married,Tx,91750,No,Yes,No,Cellular,Retirees,71721,4
719724933,55,M,2,Uneducated,Married,Nj,91750,No,Yes,No,Cellular,Blue-Collar,60136,4
719728383,42,F,3,Post-Graduate,Married,Mi,91750,Yes,Yes,No,Cellular,Govt,23840,5
719729433,31,F,0,Graduate,Married,Nj,91750,No,No,No,Cellular,Selfemployeed,29359,4
719730258,54,M,1,Graduate,Married,Ca,91750,Yes,No,No,Cellular,Businessman,42757,4
719731458,46,F,3,Graduate,Unknown,Ca,91750,No,Yes,No,Unknown,Selfemployeed,8250,5
719732433,28,M,0,Post-Graduate,Married,Ca,91750,Yes,Yes,Yes,Cellular,Selfemployeed,41836,5
719734533,50,M,2,Doctorate,Married,Ny,91750,No,Yes,No,Cellular,Businessman,85545,4
719737833,52,F,2,Graduate,Married,Ca,91750,No,Yes,No,Cellular,Businessman,15684,3
719739108,52,F,3,Unknown,Single,Il,91750,No,No,No,Unknown,Selfemployeed,47796,4
719740008,50,F,3,High School,Married,Ny,91750,Yes,Yes,No,Cellular,Businessman,30255,5
719740983,53,M,1,High School,Unknown,Ca,91750,No,No,No,Cellular,Govt,117654,3
719742108,42,F,3,Graduate,Single,Ny,91750,No,No,No,Cellular,Govt,26308,4
719745558,40,M,3,High School,Married,Tx,91750,No,No,No,Cellular,Govt,71648,4
719749083,40,F,3,Uneducated,Married,Ca,91750,Yes,Yes,No,Cellular,Selfemployeed,37695,3
719751483,39,F,2,Unknown,Single,Ny,91750,Yes,No,No,Cellular,Businessman,29860,5
719756133,39,F,2,Graduate,Single,Ny,91750,No,Yes,No,Cellular,White-Collar,35759,5
719758758,57,M,2,Graduate,Married,Nj,91750,No,No,No,Cellular,Retirees,85289,4
719759733,42,F,3,High School,Single,Ny,91750,No,Yes,No,Cellular,Selfemployeed,33007,4
719761458,27,M,0,Unknown,Married,Fl,91750,No,Yes,No,Cellular,Govt,57973,5
719767683,49,M,1,Unknown,Single,Fl,91750,No,No,No,Telephone,Businessman,114913,4
719768658,51,F,1,Post-Graduate,Married,Tx,91750,Yes,No,No,Unknown,Businessman,172959,5
719770158,54,F,3,Unknown,Single,Ca,91750,No,Yes,No,Unknown,Govt,23242,5
719772258,30,M,1,High School,Married,Nj,91750,Yes,No,No,Cellular,Selfemployeed,66445,3
719773158,44,M,2,Graduate,Single,Ny,91750,Yes,No,Yes,Cellular,White-Collar,158764,5
719775408,47,M,2,Unknown,Married,Ca,91750,No,Yes,No,Cellular,Retirees,90113,4
719776608,38,F,2,Doctorate,Married,Fl,91750,Yes,Yes,No,Cellular,Selfemployeed,13066,4
719781183,54,F,3,Post-Graduate,Single,Ca,91750,Yes,No,No,Cellular,Retirees,18435,5
719782458,41,F,2,High School,Single,Ny,91750,Yes,No,No,Cellular,Blue-Collar,46695,4
719784708,41,M,4,Graduate,Married,Nj,91750,Yes,No,No,Cellular,Retirees,103521,4
719785683,33,M,2,Graduate,Married,Fl,91750,No,Yes,No,Cellular,Govt,113456,5
719787633,61,M,0,Uneducated,Married,Tx,91750,No,No,No,Cellular,White-Collar,104587,5
719788833,58,F,2,Uneducated,Single,Nj,91750,No,Yes,No,Cellular,Selfemployeed,14975,5
719794383,57,M,3,Graduate,Married,Ny,91750,No,Yes,No,Cellular,Govt,91065,3
719797758,49,M,2,Uneducated,Married,Tx,91750,No,Yes,Yes,Unknown,Businessman,85797,5
719799033,46,F,5,High School,Unknown,Fl,91750,No,No,No,Cellular,Businessman,163690,4
719801508,50,M,1,Graduate,Single,Tx,91750,Yes,Yes,No,Cellular,Retirees,57514,4
719804208,38,M,2,Uneducated,Married,Fl,91750,Yes,Yes,No,Cellular,Businessman,18725,3
719805183,50,F,1,Unknown,Single,Ny,91750,No,Yes,No,Cellular,Businessman,211141,5
719806233,52,F,3,High School,Married,Ny,91750,No,No,No,Telephone,White-Collar,31485,3
719808558,35,F,2,High School,Married,Tx,91750,No,Yes,No,Cellular,Selfemployeed,2565,4
719809533,48,M,2,Graduate,Married,Ny,91750,No,Yes,No,Cellular,Businessman,91981,5
719810583,27,F,0,Graduate,Single,Ca,91750,Yes,Yes,No,Unknown,Selfemployeed,11174,4
719813058,43,M,4,Post-Graduate,Unknown,Ny,91750,Yes,No,No,Cellular,Businessman,110702,4
719815383,46,M,4,Graduate,Married,Fl,91750,Yes,No,No,Cellular,Blue-Collar,94374,5
719816583,49,F,3,Unknown,Married,Tx,91750,Yes,No,No,Cellular,White-Collar,25321,5
719818983,44,F,1,High School,Single,Ca,91750,No,Yes,No,Unknown,Selfemployeed,9535,3
719819958,46,F,3,Unknown,Single,Ca,91750,Yes,No,Yes,Unknown,Blue-Collar,24093,5
719821908,54,F,0,Doctorate,Single,Tx,91750,Yes,Yes,No,Cellular,Retirees,32143,5
719826333,60,M,0,Graduate,Single,Tx,91750,No,Yes,No,Unknown,Retirees,29663,4
719829633,45,M,3,Unknown,Single,Fl,91750,No,Yes,No,Cellular,Businessman,90615,4
719831958,38,F,3,Uneducated,Single,Ca,91750,Yes,No,No,Unknown,Businessman,15899,4
719834208,46,F,2,Uneducated,Unknown,Ca,91750,No,No,No,Cellular,Govt,55744,4
719835033,42,M,3,Uneducated,Married,Fl,91750,Yes,Yes,Yes,Cellular,Retirees,56370,3
719836083,34,F,3,High School,Unknown,Tx,91750,No,No,No,Cellular,Selfemployeed,14975,4
719838558,48,M,3,Graduate,Married,Tx,91750,Yes,No,No,Cellular,White-Collar,103634,5
719841708,49,F,3,Graduate,Single,Fl,91750,Yes,No,No,Unknown,Businessman,204997,3
719843958,51,M,1,High School,Married,Tx,91750,No,Yes,No,Cellular,White-Collar,82609,3
719845908,40,M,3,Graduate,Married,Ca,91750,Yes,No,No,Cellular,Retirees,79037,4
719847108,54,M,1,Unknown,Single,Tx,91750,Yes,Yes,Yes,Cellular,Businessman,111305,5
719848008,53,M,3,High School,Married,Nj,91750,No,No,No,Cellular,Businessman,228768,3
719848908,55,F,1,High School,Single,Ca,91750,No,No,No,Cellular,Govt,49951,5
719849958,34,M,2,High School,Single,Ny,91750,Yes,Yes,No,Cellular,Govt,78008,5
719850933,44,F,3,Doctorate,Single,Ca,91307,No,No,No,Cellular,Businessman,129286,4
719854008,36,F,2,Uneducated,Single,Tx,91750,No,Yes,No,Cellular,Selfemployeed,14975,5
719855958,51,F,2,High School,Married,Ca,91750,Yes,No,No,Cellular,Blue-Collar,36733,5
719857008,57,M,2,High School,Single,Ny,91750,No,Yes,No,Cellular,Blue-Collar,67185,5
719859033,44,M,3,High School,Single,Tx,91750,Yes,Yes,No,Cellular,Blue-Collar,101028,4
719860308,52,F,0,Graduate,Married,Tx,91750,No,No,No,Cellular,Retirees,27120,5
719862258,45,M,4,Graduate,Married,Fl,91750,No,No,Yes,Telephone,Govt,89986,4
719863758,51,F,2,High School,Single,Ca,91750,No,Yes,No,Telephone,Selfemployeed,14975,4
719868183,43,F,3,Graduate,Single,Ca,91750,No,Yes,Yes,Unknown,Businessman,32917,5
719872833,31,F,2,Uneducated,Married,Ca,91750,No,Yes,Yes,Cellular,Businessman,36572,4
719873808,37,F,3,Graduate,Married,Ny,91750,No,Yes,No,Unknown,Retirees,19856,3
719874633,51,F,2,Unknown,Married,Ny,91750,Yes,No,No,Unknown,Blue-Collar,17881,4
719876808,39,F,3,High School,Married,Ca,91750,Yes,Yes,No,Cellular,Selfemployeed,44794,5
719880408,59,M,1,Unknown,Single,Ny,91750,No,No,Yes,Cellular,Govt,46985,4
719881533,46,F,3,Graduate,Married,Ca,91750,Yes,Yes,No,Telephone,Selfemployeed,14975,5
719882583,53,F,3,Unknown,Married,Ny,91750,No,No,No,Cellular,Govt,43996,4
719883858,41,F,3,Graduate,Single,Tx,91750,Yes,Yes,No,Cellular,Blue-Collar,10776,4
719884983,42,M,4,Graduate,Married,Ny,91750,No,Yes,No,Cellular,Retirees,79191,4
719885883,53,F,2,Doctorate,Single,Ca,91750,Yes,No,No,Cellular,Selfemployeed,14975,5
719887008,53,F,3,Graduate,Single,Ca,91750,No,Yes,No,Cellular,Blue-Collar,50822,3
719888358,44,F,1,Unknown,Married,Ny,91750,No,Yes,No,Cellular,Blue-Collar,32089,3
719889408,43,F,3,Unknown,Single,Ca,91750,Yes,Yes,No,Telephone,Selfemployeed,14975,3
719894433,28,F,0,Unknown,Single,Ca,91750,No,Yes,No,Cellular,White-Collar,28470,4
719898108,59,M,1,Graduate,Single,Tx,91750,Yes,Yes,No,Unknown,Govt,98001,4
719900733,43,F,2,High School,Married,Mi,91750,Yes,Yes,No,Cellular,White-Collar,178027,4
719902908,28,F,1,Graduate,Single,Nv,91750,Yes,No,No,Cellular,Blue-Collar,13999,3
719904333,59,F,0,Graduate,Married,Ca,91750,Yes,No,No,Unknown,White-Collar,23881,4
719905908,42,F,2,Uneducated,Married,Tx,91750,No,No,No,Cellular,Selfemployeed,14975,4
719910333,38,F,5,Graduate,Married,Ca,91750,No,No,No,Cellular,Govt,39211,3
719911458,53,M,3,High School,Single,Tx,91750,No,Yes,No,Cellular,White-Collar,60151,5
719912808,60,F,0,Unknown,Single,Ca,91750,No,No,No,Cellular,Blue-Collar,56530,3
719913783,52,F,0,High School,Single,Tx,91750,Yes,No,No,Cellular,White-Collar,134967,5
719914908,44,F,5,Graduate,Married,Ny,91750,Yes,Yes,No,Cellular,Selfemployeed,14975,4
719916408,48,F,2,Graduate,Married,Nj,91750,No,Yes,No,Unknown,White-Collar,17086,4
719917233,35,F,2,Graduate,Married,Nj,91750,No,No,No,Cellular,Selfemployeed,16536,3
719918358,48,M,3,Graduate,Single,Ny,91750,Yes,Yes,No,Unknown,Govt,107920,4
719922558,51,M,3,Graduate,Married,Tx,91750,No,Yes,No,Cellular,Govt,98186,3
719924433,42,M,2,Graduate,Married,Pa,91750,No,Yes,No,Cellular,White-Collar,131612,4
719925483,37,M,3,Unknown,Married,Ny,91750,Yes,Yes,Yes,Cellular,Businessman,67224,5
719926683,46,M,2,High School,Unknown,Tx,91750,No,Yes,No,Cellular,Selfemployeed,76723,4
719929758,34,F,2,High School,Single,Ca,91750,No,Yes,No,Cellular,Govt,34446,5
719930658,52,F,2,Uneducated,Married,Ny,91750,Yes,Yes,Yes,Unknown,Retirees,37585,4
719934783,43,M,3,Unknown,Single,Ny,91750,No,Yes,No,Cellular,Businessman,179419,4
719940483,52,M,2,Graduate,Married,Ny,91750,No,Yes,No,Cellular,Businessman,80811,5
719941533,53,F,1,High School,Married,Ny,91750,No,Yes,No,Cellular,Businessman,232729,5
719942883,54,F,3,High School,Single,Tx,91750,Yes,Yes,No,Unknown,Selfemployeed,6550,3
719944458,41,M,5,Uneducated,Single,Ny,91750,No,Yes,Yes,Telephone,Businessman,119754,4
719945433,61,F,0,Graduate,Married,Ny,91750,Yes,No,No,Cellular,Businessman,15909,4
719947533,50,M,2,Unknown,Married,Fl,91750,No,No,No,Cellular,Businessman,69653,4
719951208,35,F,5,High School,Married,Fl,91750,No,No,No,Cellular,Businessman,59272,4
719952408,50,F,3,Uneducated,Unknown,Fl,91750,No,Yes,No,Unknown,Blue-Collar,17425,3
719953383,44,M,4,Graduate,Single,Ny,91750,No,No,No,Cellular,Blue-Collar,68867,5
719954733,42,M,5,High School,Married,Tx,91750,No,No,No,Cellular,Blue-Collar,62422,5
719955558,56,F,3,Graduate,Married,Fl,91750,No,Yes,No,Unknown,Businessman,168550,4
719960133,59,M,0,Uneducated,Single,Fl,91750,Yes,No,No,Cellular,Govt,45040,5
719961183,40,F,3,Graduate,Married,Ca,91750,Yes,Yes,No,Unknown,Selfemployeed,14975,5
719962458,54,M,2,Unknown,Married,Ca,91750,Yes,No,No,Cellular,Selfemployeed,82309,3
719963433,40,F,3,Graduate,Unknown,Ca,91750,No,No,No,Cellular,Businessman,40244,4
719964933,55,M,2,Uneducated,Single,Tx,91750,Yes,No,Yes,Cellular,Blue-Collar,68262,3
719967708,40,F,3,Graduate,Single,Ca,91750,No,Yes,No,Cellular,Blue-Collar,39161,4
719971458,37,M,0,High School,Single,Ny,91750,No,No,No,Cellular,Selfemployeed,53833,5
719973033,42,M,1,Graduate,Married,Nj,91750,Yes,No,No,Cellular,Selfemployeed,67186,5
719976558,47,F,5,Graduate,Single,Fl,91750,Yes,Yes,No,Cellular,Businessman,17684,5
719978583,54,F,3,Uneducated,Single,Ny,91750,No,Yes,No,Cellular,Businessman,35971,4
719981508,52,F,3,High School,Married,Fl,91750,No,No,No,Cellular,Businessman,30056,5
719986758,65,F,0,Uneducated,Single,Ny,91750,No,No,No,Cellular,White-Collar,30145,5
719987733,33,F,3,High School,Married,Ca,91750,No,Yes,No,Cellular,Blue-Collar,16957,4
719989008,60,F,0,Doctorate,Married,Tx,91750,No,No,No,Cellular,Selfemployeed,6550,3
719990358,51,M,1,Graduate,Single,Fl,91750,No,No,No,Cellular,Businessman,71350,4
719991783,44,F,1,Uneducated,Single,Il,91750,Yes,Yes,Yes,Cellular,Blue-Collar,39739,5
719995008,57,M,1,High School,Married,Nj,91750,No,No,No,Cellular,Businessman,90275,4
719996958,46,F,2,Graduate,Single,Tx,91750,Yes,No,Yes,Cellular,Blue-Collar,23536,5
719998233,52,F,3,Uneducated,Married,Ca,91750,No,No,Yes,Cellular,Selfemployeed,33596,4
719999508,50,F,3,High School,Single,Ny,91750,No,No,No,Cellular,Blue-Collar,27482,3
720000708,39,F,2,Unknown,Married,Ca,91750,No,Yes,Yes,Telephone,Blue-Collar,33705,4
720001758,51,M,4,Uneducated,Single,Ca,90250,Yes,Yes,No,Cellular,White-Collar,133239,3
720003558,54,M,3,Graduate,Single,Hi,91750,No,No,No,Telephone,Blue-Collar,100396,4
720006333,49,M,1,Graduate,Married,Ak,99504,Yes,No,No,Cellular,Selfemployeed,66676,4
720007383,44,F,4,Graduate,Single,Tx,91750,Yes,Yes,No,Cellular,Selfemployeed,2565,5
720008133,58,F,2,High School,Married,Ny,91750,No,Yes,No,Cellular,Govt,50897,3
720009558,65,M,1,Graduate,Married,Fl,91750,Yes,No,No,Cellular,Retirees,30092,3
720010608,48,F,3,Doctorate,Single,Ny,91750,No,No,No,Unknown,Selfemployeed,24097,5
720011958,53,F,5,Graduate,Single,Tx,91750,No,No,No,Telephone,Businessman,223058,5
720013083,45,F,4,Graduate,Married,Ca,91750,No,Yes,No,Cellular,Selfemployeed,35804,5
720014358,33,F,0,Uneducated,Single,Ny,91750,No,No,No,Cellular,Blue-Collar,47759,5
720015183,36,M,2,Graduate,Married,Fl,91750,No,Yes,No,Cellular,Govt,70487,5
720016308,40,F,4,High School,Married,Ny,91750,Yes,No,No,Cellular,White-Collar,53422,3
720017958,35,F,0,Unknown,Married,Ca,90250,No,No,No,Cellular,Businessman,156790,5
720026058,36,F,2,Uneducated,Married,Ny,91750,Yes,Yes,No,Unknown,Selfemployeed,38315,5
720027258,51,M,2,Unknown,Unknown,Ny,91750,No,No,No,Cellular,Selfemployeed,88419,4
720028683,46,F,4,Graduate,Single,Tx,91750,No,Yes,No,Telephone,Blue-Collar,42427,3
720029508,53,F,2,Graduate,Married,Ca,91750,Yes,No,Yes,Cellular,Selfemployeed,50270,5
720031908,49,F,4,Doctorate,Single,Ca,91730,Yes,Yes,No,Cellular,Selfemployeed,57829,4
720033033,46,M,1,Unknown,Single,Nj,91750,No,No,No,Unknown,White-Collar,132716,3
720034983,49,F,2,Uneducated,Single,Ca,91750,No,Yes,No,Cellular,Selfemployeed,55575,4
720040158,51,M,2,High School,Single,Ny,91750,Yes,No,No,Cellular,Retirees,71873,5
720043533,32,M,1,Unknown,Single,Tx,91750,No,No,Yes,Cellular,White-Collar,53813,4
720044658,47,F,4,Uneducated,Single,Fl,91750,Yes,No,No,Cellular,Govt,31803,5
720046458,45,M,4,Graduate,Single,Nv,91750,Yes,Yes,No,Cellular,White-Collar,65071,5
720049083,54,F,2,Unknown,Single,Ca,91750,No,No,No,Unknown,Businessman,26159,5
720050208,53,F,1,Graduate,Single,Fl,91750,No,No,No,Cellular,Blue-Collar,23948,4
720054183,46,M,5,Graduate,Single,Tx,91750,No,Yes,No,Cellular,Govt,93802,4
720057183,50,F,2,Unknown,Single,Ca,91750,Yes,No,No,Cellular,Govt,37118,3
720062508,43,F,3,Unknown,Unknown,Ny,91750,No,Yes,No,Unknown,Selfemployeed,29182,5
720064158,47,F,1,High School,Unknown,Nj,91750,No,No,No,Cellular,Blue-Collar,57781,3
720067083,39,F,1,Unknown,Single,Fl,91750,Yes,Yes,No,Cellular,Blue-Collar,44821,4
720068808,32,M,3,Graduate,Married,Fl,91750,No,Yes,No,Unknown,White-Collar,44739,5
720070383,54,M,2,Uneducated,Married,Ny,91750,No,Yes,No,Cellular,Govt,77776,3
720071583,36,F,1,High School,Single,Fl,91750,No,Yes,No,Unknown,Selfemployeed,2565,5
720072933,52,M,2,Graduate,Married,Nv,91750,No,No,No,Cellular,Businessman,77166,3
720074583,50,M,1,Graduate,Single,Tx,91750,No,Yes,No,Cellular,White-Collar,103246,3
720075558,39,F,1,Uneducated,Single,Ny,91750,Yes,No,No,Cellular,White-Collar,43422,5
720076458,55,F,0,Graduate,Married,Ny,91750,Yes,No,No,Cellular,Selfemployeed,11971,3
720079758,51,M,1,High School,Single,Nj,91750,No,No,Yes,Cellular,Govt,96998,4
720084183,44,F,3,Graduate,Single,Fl,91750,No,Yes,No,Cellular,Govt,34259,3
720085233,40,F,2,Graduate,Single,Nj,91750,Yes,No,No,Unknown,Selfemployeed,22789,4
720086358,36,M,3,High School,Single,Il,91750,No,No,No,Cellular,Businessman,169695,4
720087708,40,M,2,Graduate,Single,Ny,91750,Yes,Yes,No,Cellular,White-Collar,96900,4
720091083,40,M,2,Graduate,Single,Fl,91750,No,No,No,Cellular,Govt,50184,4
720092283,52,F,1,Post-Graduate,Single,Ia,91750,Yes,Yes,No,Unknown,Businessman,59653,3
720093333,49,M,2,Graduate,Unknown,Ny,91750,No,Yes,No,Cellular,Govt,81559,4
720096558,50,F,2,Uneducated,Married,Nj,91750,Yes,No,No,Cellular,Selfemployeed,14975,4
720099708,37,M,4,High School,Married,Ut,91750,No,No,No,Cellular,Govt,75217,4
720101658,32,M,3,Graduate,Married,Ny,91750,No,No,No,Cellular,Selfemployeed,70993,3
720105933,43,M,2,High School,Married,Ca,90025,Yes,Yes,No,Cellular,Businessman,207950,4
720108783,46,F,3,Uneducated,Married,Ca,91750,Yes,No,Yes,Cellular,Retirees,57953,4
720113433,50,F,3,Graduate,Single,Nv,91750,No,Yes,No,Unknown,Retirees,21122,4
720114633,36,M,3,High School,Single,Ny,91750,No,No,No,Cellular,Businessman,91718,3
720115683,46,F,4,High School,Unknown,Ny,91750,Yes,Yes,No,Cellular,Selfemployeed,15551,4
720118908,51,F,2,High School,Married,Ca,91750,No,No,Yes,Cellular,Govt,37792,4
720119808,54,F,1,Graduate,Single,Ca,91750,No,No,No,Unknown,White-Collar,36506,4
720122808,62,F,0,High School,Single,Ca,91750,No,No,No,Telephone,Selfemployeed,2565,4
720124758,46,F,1,High School,Married,Ca,91750,No,Yes,No,Unknown,Selfemployeed,24033,4
720126033,56,M,3,High School,Married,Ny,91750,Yes,No,Yes,Cellular,Blue-Collar,74014,4
720128658,53,M,3,Graduate,Single,Tx,91750,No,Yes,No,Unknown,Govt,117476,4
720130233,57,F,2,High School,Married,Nj,91750,Yes,Yes,No,Cellular,Selfemployeed,29407,4
720132258,59,F,0,Graduate,Married,Fl,91750,No,No,No,Unknown,Retirees,37209,3
720133908,38,M,2,High School,Married,Fl,91750,No,Yes,Yes,Telephone,Retirees,53606,4
720135333,45,F,1,Graduate,Married,Tx,91750,Yes,No,No,Unknown,Govt,15035,4
720136458,33,M,2,Unknown,Single,Ny,91750,No,Yes,No,Cellular,Businessman,152151,4
720141408,26,F,1,Graduate,Single,Ca,91750,Yes,Yes,No,Cellular,Selfemployeed,6550,4
720142308,41,F,1,Graduate,Single,Ny,91750,No,No,No,Cellular,Govt,26166,4
720145683,26,F,2,High School,Single,Ny,91750,No,No,No,Unknown,Selfemployeed,14975,4
720146733,59,F,0,Graduate,Married,Ca,91750,No,Yes,No,Cellular,Selfemployeed,50643,4
720147633,47,F,3,Graduate,Married,Ca,91750,Yes,Yes,No,Cellular,Blue-Collar,19140,4
720148983,31,F,1,Unknown,Single,Nv,91750,No,No,No,Cellular,Selfemployeed,14975,3
720150858,48,F,5,Doctorate,Married,Ca,91750,No,No,No,Unknown,Selfemployeed,33627,4
720152058,36,M,2,High School,Married,Fl,91750,No,No,No,Cellular,White-Collar,87943,4
720153258,53,F,1,Graduate,Married,Tx,91750,No,Yes,No,Unknown,Govt,34719,3
720154533,42,M,4,High School,Unknown,Fl,91750,No,No,No,Cellular,Blue-Collar,91838,3
720155583,46,M,4,Uneducated,Single,Nj,91750,Yes,No,No,Cellular,White-Collar,95220,4
720158208,48,F,2,Graduate,Married,Ny,91750,Yes,Yes,No,Cellular,Blue-Collar,20865,4
720163458,39,F,2,High School,Single,Ca,91615,No,Yes,No,Unknown,Businessman,172440,4
720164358,47,M,5,Graduate,Single,Tx,91750,No,No,No,Cellular,Blue-Collar,76701,5
720165258,47,M,4,Uneducated,Single,Ca,91750,No,No,No,Cellular,Selfemployeed,98451,3
720167508,54,M,3,High School,Single,Fl,91750,No,Yes,No,Unknown,Businessman,105974,3
720168558,46,M,2,Graduate,Married,Nj,91750,No,Yes,No,Cellular,White-Collar,82743,4
720169383,41,F,1,Uneducated,Married,Ca,91750,Yes,No,No,Cellular,Businessman,40801,5
720171033,41,F,2,Graduate,Unknown,Fl,91750,No,No,No,Cellular,Retirees,47641,3
720174033,40,M,2,Graduate,Married,Tx,91750,No,Yes,No,Cellular,White-Collar,120806,4
720175008,34,M,0,High School,Married,Nj,91750,Yes,No,No,Cellular,Businessman,48885,3
720178158,49,M,3,Uneducated,Married,Nv,91750,No,No,No,Cellular,White-Collar,100042,5
720179883,30,F,1,Graduate,Married,Fl,91750,No,Yes,No,Cellular,Selfemployeed,8250,5
720180633,40,F,4,Unknown,Married,Tx,91750,Yes,No,No,Cellular,Businessman,51104,3
720181758,44,F,5,High School,Single,Tx,91750,No,Yes,No,Cellular,Selfemployeed,2565,5
720182658,56,M,3,Graduate,Married,Tx,91750,No,Yes,No,Cellular,Retirees,64277,5
720185058,57,F,2,Uneducated,Married,Ca,91750,Yes,Yes,No,Cellular,Selfemployeed,5525,3
720186258,59,M,1,Graduate,Married,Ca,91750,No,No,Yes,Cellular,Govt,51407,5
720188508,43,M,5,Graduate,Unknown,Ca,91750,Yes,No,No,Cellular,Selfemployeed,49479,5
720190083,38,F,0,High School,Single,Ny,91750,Yes,No,No,Cellular,Govt,28745,5
720190908,49,M,2,Uneducated,Married,Ny,91750,No,Yes,No,Cellular,White-Collar,74653,5
720191883,60,F,2,High School,Married,Nj,91750,Yes,No,No,Unknown,Blue-Collar,10524,4
720193533,46,F,4,Post-Graduate,Married,Ny,91750,No,Yes,No,Cellular,White-Collar,36662,4
720196158,40,F,2,Graduate,Unknown,Ny,91750,Yes,Yes,No,Unknown,Govt,36592,3
720197058,40,F,2,High School,Single,Ca,91750,No,No,No,Unknown,Govt,28672,5
720198183,37,M,3,Uneducated,Unknown,Tx,91750,Yes,No,No,Cellular,Govt,110128,3
720201033,34,F,1,High School,Single,Ca,91750,No,No,No,Cellular,Selfemployeed,1250,4
720202008,52,F,1,High School,Married,Tx,91750,No,Yes,Yes,Cellular,Govt,59555,4
720204558,48,M,3,Post-Graduate,Married,Nv,91750,No,Yes,No,Cellular,Businessman,70158,4
720205608,52,M,2,High School,Single,Ia,91750,Yes,No,No,Cellular,Retirees,64902,4
720206658,35,F,4,Graduate,Single,Ca,91750,Yes,Yes,No,Cellular,Blue-Collar,16293,4
720210483,44,M,2,Uneducated,Married,Ca,91750,No,Yes,No,Cellular,Govt,91441,5
720211533,30,M,0,Unknown,Single,Ny,91750,Yes,Yes,Yes,Unknown,White-Collar,75048,5
720212508,55,F,2,Graduate,Married,Fl,91750,No,Yes,No,Cellular,Retirees,36382,5
720214833,36,F,1,High School,Single,Nj,91750,No,No,No,Cellular,Blue-Collar,10475,5
720216108,53,F,1,Graduate,Single,Fl,91750,Yes,No,No,Cellular,Businessman,30575,3
720218658,38,M,3,Post-Graduate,Married,Ca,91750,Yes,Yes,No,Telephone,Blue-Collar,65595,5
720219633,50,F,0,Uneducated,Single,Tx,91750,Yes,Yes,No,Cellular,White-Collar,50493,4
720228708,45,F,3,Unknown,Single,Ny,91750,Yes,Yes,No,Cellular,Selfemployeed,11508,4
720231108,44,F,2,Graduate,Unknown,Nv,91750,No,Yes,No,Cellular,Govt,34325,4
720234708,42,F,4,High School,Single,Fl,91750,Yes,Yes,No,Cellular,Businessman,27340,4
720235608,38,M,1,Graduate,Married,Ca,91750,No,Yes,No,Cellular,Govt,64120,5
720236433,38,M,1,Unknown,Married,Tx,91750,Yes,Yes,No,Cellular,Selfemployeed,59642,4
720237408,53,F,2,High School,Single,Tx,91750,No,Yes,Yes,Unknown,Businessman,193515,5
720241758,51,F,2,Unknown,Single,Ny,91750,No,No,No,Cellular,Blue-Collar,13406,5
720242733,37,F,2,Graduate,Single,Tx,91750,No,No,No,Telephone,Selfemployeed,40969,5
720243933,48,F,2,Unknown,Single,Ca,91750,No,No,No,Cellular,White-Collar,32474,4
720244983,37,M,2,Uneducated,Single,Fl,91750,No,Yes,No,Telephone,Selfemployeed,14975,4
720247158,51,M,4,High School,Single,Tx,91750,Yes,No,No,Cellular,Govt,42224,5
720248208,45,F,4,Graduate,Married,Pa,91750,No,Yes,No,Cellular,Selfemployeed,14975,4
720249183,38,M,0,Uneducated,Married,Nj,91750,Yes,Yes,No,Cellular,Blue-Collar,65653,5
720250158,39,F,4,Unknown,Married,Tx,91750,No,Yes,No,Cellular,Selfemployeed,14975,3
720251358,29,F,1,Uneducated,Single,Ca,91750,No,No,No,Unknown,Selfemployeed,25512,3
720252858,45,F,4,Unknown,Married,Tx,91750,No,Yes,Yes,Cellular,Selfemployeed,36975,3
720253908,44,F,4,Doctorate,Married,Ny,91750,Yes,Yes,No,Unknown,Selfemployeed,14975,5
720254883,47,F,1,Uneducated,Married,Ny,91750,Yes,Yes,Yes,Cellular,Retirees,28533,4
720256158,39,F,2,High School,Married,Nj,91750,Yes,Yes,No,Cellular,Retirees,56287,4
720258183,57,M,1,Graduate,Single,Nj,91750,No,No,No,Cellular,White-Collar,99250,4
720259308,64,F,0,High School,Married,Ny,91750,Yes,No,No,Cellular,Govt,45433,3
720260433,57,M,1,Graduate,Married,Nj,91750,Yes,No,No,Unknown,Businessman,100206,4
720264783,53,F,2,Unknown,Single,Ca,91750,No,Yes,No,Unknown,Blue-Collar,13984,5
720267033,49,F,2,Uneducated,Married,Fl,91750,Yes,No,No,Cellular,Businessman,26321,4
720269283,53,F,1,Graduate,Married,Ny,91750,Yes,No,No,Cellular,Blue-Collar,58849,4
720270633,59,M,0,Graduate,Married,Nj,91750,Yes,No,No,Unknown,Retirees,31726,4
720272958,39,F,2,Graduate,Married,Nj,91750,No,Yes,No,Cellular,Selfemployeed,5525,5
720274158,56,F,2,High School,Single,Fl,91750,No,Yes,Yes,Cellular,Selfemployeed,44228,4
720275358,36,F,2,High School,Single,Nj,91750,No,No,No,Unknown,White-Collar,28308,3
720281508,57,M,2,Post-Graduate,Married,Ca,91750,No,No,Yes,Cellular,Selfemployeed,71618,5
720282558,47,F,3,Graduate,Unknown,Ny,91750,Yes,Yes,No,Unknown,Blue-Collar,33207,4
720283758,60,F,1,Graduate,Married,Tx,91750,Yes,No,No,Cellular,Blue-Collar,15687,3
720286908,49,M,3,Graduate,Single,Tx,91750,No,Yes,No,Cellular,White-Collar,40303,5
720289533,38,M,3,Graduate,Single,Ny,91750,Yes,No,No,Cellular,Blue-Collar,67650,4
720292983,44,M,4,Unknown,Unknown,Ca,91750,No,Yes,No,Cellular,Govt,86177,4
720294258,39,M,4,Post-Graduate,Single,Ca,91750,Yes,No,No,Cellular,Govt,72094,4
720296808,51,F,1,Doctorate,Single,Ny,91750,Yes,Yes,No,Unknown,Selfemployeed,29581,4
720299283,43,F,5,Unknown,Single,Ca,91750,No,No,No,Cellular,Retirees,59696,4
720301458,27,F,0,Graduate,Married,Fl,91750,Yes,Yes,No,Cellular,Blue-Collar,34145,4
720302883,43,M,3,High School,Single,Ny,91750,Yes,No,No,Cellular,White-Collar,69649,4
720303933,49,M,3,High School,Single,Fl,91750,No,Yes,Yes,Telephone,Businessman,66871,4
720306408,40,M,2,Uneducated,Married,Tx,91750,No,Yes,No,Cellular,Businessman,119833,5
720307683,47,M,3,High School,Single,Ca,91750,No,Yes,No,Cellular,Govt,64729,3
720310458,51,F,2,Doctorate,Single,Tx,91750,Yes,Yes,No,Cellular,Selfemployeed,14975,4
720313083,33,F,1,Graduate,Single,Ca,91750,No,No,No,Unknown,Selfemployeed,31066,5
720314583,49,F,2,Graduate,Unknown,Ca,91750,Yes,No,No,Unknown,Selfemployeed,11078,3
720315933,46,M,2,Unknown,Single,Ca,91750,Yes,No,No,Cellular,Businessman,94339,5
720317658,37,M,3,Unknown,Single,Tx,91750,Yes,Yes,No,Unknown,Govt,108936,3
720322008,34,M,2,High School,Married,Nj,91750,No,No,No,Cellular,Businessman,68392,4
720323208,43,M,3,Unknown,Single,Tx,91750,No,No,No,Cellular,White-Collar,88342,4
720326733,45,F,4,Graduate,Married,Tx,91750,Yes,Yes,No,Cellular,Businessman,41674,5
720328008,35,M,0,Unknown,Single,Ca,91750,Yes,No,No,Cellular,Selfemployeed,66572,4
720328983,44,M,4,Graduate,Single,Ca,91750,No,Yes,No,Cellular,White-Collar,105677,5
720330558,49,F,4,Graduate,Single,Ny,91750,Yes,Yes,No,Cellular,Selfemployeed,20674,5
720333783,41,F,1,Graduate,Single,Ca,91750,Yes,Yes,No,Cellular,Govt,42860,5
720334833,49,M,1,High School,Unknown,Ca,91750,Yes,No,No,Telephone,Businessman,75363,4
720336708,46,F,5,High School,Married,Ca,91750,No,Yes,No,Cellular,Selfemployeed,14975,3
720338658,39,F,2,Uneducated,Married,Ny,91750,Yes,No,No,Cellular,Govt,34138,5
720339558,55,F,2,Unknown,Single,Tx,91750,Yes,Yes,No,Cellular,Selfemployeed,44386,3
720340383,53,M,1,High School,Unknown,Ny,91750,No,No,Yes,Cellular,Blue-Collar,48186,4
720344658,51,F,0,High School,Married,Ia,91750,Yes,No,No,Unknown,Selfemployeed,14975,5
720348933,40,F,1,Graduate,Married,Ny,91750,No,No,No,Unknown,Selfemployeed,34484,3
720349983,50,M,4,Graduate,Married,Tx,91750,Yes,Yes,No,Cellular,Selfemployeed,70053,4
720352533,65,M,2,Graduate,Married,Ca,91750,No,No,No,Unknown,Selfemployeed,14975,3
720353808,53,M,3,Graduate,Unknown,Ca,91750,Yes,Yes,No,Cellular,White-Collar,118167,3
720356133,38,F,2,Uneducated,Single,Ny,91750,No,Yes,No,Cellular,Businessman,186219,5
720357483,44,M,3,High School,Single,Fl,91750,No,No,No,Cellular,Selfemployeed,50623,5
720362058,59,F,2,Uneducated,Married,Ca,91750,Yes,Yes,No,Cellular,Businessman,18834,5
720363258,47,F,3,Post-Graduate,Single,Tx,91750,No,Yes,No,Cellular,Retirees,47446,4
720364158,37,M,3,Graduate,Unknown,Nj,91750,No,Yes,Yes,Cellular,Retirees,57524,5
720370533,27,F,1,Graduate,Single,Fl,91750,No,No,No,Cellular,Selfemployeed,2565,3
720371733,50,F,1,Uneducated,Single,Ca,91750,No,Yes,No,Cellular,Govt,13246,5
720372483,46,M,3,Unknown,Single,Ca,90275,Yes,No,No,Telephone,Businessman,177447,4
720374808,43,M,3,Graduate,Unknown,Fl,91750,No,Yes,No,Cellular,Selfemployeed,72300,4
720376008,41,F,3,Graduate,Married,Tx,91750,Yes,Yes,Yes,Cellular,Govt,20630,5
720377433,47,M,2,Graduate,Married,Ny,91750,No,No,No,Cellular,Retirees,70048,5
720379533,35,F,3,Unknown,Single,Ny,91750,Yes,No,No,Cellular,Selfemployeed,21036,5
720384633,42,F,1,High School,Married,Fl,91750,Yes,No,No,Cellular,Blue-Collar,37026,5
720385608,46,M,2,Graduate,Single,Tx,91750,Yes,Yes,No,Cellular,Businessman,161669,4
720389283,57,M,2,Unknown,Married,Tx,91750,Yes,Yes,No,Cellular,Selfemployeed,89310,4
720392433,54,F,3,Graduate,Single,Ca,91750,No,No,No,Unknown,Govt,17365,5
720398958,41,F,5,High School,Married,Ny,91750,No,Yes,No,Cellular,Selfemployeed,58258,5
720401658,51,F,1,Graduate,Married,Tx,91750,No,Yes,No,Unknown,White-Collar,19657,4
720403008,56,M,3,High School,Married,Ny,91750,No,Yes,No,Cellular,Selfemployeed,85405,3
720406233,56,F,1,High School,Married,Tx,91750,No,Yes,No,Unknown,Businessman,15454,5
720408708,67,M,0,Graduate,Married,Ny,91750,No,No,No,Cellular,Govt,50508,4
720409608,39,F,3,Graduate,Married,Fl,91750,Yes,Yes,No,Unknown,Selfemployeed,14975,4
720411183,35,F,3,Graduate,Single,Tx,91750,No,Yes,No,Unknown,Blue-Collar,34341,4
720412308,45,M,5,Graduate,Married,Tx,91750,Yes,No,No,Cellular,Govt,105595,5
720413658,39,F,3,High School,Married,Fl,91750,No,No,Yes,Cellular,Businessman,199942,4
720414558,41,M,3,High School,Married,Tx,91750,No,No,No,Cellular,Govt,79829,5
720415833,46,M,0,Graduate,Single,Ca,90025,No,No,No,Telephone,Businessman,183271,4
720418383,46,M,3,Unknown,Single,Tx,91750,Yes,No,Yes,Telephone,White-Collar,81387,4
720419358,38,M,2,High School,Single,Ny,91750,No,No,No,Cellular,Selfemployeed,68239,4
720422358,44,M,3,High School,Married,Fl,91750,Yes,No,No,Cellular,White-Collar,104014,3
720424608,50,F,3,Uneducated,Married,Ny,91750,No,Yes,No,Cellular,Selfemployeed,12150,4
720425508,59,M,0,Unknown,Unknown,Fl,91750,No,Yes,No,Cellular,Businessman,116337,5
720426708,33,F,1,High School,Married,Tx,91750,No,No,No,Cellular,Selfemployeed,2565,5
720427683,36,F,3,Unknown,Married,Fl,91750,No,No,No,Unknown,Blue-Collar,22948,4
720430083,49,F,2,Unknown,Single,Ny,91750,No,Yes,No,Cellular,Govt,45150,4
720431433,37,F,2,High School,Single,Fl,91750,Yes,No,No,Cellular,Blue-Collar,13307,5
720432858,44,F,3,Graduate,Married,Ca,91750,No,Yes,No,Telephone,Retirees,37713,3
720436008,51,F,3,Graduate,Single,Ca,91750,Yes,No,Yes,Cellular,Businessman,53335,5
720437358,44,F,2,Post-Graduate,Married,Ny,91750,Yes,No,No,Unknown,Govt,39222,3
720439533,54,M,0,High School,Single,Ny,91750,No,No,No,Cellular,Govt,86985,4
720440583,39,F,2,Graduate,Married,Ca,91750,Yes,Yes,No,Cellular,White-Collar,18620,3
720443358,46,M,3,Graduate,Married,Fl,91750,Yes,No,No,Cellular,Selfemployeed,101393,5
720444408,52,F,2,Graduate,Married,Nj,91750,Yes,Yes,No,Cellular,Blue-Collar,30135,5
720445533,34,F,2,Unknown,Single,Nj,91750,Yes,No,No,Unknown,Selfemployeed,11114,4
720446508,44,F,3,Uneducated,Single,Ny,91750,Yes,Yes,No,Cellular,Businessman,31413,5
720449208,36,M,3,Graduate,Single,Ca,91750,No,Yes,No,Telephone,Businessman,76929,5
720450108,38,F,2,Uneducated,Single,Ca,91750,Yes,Yes,No,Cellular,Selfemployeed,14975,4
720452508,49,F,2,Doctorate,Married,Ny,91750,No,Yes,No,Cellular,Blue-Collar,43625,5
720454158,46,F,2,Graduate,Unknown,Fl,91750,No,Yes,No,Cellular,Govt,32915,4
720457608,32,M,1,Unknown,Married,Fl,91750,Yes,No,No,Cellular,Retirees,57021,3
720458883,40,F,2,Graduate,Married,Tx,91750,Yes,No,No,Unknown,Businessman,172584,4
720460083,50,F,4,Uneducated,Single,Ca,91750,No,No,No,Cellular,Businessman,23366,3
720462633,34,F,3,Graduate,Single,Tx,91750,No,Yes,No,Unknown,Selfemployeed,16520,5
720463833,48,M,3,Unknown,Single,Tx,91750,Yes,Yes,No,Cellular,Businessman,90148,4
720466383,30,F,0,High School,Single,Fl,91750,Yes,Yes,No,Cellular,Selfemployeed,9535,3
720467583,54,F,3,Graduate,Single,Nv,91750,No,Yes,No,Cellular,Businessman,34567,5
720470133,44,M,4,Unknown,Single,Nj,91750,No,Yes,No,Cellular,Retirees,69275,5
720471108,49,M,3,High School,Married,Fl,91750,No,No,No,Cellular,Businessman,119902,3
720473433,50,M,2,Graduate,Married,Fl,91750,Yes,Yes,No,Cellular,Govt,87179,5
720474408,55,M,3,Uneducated,Single,Ny,91750,No,Yes,No,Telephone,Blue-Collar,114260,5
720475233,32,M,0,Graduate,Single,Fl,91750,Yes,Yes,No,Cellular,Selfemployeed,14975,5
720476733,40,F,5,Unknown,Single,Ca,91750,No,No,No,Cellular,Selfemployeed,5525,5
720479058,53,F,1,Uneducated,Married,Ny,91750,No,No,No,Cellular,Govt,59625,4
720480183,57,M,3,Doctorate,Married,Ny,91750,Yes,No,No,Cellular,Blue-Collar,83009,5
720482583,59,M,1,Unknown,Married,Ca,91750,No,No,Yes,Cellular,White-Collar,70220,4
720484908,32,F,0,High School,Single,Tx,91750,No,No,No,Telephone,Selfemployeed,14975,5
720486408,39,M,3,High School,Single,Ca,91750,No,No,No,Telephone,Businessman,62469,4
720487308,37,F,4,Graduate,Married,Nj,91750,No,Yes,Yes,Telephone,Businessman,52789,5
720491958,27,M,1,Graduate,Single,Tx,91750,No,No,No,Cellular,Blue-Collar,56933,5
720494058,53,M,3,Graduate,Single,Tx,91750,No,Yes,No,Cellular,Businessman,78084,5
720496158,42,F,2,Doctorate,Single,Ca,91750,Yes,No,No,Cellular,White-Collar,48111,4
720497958,54,F,1,Graduate,Married,Ca,91750,No,Yes,No,Unknown,Retirees,16049,4
720503508,49,M,3,Graduate,Married,Ny,91750,No,No,No,Cellular,White-Collar,96192,4
720504633,33,F,0,Graduate,Married,Nj,91750,Yes,No,No,Cellular,Selfemployeed,5225,3
720507108,64,M,1,Graduate,Single,Tx,91750,Yes,Yes,Yes,Unknown,Govt,25889,5
720508233,59,F,2,Uneducated,Married,Ny,91750,No,No,No,Unknown,Selfemployeed,18047,4
720509433,60,F,0,Graduate,Single,Ny,91750,No,No,No,Cellular,Selfemployeed,41915,5
720510333,52,M,2,Post-Graduate,Married,Fl,91750,No,No,No,Cellular,Businessman,69168,3
720511608,48,F,2,Uneducated,Unknown,Fl,91750,No,No,No,Cellular,Retirees,19744,4
720512433,56,M,4,High School,Single,Tx,91750,No,Yes,No,Cellular,Govt,105479,3
720513333,53,M,3,High School,Single,Ca,91750,Yes,No,No,Unknown,Blue-Collar,82768,5
720515883,46,F,5,High School,Married,Tx,91750,No,No,No,Cellular,Businessman,234476,5
720518283,54,M,2,Unknown,Married,Ca,91750,No,Yes,No,Cellular,White-Collar,99794,4
720519333,40,F,3,Uneducated,Single,Ca,91750,No,Yes,No,Cellular,Selfemployeed,30375,4
720520308,57,F,1,Unknown,Married,Ny,91750,Yes,No,No,Unknown,Govt,27287,5
720521808,26,M,0,High School,Single,Ca,91750,No,No,No,Cellular,Selfemployeed,14975,5
720522633,41,M,3,Graduate,Single,Fl,91750,No,Yes,No,Cellular,Businessman,111478,5
720527058,57,F,3,Graduate,Single,Ca,91750,No,Yes,No,Cellular,Businessman,58436,4
720529308,60,F,1,Unknown,Married,Ny,91750,No,No,No,Cellular,Selfemployeed,16162,5
720531633,49,F,0,Post-Graduate,Single,Tx,91750,No,Yes,Yes,Unknown,Blue-Collar,31321,4
720532908,63,F,0,Unknown,Married,Nj,91750,No,No,No,Cellular,Blue-Collar,33970,3
720535008,41,M,3,Graduate,Married,Tx,91750,No,No,No,Unknown,Businessman,140202,4
720537633,53,M,2,Unknown,Married,Fl,91750,Yes,Yes,No,Cellular,Blue-Collar,87680,4
720539583,47,M,2,Graduate,Married,Nj,91750,Yes,No,No,Cellular,White-Collar,151630,5
720540708,34,F,3,Post-Graduate,Single,Fl,91750,No,Yes,No,Unknown,Selfemployeed,9535,5
720541758,58,F,2,High School,Single,Tx,91750,No,No,No,Cellular,White-Collar,40896,4
720547533,33,M,2,Graduate,Married,Ny,91750,Yes,No,No,Cellular,Retirees,58545,4
720551733,34,F,3,Graduate,Married,Tx,91750,Yes,No,Yes,Telephone,Selfemployeed,30999,4
720553158,36,M,1,Uneducated,Single,Nj,91750,Yes,Yes,No,Cellular,White-Collar,89561,5
720555483,42,F,4,Graduate,Married,Fl,91750,No,No,No,Cellular,Selfemployeed,50295,5
720557883,40,F,3,Post-Graduate,Single,Tx,91750,No,No,No,Unknown,Businessman,207814,5
720559908,41,M,4,Uneducated,Single,Ia,91750,No,No,No,Cellular,Businessman,84531,4
720562008,62,F,0,High School,Single,Ca,91750,No,Yes,No,Telephone,White-Collar,32203,3
720563058,38,M,1,High School,Single,Tx,91750,Yes,No,No,Cellular,Businessman,52603,5
720563958,49,M,0,Uneducated,Married,Ny,91750,No,Yes,No,Cellular,Govt,62941,4
720565458,43,M,2,Graduate,Single,Tx,91750,No,No,No,Cellular,Selfemployeed,100919,4
720568083,51,F,3,Graduate,Single,Ca,91750,No,No,No,Cellular,Retirees,27302,4
720570333,42,M,5,Unknown,Married,Ny,91750,Yes,Yes,No,Cellular,Blue-Collar,78265,4
720572508,41,F,2,Post-Graduate,Married,Tx,91750,No,Yes,No,Cellular,Selfemployeed,5525,4
720575058,50,F,3,Unknown,Single,Ny,91750,No,No,No,Cellular,Govt,55619,4
720578058,54,F,2,Graduate,Married,Nj,91750,No,Yes,No,Cellular,Selfemployeed,50312,4
720580383,54,F,4,Unknown,Married,Ca,91750,Yes,Yes,No,Unknown,Govt,39669,4
720582558,36,M,3,High School,Married,Mi,91750,Yes,Yes,No,Unknown,Businessman,93503,4
720585183,52,F,3,Graduate,Married,Ca,91750,Yes,No,No,Unknown,Businessman,39968,4
720589008,37,F,4,High School,Single,Nj,91750,No,No,No,Cellular,White-Collar,57623,4
720590058,43,F,3,Unknown,Married,Ca,91750,Yes,No,No,Cellular,Govt,32905,4
720592533,43,F,3,Unknown,Married,Ny,91750,No,Yes,No,Cellular,Blue-Collar,29350,4
720593583,46,M,3,High School,Married,Ny,91750,Yes,No,No,Cellular,Businessman,94626,4
720595083,46,M,2,High School,Married,Tx,91750,No,No,No,Cellular,Govt,67048,4
720597108,51,M,3,Doctorate,Single,Tx,91750,Yes,No,Yes,Cellular,Blue-Collar,113288,4
720598308,42,F,3,Uneducated,Married,Ca,91750,Yes,Yes,No,Unknown,Selfemployeed,14975,3
720599658,44,M,3,Graduate,Unknown,Tx,91750,No,No,No,Cellular,Govt,93179,4
720600858,49,F,3,Graduate,Single,Ny,91750,No,No,Yes,Cellular,Govt,40549,4
720603558,40,F,3,Graduate,Single,Ca,91750,Yes,Yes,Yes,Cellular,Govt,27947,4
720605808,47,F,5,Uneducated,Unknown,Tx,91750,Yes,Yes,Yes,Unknown,Selfemployeed,2565,4
720608658,56,F,2,High School,Single,Fl,91750,Yes,Yes,No,Unknown,Businessman,236058,4
720610008,44,F,2,Graduate,Married,Tx,91750,No,Yes,No,Cellular,Selfemployeed,12150,4
720611058,42,F,1,Unknown,Single,Ny,91750,No,Yes,No,Cellular,Selfemployeed,14975,3
720612333,56,F,2,Unknown,Married,Tx,91750,Yes,No,Yes,Cellular,Businessman,31590,4
720614658,45,F,2,Uneducated,Single,Ct,91750,No,Yes,No,Telephone,White-Collar,44248,3
720615708,32,F,1,Graduate,Married,Ny,91750,No,Yes,No,Cellular,Selfemployeed,10455,4
720616908,45,M,2,Graduate,Single,Fl,91750,Yes,Yes,No,Unknown,Govt,45285,4
720618033,50,M,3,Uneducated,Single,Ca,90706,No,Yes,No,Cellular,Businessman,186412,4
720620058,60,F,0,Uneducated,Single,Ny,91750,No,No,No,Cellular,Blue-Collar,19195,4
720621408,41,F,4,Unknown,Married,Tx,91750,No,Yes,No,Telephone,Businessman,163183,4
720626058,49,F,0,Post-Graduate,Married,Tx,91750,Yes,Yes,No,Cellular,Businessman,15439,5
720633558,49,M,3,Uneducated,Married,Tx,91750,No,Yes,No,Cellular,Businessman,184551,4
720634683,44,F,2,Graduate,Single,Ca,91750,No,Yes,No,Cellular,Govt,27828,5
720635883,52,F,1,Doctorate,Married,Tx,91750,No,Yes,No,Unknown,Businessman,33390,3
720637008,49,F,4,Unknown,Married,Tx,91750,Yes,No,No,Cellular,Selfemployeed,35534,5
720638283,52,M,2,High School,Married,Tx,91750,Yes,No,Yes,Cellular,Govt,68953,5
720639783,48,F,4,Graduate,Married,Tx,91750,Yes,Yes,No,Cellular,Blue-Collar,29738,4
720642633,65,F,1,High School,Married,Nj,91750,No,No,No,Cellular,Businessman,43319,3
720644883,46,M,3,Graduate,Married,Ca,91750,No,No,No,Cellular,Blue-Collar,93250,3
720648483,54,F,2,Doctorate,Married,Ny,91750,No,Yes,No,Unknown,Govt,16456,4
720650208,31,F,2,Unknown,Single,Mi,91750,No,Yes,No,Unknown,Selfemployeed,14975,4
720654183,41,F,3,Unknown,Married,Ca,91750,No,Yes,No,Unknown,White-Collar,22560,5
720655833,49,M,3,Graduate,Unknown,Tx,91750,No,Yes,No,Cellular,Govt,87137,5
720656883,61,M,2,High School,Single,Fl,91750,No,Yes,Yes,Cellular,Selfemployeed,70360,3
720659283,52,F,3,Graduate,Single,Tx,91750,Yes,Yes,Yes,Unknown,Selfemployeed,18331,5
720660558,42,M,3,Uneducated,Married,Tx,91750,No,Yes,No,Cellular,Selfemployeed,77654,5
720662508,65,F,0,Graduate,Married,Nj,91750,Yes,Yes,No,Unknown,Selfemployeed,19465,4
720666333,55,F,1,Uneducated,Single,Ny,91750,No,No,No,Cellular,White-Collar,18012,4
720667383,37,M,4,Doctorate,Single,Ca,91750,Yes,No,No,Cellular,Govt,74102,3
720668358,49,F,4,High School,Married,Ca,91750,Yes,Yes,No,Unknown,Blue-Collar,15597,5
720670458,56,F,0,Unknown,Single,Ca,91750,No,Yes,No,Unknown,Retirees,38015,3
720673008,50,F,1,Uneducated,Married,Ca,91750,No,Yes,No,Unknown,Blue-Collar,15515,4
720674133,45,F,3,Graduate,Single,Tx,91750,No,No,No,Cellular,Selfemployeed,14975,5
720676158,55,M,1,High School,Single,Tx,91750,No,Yes,No,Unknown,Govt,96272,4
720677733,45,F,3,High School,Married,Ny,91750,Yes,Yes,No,Unknown,Govt,30189,5
720680058,43,F,5,Graduate,Single,Ca,91750,Yes,No,No,Unknown,Selfemployeed,7865,4
720682308,43,M,5,Unknown,Single,Tx,91750,No,Yes,No,Cellular,Businessman,77639,3
720683958,47,F,4,Graduate,Single,Ca,91750,Yes,Yes,No,Cellular,Govt,49646,4
720686583,63,M,1,Graduate,Single,Ut,91750,Yes,No,No,Cellular,White-Collar,64871,4
720688158,57,F,3,High School,Married,Nj,91750,Yes,Yes,No,Telephone,White-Collar,32132,4
720689583,36,M,4,Uneducated,Married,Nj,91750,No,No,No,Cellular,White-Collar,100448,5
720690933,44,F,4,Unknown,Unknown,Tx,91750,No,Yes,No,Cellular,Blue-Collar,56275,4
720693033,37,F,2,Uneducated,Married,Fl,91750,No,Yes,No,Cellular,Selfemployeed,2565,3
720695583,36,F,2,Graduate,Married,Ca,91750,No,No,Yes,Unknown,Businessman,37299,4
720696558,41,M,4,Post-Graduate,Married,Ca,91750,Yes,No,No,Cellular,Govt,64779,4
720697908,53,F,2,Uneducated,Single,Tx,91750,No,Yes,Yes,Cellular,Selfemployeed,14975,5
720698883,42,M,3,High School,Married,Ca,91750,No,No,No,Unknown,Businessman,99912,3
720700008,43,M,3,Post-Graduate,Single,Ca,91750,No,No,No,Cellular,Blue-Collar,74188,4
720706008,44,F,3,High School,Single,Ny,91750,No,Yes,No,Cellular,Businessman,31411,4
720707283,53,F,2,High School,Married,Ca,91750,No,No,Yes,Cellular,Businessman,15603,5
720708183,39,M,2,Graduate,Married,Nj,91750,No,No,No,Cellular,Govt,77033,5
720711483,35,F,2,Graduate,Single,Ca,91750,Yes,No,No,Cellular,Selfemployeed,30640,4
720712533,48,M,1,Graduate,Single,Ny,91750,No,Yes,No,Cellular,White-Collar,104315,3
720714933,58,F,3,Graduate,Married,Tx,91750,No,Yes,Yes,Cellular,Selfemployeed,11843,5
720717108,62,M,1,High School,Married,Mn,91750,No,No,Yes,Cellular,Selfemployeed,39826,5
720718908,38,F,4,Unknown,Married,Ny,91750,No,No,No,Cellular,Selfemployeed,19161,4
720719883,52,F,1,Graduate,Single,Ma,91750,Yes,Yes,No,Cellular,Blue-Collar,29402,4
720724008,37,F,3,Graduate,Married,Nj,91750,No,No,No,Telephone,Businessman,40953,4
720725058,41,F,3,High School,Married,Ny,91750,No,No,No,Cellular,Selfemployeed,12750,3
720725883,47,F,5,Uneducated,Unknown,Tx,91750,No,No,No,Cellular,Selfemployeed,52657,3
720728133,41,F,4,Graduate,Married,Fl,91750,Yes,No,No,Cellular,Selfemployeed,52690,4
720729108,57,M,1,Doctorate,Married,Fl,91750,No,Yes,No,Cellular,Selfemployeed,98666,5
720730683,56,M,2,Graduate,Married,Ny,91750,No,No,No,Cellular,Blue-Collar,89236,5
720731808,60,F,1,Unknown,Single,Ny,91750,Yes,Yes,No,Cellular,Businessman,34507,4
720734583,48,M,4,Uneducated,Single,Ny,91750,Yes,No,No,Cellular,Blue-Collar,91027,3
720735408,44,M,3,Post-Graduate,Married,Tx,91750,Yes,Yes,No,Unknown,Govt,114768,5
720736608,46,F,2,High School,Single,Ny,91750,No,No,Yes,Cellular,Businessman,151876,4
720739083,47,M,5,Doctorate,Single,Fl,91750,No,No,No,Cellular,Govt,31770,5
720742083,26,F,0,Graduate,Unknown,Ca,91750,Yes,No,No,Cellular,Blue-Collar,27386,5
720746208,50,F,3,Graduate,Married,Ny,91750,Yes,Yes,No,Cellular,Blue-Collar,12382,5
720747633,49,F,4,Uneducated,Married,Ny,91750,No,No,Yes,Cellular,Govt,18657,4
720748608,42,M,3,Unknown,Single,Ny,91750,Yes,Yes,No,Cellular,Govt,106054,4
720753183,47,F,1,Doctorate,Married,Fl,91750,No,No,No,Cellular,Selfemployeed,55103,5
720755658,39,M,1,Graduate,Married,Ca,91750,No,No,No,Cellular,Blue-Collar,52541,4
720756708,46,F,2,Post-Graduate,Single,Ca,91750,Yes,No,No,Unknown,White-Collar,17615,4
720758808,52,F,2,Post-Graduate,Married,Tx,91750,No,Yes,No,Cellular,Blue-Collar,19860,4
720761208,42,F,3,Graduate,Single,Ny,91750,No,Yes,Yes,Cellular,Retirees,28539,5
720766908,55,F,2,Graduate,Married,Nj,91750,No,No,No,Telephone,Selfemployeed,32707,5
720768258,56,M,3,Uneducated,Married,Tx,91750,No,Yes,Yes,Cellular,White-Collar,75422,3
720769533,33,M,3,Graduate,Married,Tx,91750,No,No,Yes,Cellular,Govt,61920,3
720770883,43,F,4,Post-Graduate,Married,Ca,91750,No,No,No,Cellular,Retirees,24215,4
720771933,55,M,3,Unknown,Single,Ny,91750,Yes,No,No,Cellular,White-Collar,62362,5
720774183,38,F,2,Unknown,Single,Ca,91750,Yes,No,No,Cellular,Blue-Collar,56853,5
720776508,37,F,1,Graduate,Married,Ny,91750,Yes,No,Yes,Cellular,Selfemployeed,55150,3
720777558,47,M,1,High School,Married,Ny,91750,No,No,No,Unknown,Govt,66643,5
720778458,42,M,2,Graduate,Single,Tx,91750,No,Yes,No,Cellular,Selfemployeed,87594,4
720779733,53,F,2,Graduate,Married,Ny,91750,No,No,No,Unknown,Selfemployeed,14975,4
720781158,48,F,2,Doctorate,Single,Fl,91750,No,No,No,Cellular,White-Collar,43174,4
720782658,40,M,3,Graduate,Single,Ca,91750,No,No,No,Cellular,White-Collar,92296,4
720783558,54,M,4,Uneducated,Single,Tx,91750,No,Yes,No,Cellular,Blue-Collar,86465,4
720784833,55,F,1,Graduate,Single,Ny,91750,No,No,No,Cellular,Selfemployeed,17730,4
720786033,41,F,3,Post-Graduate,Single,Tx,91750,Yes,No,No,Telephone,Selfemployeed,28414,5
720788883,46,F,2,Uneducated,Single,Tx,91750,No,Yes,No,Unknown,Businessman,225491,4
720789933,54,M,1,Graduate,Single,Fl,91750,No,Yes,No,Cellular,Blue-Collar,90625,3
720795858,62,F,0,Unknown,Single,Ca,91750,Yes,No,No,Cellular,Retirees,37597,5
720799608,53,F,3,Post-Graduate,Married,Tx,91750,Yes,Yes,Yes,Cellular,Selfemployeed,14975,4
720801033,59,F,1,Unknown,Single,Ny,91750,Yes,Yes,No,Cellular,Selfemployeed,12150,5
720802833,50,F,4,Unknown,Married,Fl,91750,Yes,No,No,Unknown,Retirees,31561,5
720807183,42,F,1,Graduate,Married,Ny,91750,No,No,No,Unknown,Retirees,35948,3
720809358,40,M,4,Unknown,Unknown,Ny,91750,No,Yes,No,Cellular,Govt,107750,4
720810783,40,F,3,Graduate,Married,Ny,91750,No,No,No,Telephone,White-Collar,25351,3
720812433,61,F,1,Graduate,Single,Tx,91750,No,No,No,Telephone,Selfemployeed,14975,5
720814233,32,M,1,Graduate,Single,Ny,91750,Yes,Yes,No,Unknown,Selfemployeed,14975,4
720815208,53,F,2,Uneducated,Single,Fl,91750,No,No,Yes,Unknown,Selfemployeed,26523,4
720817533,51,F,5,Graduate,Single,Tx,91750,Yes,No,Yes,Cellular,Businessman,217676,3
720818658,56,M,2,Graduate,Single,Tx,91750,Yes,Yes,No,Cellular,White-Collar,70055,3
720819858,39,M,2,Graduate,Married,Ny,91750,Yes,No,No,Cellular,White-Collar,112075,5
720823458,33,M,2,Unknown,Married,Fl,91750,Yes,Yes,Yes,Cellular,Govt,73017,4
720824883,36,F,0,Graduate,Single,Fl,91750,Yes,No,No,Telephone,Govt,28370,5
720827133,50,M,2,Graduate,Single,Nj,91750,No,Yes,No,Telephone,Govt,111374,4
720831783,46,M,2,High School,Single,Tx,91750,No,Yes,Yes,Cellular,Selfemployeed,74864,5
720835308,48,F,4,Unknown,Married,Tx,91750,No,No,No,Cellular,White-Collar,59941,5
720836808,45,F,3,High School,Single,Ca,91750,Yes,Yes,No,Unknown,Retirees,24393,4
720837708,58,M,0,Uneducated,Married,Nj,91750,No,Yes,No,Cellular,White-Collar,93158,4
720840108,50,F,2,Graduate,Married,Fl,91750,No,No,No,Cellular,Blue-Collar,41555,5
720841533,48,F,2,Unknown,Married,Ny,91750,No,No,No,Unknown,Businessman,181445,3
720844008,42,M,3,High School,Married,Ny,91750,Yes,No,No,Cellular,White-Collar,96054,5
720846558,70,M,0,High School,Married,Il,91750,No,Yes,No,Unknown,White-Collar,28862,5
720848733,46,F,2,Graduate,Married,Tx,91750,No,No,No,Cellular,Selfemployeed,16397,5
720849708,38,M,2,Graduate,Married,Ca,91750,Yes,No,No,Cellular,Govt,101679,4
720852108,51,F,2,Doctorate,Single,Ca,90275,No,No,No,Cellular,Businessman,236051,4
720853158,45,M,3,High School,Unknown,Ca,91750,No,No,No,Cellular,Selfemployeed,69197,4
720854358,47,F,4,Graduate,Married,Tx,91750,Yes,Yes,No,Cellular,Businessman,20375,3
720859533,57,M,2,Uneducated,Married,Fl,91750,No,No,No,Cellular,Blue-Collar,114257,4
720863133,38,M,1,Graduate,Single,Il,91750,No,Yes,No,Unknown,Blue-Collar,17176,4
720865383,42,M,3,Graduate,Single,Tx,91750,No,Yes,No,Cellular,White-Collar,62544,5
720867708,41,F,3,High School,Married,Ca,91750,No,No,No,Unknown,Govt,25827,3
720868683,54,F,2,High School,Single,Ny,91750,No,No,No,Cellular,Govt,16381,5
720871383,47,F,3,Post-Graduate,Married,Ny,91750,No,No,Yes,Cellular,White-Collar,26216,4
720872433,42,F,1,Uneducated,Single,Ca,91750,Yes,Yes,No,Unknown,White-Collar,33143,3
720874983,54,M,3,Unknown,Married,Ca,91750,Yes,Yes,No,Cellular,Businessman,116453,5
720877083,56,F,0,High School,Married,Ny,91750,No,No,No,Unknown,Blue-Collar,36375,5
720879708,42,F,3,Graduate,Married,Ca,91750,No,No,No,Cellular,White-Collar,33012,5
720885558,48,M,1,Graduate,Married,Wa,98815,No,No,Yes,Cellular,Retirees,83428,5
720887058,45,M,5,High School,Unknown,Tx,91750,Yes,Yes,No,Cellular,Businessman,76697,4
720891633,47,M,1,High School,Married,Fl,91750,No,No,Yes,Cellular,Retirees,79079,4
720892833,48,F,1,Unknown,Unknown,Tx,91750,No,No,No,Cellular,Selfemployeed,53391,5
720893958,51,F,1,Graduate,Single,Ca,91750,No,Yes,Yes,Cellular,Govt,53856,5
720895533,52,M,2,High School,Single,Ny,91750,No,No,No,Cellular,Businessman,83437,5
720897783,58,F,3,Graduate,Single,Fl,91750,No,Yes,No,Unknown,Blue-Collar,32391,4
720899058,53,M,3,High School,Married,Ca,90250,No,No,No,Cellular,White-Collar,134275,5
720899883,56,F,2,Unknown,Single,Ca,91750,No,No,No,Cellular,Blue-Collar,41830,5
720902133,47,F,1,Graduate,Married,Ny,91750,No,No,No,Cellular,Selfemployeed,5525,5
720903258,49,M,5,Uneducated,Unknown,Tx,91750,No,No,No,Cellular,Selfemployeed,78851,4
720904233,60,F,0,Graduate,Single,Ca,91750,No,Yes,No,Cellular,Selfemployeed,7865,4
720905133,39,F,1,Graduate,Married,Nj,91750,No,No,No,Unknown,White-Collar,27498,4
720906033,57,F,3,High School,Married,Mn,91750,No,No,Yes,Cellular,White-Collar,34097,4
720909408,47,F,2,Unknown,Unknown,Ny,91750,No,No,No,Unknown,Retirees,25866,3
720914358,50,M,4,Graduate,Single,Tx,91750,Yes,No,No,Cellular,Selfemployeed,84247,4
720916683,55,F,4,Doctorate,Single,Mi,91750,Yes,No,No,Telephone,Blue-Collar,14745,3
720917808,40,F,3,Uneducated,Single,Tx,91750,Yes,No,Yes,Unknown,Businessman,30948,4
720920058,50,F,1,High School,Married,Fl,91750,No,No,No,Cellular,Govt,33640,5
720921408,49,F,4,Unknown,Single,Ca,91750,No,No,No,Cellular,Blue-Collar,41661,5
720923658,42,F,3,Graduate,Married,Tx,91750,No,Yes,Yes,Cellular,Selfemployeed,14975,5
720924633,48,M,3,High School,Married,Ny,91750,Yes,No,No,Cellular,Selfemployeed,60196,3
720927183,49,M,4,Unknown,Married,Ny,91750,No,No,No,Cellular,White-Collar,67647,5
720930633,49,F,2,Graduate,Married,Fl,91750,Yes,No,Yes,Unknown,White-Collar,25904,3
720933408,59,M,2,Graduate,Single,Ny,91750,No,No,No,Cellular,Selfemployeed,78748,4
720935658,50,M,1,Graduate,Single,Ny,91750,Yes,Yes,No,Cellular,Govt,106928,5
720939933,46,M,2,Unknown,Married,Ca,91750,Yes,No,No,Cellular,Businessman,74093,3
720941433,43,F,1,Graduate,Married,Ny,91750,Yes,No,No,Cellular,Selfemployeed,25432,5
720942333,43,F,1,Graduate,Unknown,Tx,91750,No,No,Yes,Telephone,Businessman,20628,4
720943308,42,F,4,High School,Married,Fl,91750,No,No,No,Cellular,Businessman,230631,5
720949083,51,F,1,Graduate,Married,Fl,91750,No,No,No,Cellular,Retirees,38439,5
720950283,50,F,2,Graduate,Single,Ny,91750,Yes,Yes,No,Unknown,Retirees,21029,5
720952608,53,M,3,Uneducated,Married,Fl,91750,No,No,No,Cellular,Govt,60132,5
720953658,57,F,3,Unknown,Single,Ny,91750,Yes,No,No,Cellular,Selfemployeed,16520,5
720959058,47,M,3,High School,Married,Nj,91750,Yes,No,No,Telephone,Businessman,61086,5
720961383,51,F,4,Graduate,Married,Tx,91750,Yes,Yes,No,Unknown,Govt,33460,4
720962208,49,M,4,Doctorate,Single,Fl,91750,No,No,No,Telephone,Govt,73035,5
720963258,47,F,2,Unknown,Married,Tx,91750,No,Yes,No,Cellular,White-Collar,31374,3
720964683,42,F,1,High School,Married,Ny,91750,Yes,Yes,Yes,Cellular,Selfemployeed,37778,4
720967233,34,M,2,High School,Unknown,Fl,91750,No,No,Yes,Cellular,Retirees,84606,4
720968583,43,F,3,Unknown,Married,Fl,91750,No,No,No,Cellular,White-Collar,35607,3
720971358,54,F,2,High School,Married,Tx,91750,Yes,No,No,Cellular,Businessman,186731,5
720973833,51,F,2,Uneducated,Married,Ny,91750,Yes,No,Yes,Unknown,White-Collar,33206,5
720977358,54,F,2,Graduate,Single,Ca,91750,No,No,No,Cellular,Blue-Collar,55881,3
720980958,44,M,2,Graduate,Married,Fl,91750,Yes,No,No,Cellular,Selfemployeed,78646,5
720983733,57,F,2,Uneducated,Single,Tx,91750,No,Yes,No,Telephone,Retirees,22229,4
720986958,47,F,4,Graduate,Single,Ca,91750,No,Yes,No,Cellular,Businessman,25007,4
720988083,47,M,3,Post-Graduate,Married,Ny,91750,No,Yes,No,Cellular,White-Collar,61896,5
720989133,58,M,4,Unknown,Married,Ny,91750,Yes,Yes,Yes,Cellular,Govt,70137,4
720990183,48,F,3,Unknown,Unknown,Tx,91750,No,Yes,No,Cellular,Selfemployeed,5225,3
720991833,39,F,2,Graduate,Married,Nj,91750,Yes,No,No,Telephone,Selfemployeed,30568,3
720992883,62,M,0,Graduate,Married,Ny,91750,No,Yes,Yes,Cellular,Selfemployeed,79081,3
720995583,55,F,2,Uneducated,Single,Tx,91750,Yes,Yes,Yes,Unknown,Businessman,197408,4
720997383,53,F,3,Uneducated,Single,Ca,91750,Yes,Yes,No,Cellular,Selfemployeed,2565,4
720998358,46,F,4,Graduate,Single,Fl,91750,No,Yes,No,Cellular,Selfemployeed,14975,4
721000833,34,M,1,Graduate,Married,Ca,90201,Yes,Yes,No,Cellular,White-Collar,129091,4
721001883,35,F,1,Graduate,Single,Fl,91750,No,Yes,Yes,Unknown,Businessman,36651,5
721003008,52,F,2,Graduate,Single,Fl,91750,Yes,Yes,Yes,Cellular,Selfemployeed,2565,4
721004133,30,M,1,Graduate,Single,Ny,91750,No,Yes,No,Cellular,White-Collar,50041,4
721005108,44,F,2,Graduate,Single,Tx,91750,No,No,No,Cellular,Businessman,193279,5
721006458,55,F,2,High School,Single,Tx,91750,Yes,No,No,Telephone,Businessman,173514,5
721008933,41,M,2,Uneducated,Single,Ny,91750,No,Yes,No,Unknown,White-Collar,104627,4
721011858,47,F,2,Post-Graduate,Single,Ca,91750,Yes,Yes,No,Cellular,Blue-Collar,45151,4
721012983,51,F,3,Unknown,Unknown,Fl,91750,No,No,No,Unknown,Blue-Collar,38359,5
721014858,43,M,1,Graduate,Single,Tx,91750,Yes,Yes,Yes,Telephone,Selfemployeed,14975,5
721017333,50,M,2,High School,Single,Tx,91750,Yes,No,No,Cellular,Retirees,70602,4
721020858,36,M,2,Graduate,Married,Fl,91750,Yes,Yes,No,Cellular,Blue-Collar,53995,4
721022433,44,F,2,Graduate,Married,Sc,91750,No,Yes,No,Cellular,Blue-Collar,13426,5
721023708,31,F,0,Graduate,Married,Nj,91750,Yes,No,No,Unknown,Selfemployeed,22400,5
721026033,56,F,3,Graduate,Married,Ny,91750,Yes,No,No,Cellular,Govt,31370,3
721027083,35,F,1,Graduate,Single,Ca,91750,Yes,No,No,Cellular,Businessman,38619,5
721028283,61,F,0,Graduate,Single,Ca,91750,No,No,No,Cellular,Selfemployeed,36593,4
721029858,60,M,1,High School,Married,Ca,91750,Yes,Yes,Yes,Cellular,Businessman,112194,5
721032633,32,M,0,Unknown,Married,Tx,91750,No,Yes,No,Cellular,Retirees,30352,5
721033908,46,M,3,Uneducated,Married,Ny,91750,No,No,No,Cellular,Retirees,68416,3
721036233,28,F,1,Graduate,Married,Ca,91750,No,No,No,Cellular,Selfemployeed,16693,3
721038408,40,F,4,Uneducated,Married,Tx,91750,Yes,No,No,Cellular,Selfemployeed,14975,5
721039308,38,M,1,Graduate,Married,Fl,91750,No,Yes,No,Cellular,White-Collar,60419,3
721041483,45,F,3,High School,Single,Fl,91750,No,No,Yes,Cellular,Govt,20505,5
721043058,44,F,4,Doctorate,Unknown,Ca,91750,No,No,Yes,Unknown,Selfemployeed,14975,4
721044333,39,M,1,High School,Married,Ny,91750,No,Yes,No,Unknown,White-Collar,84796,5
721045608,53,M,2,Uneducated,Single,Tx,91750,No,No,No,Cellular,Retirees,68500,5
721049658,47,F,5,Doctorate,Single,Ny,91750,No,No,No,Unknown,Selfemployeed,14975,4
721051908,42,F,1,Unknown,Married,Ny,91750,Yes,Yes,No,Telephone,Blue-Collar,13187,4
721053633,43,M,0,High School,Married,Fl,91750,No,Yes,No,Cellular,Govt,117301,5
721055058,45,F,3,High School,Married,Ny,91750,No,Yes,Yes,Cellular,White-Collar,30455,4
721057758,40,F,2,Unknown,Married,Ca,91750,Yes,No,No,Cellular,Selfemployeed,14277,5
721059033,50,F,2,Uneducated,Married,Nj,91750,No,Yes,Yes,Cellular,Selfemployeed,14975,4
721060083,40,M,1,Post-Graduate,Married,Ny,91750,No,Yes,No,Telephone,White-Collar,72770,3
721062408,36,F,1,Graduate,Single,Nj,91750,Yes,No,No,Cellular,Selfemployeed,11412,3
721063533,33,M,1,High School,Single,Fl,91750,No,No,No,Cellular,Govt,102487,5
721067658,49,F,3,Graduate,Married,Tx,91750,No,No,No,Cellular,Blue-Collar,48812,4
721072908,55,M,3,Doctorate,Single,Ny,91750,Yes,No,No,Cellular,Blue-Collar,93067,4
721074183,49,F,3,Uneducated,Married,Il,91750,No,No,No,Telephone,Selfemployeed,6550,4
721080183,44,M,3,Graduate,Married,Mi,91750,No,No,No,Cellular,White-Collar,70933,4
721083258,62,F,1,High School,Single,Ny,91750,No,No,No,Cellular,Blue-Collar,20981,4
721084833,65,F,1,High School,Married,Ca,91750,Yes,Yes,No,Unknown,Selfemployeed,14975,3
721086483,55,M,2,Graduate,Married,Ny,91750,Yes,No,No,Cellular,White-Collar,132948,4
721091583,45,F,3,Uneducated,Married,Fl,91750,No,No,Yes,Unknown,Selfemployeed,11467,4
721092783,48,F,3,Graduate,Single,Tx,91750,Yes,No,No,Cellular,Selfemployeed,46755,4
721093608,41,M,3,High School,Single,Fl,91750,Yes,No,No,Cellular,Retirees,68215,5
721096983,43,F,2,Graduate,Married,Fl,91750,No,No,No,Telephone,Blue-Collar,30796,5
721104708,46,F,4,Graduate,Married,Tx,91750,No,No,No,Unknown,Blue-Collar,34329,4
721106133,55,M,2,Graduate,Single,Ny,91750,Yes,No,No,Cellular,Businessman,93179,3
721107258,57,M,2,Uneducated,Single,Fl,91750,Yes,No,No,Cellular,Businessman,154598,3
721109358,26,F,0,Graduate,Single,Nm,91750,No,No,No,Unknown,Selfemployeed,52255,5
721111233,50,M,0,Doctorate,Single,Nj,91750,Yes,No,Yes,Cellular,Govt,81341,3
721112508,34,M,3,Uneducated,Married,Ny,91750,No,Yes,No,Cellular,Retirees,80132,4
721113333,45,M,2,Post-Graduate,Married,Ca,91750,Yes,No,Yes,Cellular,Blue-Collar,76667,5
721114458,56,F,3,Graduate,Married,Ca,90250,Yes,Yes,No,Cellular,Businessman,161830,4
721115733,31,F,0,Uneducated,Single,Nj,91750,Yes,No,No,Cellular,Blue-Collar,40631,3
721117533,39,F,3,Post-Graduate,Married,Ca,91750,No,No,No,Cellular,Selfemployeed,13533,5
721120008,55,F,3,Graduate,Single,Fl,91750,Yes,No,No,Unknown,Selfemployeed,14975,4
721121283,47,F,2,Doctorate,Married,Tx,91750,No,No,No,Cellular,Retirees,56551,5
721122258,49,F,4,Unknown,Single,Tx,91750,No,No,No,Cellular,Govt,59520,5
721124658,44,F,3,High School,Single,Fl,91750,Yes,Yes,No,Cellular,Retirees,30971,4
721126833,46,F,4,High School,Married,Ca,91750,Yes,Yes,No,Telephone,Businessman,20545,4
721129383,53,F,2,High School,Married,Ne,91750,No,No,No,Cellular,Selfemployeed,26178,4
721132233,40,M,3,Unknown,Single,Fl,91750,No,Yes,No,Unknown,Blue-Collar,10163,5
721137558,50,F,3,High School,Married,Fl,91750,Yes,Yes,No,Unknown,Selfemployeed,20157,5
721139808,41,F,3,Graduate,Single,Ny,91750,Yes,Yes,No,Cellular,Blue-Collar,44483,5
721143258,50,M,2,Graduate,Unknown,Fl,91750,Yes,Yes,No,Cellular,Businessman,79048,3
721144383,51,F,4,Graduate,Single,Ny,91750,Yes,Yes,No,Unknown,Selfemployeed,14975,5
721145433,21,F,1,Graduate,Married,Ny,91750,No,No,No,Cellular,Businessman,231969,3
721147383,41,F,4,Uneducated,Unknown,Ca,91711,Yes,Yes,No,Cellular,Blue-Collar,49969,5
721148358,42,F,4,Unknown,Married,Ca,91750,Yes,Yes,No,Unknown,Blue-Collar,12168,4
721150833,52,F,3,Uneducated,Married,Ca,91750,No,Yes,No,Unknown,Selfemployeed,34292,5
721154208,42,M,3,High School,Single,Tx,91750,Yes,Yes,No,Cellular,Govt,86393,4
721156758,55,M,4,Graduate,Married,Ny,91750,Yes,Yes,No,Cellular,Businessman,130143,4
721158108,42,M,2,Graduate,Single,Fl,91750,Yes,Yes,No,Cellular,Selfemployeed,46756,5
721163133,48,F,1,Graduate,Married,Ca,91750,No,No,No,Cellular,White-Collar,45849,5
721164483,55,M,1,Graduate,Single,Tx,91750,Yes,Yes,No,Unknown,Businessman,84223,5
721165608,34,F,3,Uneducated,Married,Nj,91750,No,No,No,Cellular,White-Collar,46444,4
721167783,47,F,3,Unknown,Single,Tx,91750,Yes,No,Yes,Cellular,Blue-Collar,55994,5
721169883,51,F,1,High School,Married,Tx,91750,No,Yes,No,Cellular,Businessman,230138,5
721171008,43,M,4,Unknown,Married,Pa,91750,No,Yes,No,Unknown,Businessman,194493,3
721173183,25,M,2,Unknown,Unknown,Tx,91750,No,Yes,No,Cellular,White-Collar,88734,4
721174008,38,M,3,Unknown,Married,Fl,91750,No,Yes,No,Cellular,Govt,65250,5
721175283,49,M,4,Graduate,Single,Tx,91750,No,No,No,Cellular,Businessman,64987,3
721178583,62,F,0,Graduate,Single,Fl,91750,No,Yes,No,Unknown,Selfemployeed,6550,4
721179708,36,M,1,Graduate,Single,Tx,91750,Yes,No,No,Telephone,Businessman,61738,4
721181883,60,M,0,Uneducated,Married,Nj,91750,No,No,No,Cellular,Selfemployeed,74916,4
721183983,40,F,4,Unknown,Married,Fl,91750,No,No,Yes,Unknown,Selfemployeed,10289,5
721188033,55,M,2,Uneducated,Married,Ny,91750,Yes,Yes,No,Unknown,Businessman,230143,4
721189008,44,M,2,Graduate,Married,Fl,91750,Yes,Yes,No,Cellular,Selfemployeed,69334,5
721190358,49,M,3,Uneducated,Single,Nj,91750,No,No,No,Unknown,White-Collar,105718,4
721194858,58,F,4,High School,Single,Ca,91750,Yes,Yes,No,Unknown,Selfemployeed,14975,4
721202058,51,F,2,Unknown,Married,Tx,91750,Yes,Yes,No,Cellular,Businessman,52177,4
721205508,45,F,3,High School,Married,Ca,91750,No,Yes,No,Cellular,Blue-Collar,17061,4
721207908,50,M,2,Uneducated,Single,Va,91750,No,Yes,No,Cellular,White-Collar,72917,4
721210158,36,F,2,Graduate,Married,Fl,91750,No,Yes,No,Cellular,Businessman,182548,4
721211433,53,M,5,Uneducated,Married,Ny,91750,Yes,Yes,No,Cellular,White-Collar,141201,5
721212258,38,M,3,Unknown,Single,Ny,91750,No,Yes,No,Cellular,Blue-Collar,103498,4
721213833,45,F,5,Graduate,Single,Tx,91750,No,Yes,No,Cellular,Selfemployeed,42034,5
721217283,63,F,0,Unknown,Married,Tx,91750,No,No,No,Cellular,Blue-Collar,21466,3
721218408,42,F,2,Post-Graduate,Single,Ca,91750,Yes,Yes,No,Cellular,Retirees,18593,4
721220583,46,F,2,High School,Single,Tx,91750,No,No,Yes,Unknown,Businessman,238349,5
721221783,49,F,1,High School,Married,Fl,91750,No,Yes,No,Cellular,Retirees,38656,5
721222833,34,M,3,Graduate,Married,Fl,91750,No,Yes,No,Cellular,Blue-Collar,78680,5
721225083,48,M,5,High School,Married,Tx,91750,No,No,No,Cellular,Govt,106209,4
721227258,51,M,3,Graduate,Married,Co,91750,Yes,Yes,No,Cellular,Retirees,104508,5
721228308,44,F,3,Graduate,Single,Nj,91750,No,No,No,Cellular,Businessman,23087,5
721232058,48,M,1,Graduate,Unknown,Tx,91750,Yes,No,No,Cellular,Blue-Collar,10122,5
721233033,63,M,0,Doctorate,Single,Tx,91750,Yes,No,No,Cellular,Selfemployeed,14975,4
721234308,42,F,1,Doctorate,Single,Ny,91750,Yes,Yes,No,Cellular,White-Collar,32755,4
721236408,57,F,3,Uneducated,Single,Ca,91750,Yes,Yes,No,Cellular,Selfemployeed,14975,3
721238508,47,M,3,Graduate,Married,Tx,91750,No,Yes,Yes,Cellular,Businessman,78383,4
721241583,51,F,3,Graduate,Single,Ny,91750,Yes,No,No,Cellular,Govt,33639,5
721243083,40,F,3,Graduate,Unknown,Ca,91750,No,No,No,Cellular,Selfemployeed,8250,5
721246833,42,M,4,High School,Single,Ca,91750,No,No,No,Telephone,Selfemployeed,72126,5
721247883,36,F,4,Uneducated,Single,Ca,91750,Yes,No,No,Cellular,Blue-Collar,39392,5
721249158,52,F,1,Graduate,Married,Ca,91750,No,Yes,No,Cellular,Selfemployeed,1250,4
721250358,37,F,3,Unknown,Married,Nj,91750,No,No,No,Cellular,Blue-Collar,10956,5
721252683,41,F,5,Uneducated,Single,Ny,91750,No,Yes,No,Cellular,Blue-Collar,36733,5
721253508,47,M,4,Graduate,Single,Ny,91750,No,Yes,No,Cellular,Businessman,76772,3
721254858,41,M,2,Uneducated,Married,Fl,91750,No,No,No,Cellular,Retirees,43760,4
721256808,33,M,0,Unknown,Single,Fl,91750,No,Yes,No,Cellular,Businessman,59259,4
721258158,45,F,2,Graduate,Married,Tx,91750,No,Yes,No,Cellular,Govt,27341,5
721264533,52,F,2,Doctorate,Married,Tx,91750,No,No,No,Cellular,Businessman,219044,4
721265883,46,F,5,Unknown,Single,Ny,91750,Yes,No,No,Cellular,Govt,28779,5
721268133,45,F,5,Post-Graduate,Unknown,Ny,91750,No,Yes,No,Telephone,Blue-Collar,38010,5
721269108,39,M,2,Graduate,Married,Fl,91750,Yes,Yes,No,Telephone,Selfemployeed,65739,5
721273008,48,F,5,Uneducated,Married,Fl,91750,Yes,No,No,Unknown,Selfemployeed,14975,4
721274208,34,F,1,Graduate,Unknown,Tx,91750,No,No,No,Cellular,White-Collar,26872,4
721276383,44,F,4,Graduate,Single,Ca,91750,No,No,No,Cellular,Govt,43483,5
721279083,52,F,2,Uneducated,Married,Ca,91750,No,Yes,No,Cellular,White-Collar,16767,4
721282908,45,F,4,High School,Single,Fl,91750,No,No,No,Cellular,Blue-Collar,46464,4
721284258,50,F,1,Doctorate,Married,Ca,91750,Yes,No,Yes,Cellular,Selfemployeed,14975,4
721287183,45,M,3,High School,Married,Tx,91750,No,No,No,Cellular,White-Collar,82100,3
721288158,65,F,0,Graduate,Married,Fl,91750,No,No,No,Cellular,White-Collar,29250,4
721290708,47,F,4,Uneducated,Single,Fl,91750,Yes,Yes,No,Unknown,Businessman,217183,5
721294533,58,F,2,Graduate,Married,Fl,91750,Yes,Yes,No,Cellular,Businessman,201871,4
721295658,42,F,5,Unknown,Married,Or,91750,No,Yes,No,Unknown,Blue-Collar,46626,5
721299483,45,M,4,High School,Married,Tx,91750,Yes,No,No,Unknown,Govt,52387,3
721301733,52,F,1,Uneducated,Married,Ca,91750,Yes,No,Yes,Telephone,Selfemployeed,14975,4
721304133,31,F,0,Uneducated,Single,Nj,91750,Yes,No,No,Unknown,White-Collar,17178,5
721305408,42,M,3,Graduate,Single,Ca,91750,No,No,No,Cellular,Businessman,77210,5
721306908,52,F,2,Graduate,Married,Tx,91750,No,Yes,No,Telephone,Retirees,37384,5
721308033,47,F,3,Unknown,Single,Tx,91750,Yes,Yes,No,Cellular,Govt,30650,5
721310283,48,F,1,Graduate,Single,Ny,91750,No,Yes,No,Cellular,Blue-Collar,16096,4
721311333,43,F,3,Unknown,Married,Ny,91750,Yes,No,No,Cellular,Businessman,26989,4
721313808,46,M,2,Graduate,Married,Ca,91750,No,No,No,Cellular,Govt,64932,4
721315233,42,F,2,Post-Graduate,Single,Ca,91750,No,No,No,Telephone,Selfemployeed,42034,4
721316358,53,F,2,Graduate,Married,Ny,91750,Yes,Yes,No,Cellular,White-Collar,49917,3
721317333,47,M,3,Graduate,Married,Tx,91750,Yes,Yes,No,Cellular,Selfemployeed,77105,5
721321383,49,M,2,Post-Graduate,Unknown,Fl,91750,Yes,No,No,Cellular,White-Collar,61404,4
721325133,44,M,3,Graduate,Married,Tx,91750,No,No,No,Cellular,Selfemployeed,65628,5
721332033,53,M,2,Uneducated,Single,Ny,91750,No,No,No,Cellular,Selfemployeed,61058,5
721333233,38,F,2,Graduate,Single,Tx,91750,Yes,Yes,No,Unknown,Selfemployeed,14975,4
721335558,37,M,3,Graduate,Married,Ca,91750,No,No,No,Cellular,Businessman,104644,5
721338783,42,F,4,Post-Graduate,Married,Tx,91750,No,No,No,Cellular,Selfemployeed,37241,5
721342383,64,F,0,Graduate,Single,Ny,91750,Yes,No,No,Unknown,Blue-Collar,17235,4
721344858,55,F,2,Unknown,Single,Ny,91750,Yes,No,Yes,Cellular,Retirees,23287,3
721347408,50,F,0,Doctorate,Single,Tx,91750,No,Yes,No,Cellular,Blue-Collar,14464,5
721349883,46,M,1,Graduate,Married,Tx,91750,No,No,No,Cellular,Govt,40144,4
721350783,30,F,0,Graduate,Single,Tx,91750,No,Yes,No,Cellular,Selfemployeed,14975,4
721351983,42,F,3,Uneducated,Single,Ny,91750,Yes,No,No,Cellular,Businessman,28813,4
721359183,45,M,3,High School,Married,Fl,91750,No,No,No,Cellular,Govt,60037,4
721361433,37,M,1,Unknown,Married,Fl,91750,No,No,No,Cellular,White-Collar,64098,4
721365033,54,F,4,Graduate,Married,Tx,91750,Yes,Yes,No,Unknown,Businessman,21485,3
721366308,45,F,4,Unknown,Married,Ca,91750,Yes,No,No,Cellular,Govt,40732,4
721374033,44,F,2,Unknown,Married,Tx,91750,No,No,No,Cellular,Govt,58282,5
721375308,52,F,3,Uneducated,Married,Ny,91750,No,Yes,No,Unknown,Selfemployeed,11330,4
721378008,36,F,3,High School,Married,Nj,91750,Yes,No,No,Cellular,White-Collar,31796,5
721379433,32,M,1,Unknown,Married,Fl,91750,No,Yes,No,Cellular,Selfemployeed,10374,3
721382208,45,M,5,High School,Single,Ny,91750,No,Yes,No,Cellular,White-Collar,136919,3
721384308,56,M,1,Graduate,Married,Ca,91750,No,No,No,Cellular,Govt,77298,3
721385433,41,F,3,Uneducated,Unknown,Tx,91750,No,No,No,Cellular,Selfemployeed,14975,3
721387008,42,M,2,Uneducated,Married,Ca,91750,No,Yes,No,Cellular,Blue-Collar,78480,4
721388283,39,M,2,Unknown,Married,Ca,91750,Yes,No,No,Cellular,Selfemployeed,80821,5
721393083,39,M,2,Graduate,Married,Ny,91750,Yes,Yes,No,Cellular,Govt,90809,4
721395633,39,F,3,Graduate,Single,Ca,90025,No,Yes,No,Cellular,Businessman,198648,5
721396758,57,M,4,Graduate,Married,Ca,91750,No,Yes,No,Cellular,Businessman,91779,4
721397808,52,F,1,Unknown,Married,Tx,91750,Yes,No,No,Cellular,Selfemployeed,14975,3
721398858,41,F,2,Graduate,Single,Tx,91750,No,Yes,No,Cellular,Businessman,52211,5
721399833,50,M,2,Graduate,Married,Tx,91750,No,Yes,No,Cellular,Selfemployeed,76182,3
721402233,53,F,1,Uneducated,Unknown,Ny,91750,No,No,Yes,Cellular,Businessman,219873,3
721406658,51,F,4,Graduate,Single,Ca,91750,No,No,No,Unknown,Govt,28294,3
721409358,43,M,4,Graduate,Married,Nj,91750,Yes,No,No,Cellular,Retirees,68174,5
721410858,42,M,3,Graduate,Single,Ca,91750,No,No,No,Cellular,White-Collar,66184,5
721412208,39,F,1,Graduate,Single,Ny,91750,No,No,No,Cellular,Blue-Collar,44400,5
721415658,56,F,4,Uneducated,Single,Fl,91750,No,No,No,Unknown,Businessman,33354,4
721417233,26,M,0,Graduate,Single,Pa,91750,Yes,No,No,Cellular,Selfemployeed,1250,5
721418133,51,M,3,Unknown,Single,Fl,91750,No,No,No,Cellular,Businessman,67611,5
721424583,60,F,2,Uneducated,Unknown,Mi,91750,No,Yes,No,Cellular,Blue-Collar,54653,3
721425558,42,F,3,Uneducated,Married,Ca,91750,Yes,No,No,Telephone,Selfemployeed,14975,5
721426383,56,F,2,Graduate,Married,Tx,91750,No,Yes,No,Unknown,Selfemployeed,27221,5
721427358,64,F,0,Uneducated,Single,Ny,91750,No,No,No,Telephone,White-Collar,21600,5
721428333,56,F,3,Graduate,Single,Fl,91750,No,Yes,No,Unknown,White-Collar,39360,5
721433283,54,F,2,Doctorate,Married,Ca,91750,No,Yes,No,Cellular,Selfemployeed,14240,4
721434483,50,F,3,High School,Married,Ca,91750,No,No,No,Cellular,Selfemployeed,31002,4
721437333,48,F,4,Graduate,Married,Ca,91750,No,No,No,Cellular,Retirees,20376,5
721438233,54,F,1,Uneducated,Single,Ny,91750,No,No,No,Unknown,Businessman,219170,4
721440633,56,F,2,Uneducated,Married,Tx,91750,No,Yes,No,Cellular,Blue-Collar,59866,4
721443408,44,F,4,Uneducated,Married,Fl,91750,Yes,No,No,Cellular,White-Collar,38150,3
721444758,42,M,3,High School,Married,Tx,91750,Yes,No,No,Cellular,Blue-Collar,88447,5
721445658,42,M,3,Unknown,Married,Nj,91750,Yes,No,No,Cellular,White-Collar,111512,5
721448283,30,M,1,Unknown,Married,Ca,91750,Yes,No,No,Cellular,Govt,30161,4
721449408,48,M,4,Uneducated,Married,Ny,91750,No,Yes,No,Cellular,Businessman,77243,5
721451208,46,F,2,Unknown,Single,Ca,91750,Yes,No,No,Unknown,Govt,19617,5
721455558,55,M,1,Uneducated,Single,Ca,91010,Yes,No,No,Unknown,Businessman,181063,4
721459008,50,F,2,Unknown,Unknown,Tx,91750,No,Yes,No,Cellular,Businessman,187944,4
721460283,36,F,2,Unknown,Married,Fl,91750,No,Yes,No,Cellular,Blue-Collar,22446,5
721461258,56,M,2,High School,Married,Ny,91750,No,Yes,No,Cellular,Retirees,60335,4
721462458,34,F,3,Graduate,Married,Ca,91750,Yes,Yes,No,Cellular,Govt,42170,5
721464783,39,F,3,High School,Married,Fl,91750,No,Yes,No,Cellular,Govt,21470,4
721467258,36,F,2,Doctorate,Single,Il,91750,No,Yes,No,Cellular,Selfemployeed,14975,3
721468533,41,M,2,High School,Married,Ca,91750,Yes,Yes,Yes,Cellular,Govt,103830,5
721469433,57,F,4,Unknown,Married,Fl,91750,Yes,Yes,Yes,Unknown,Businessman,15688,5
721473783,36,M,2,Post-Graduate,Married,Nj,91750,No,Yes,No,Cellular,Selfemployeed,71005,4
721475133,43,F,2,Unknown,Married,Fl,91750,Yes,Yes,No,Cellular,Selfemployeed,32311,4
721479108,48,F,1,High School,Married,Tx,91750,Yes,No,No,Unknown,Retirees,36445,5
721480158,40,F,4,Graduate,Married,Ny,91750,No,No,No,Cellular,Blue-Collar,26265,4
721483158,38,M,2,Unknown,Single,Nj,91750,No,No,No,Telephone,Businessman,66102,5
721484283,46,M,3,High School,Married,Tx,91750,Yes,Yes,No,Cellular,Businessman,88770,4
721485708,46,F,3,Graduate,Married,Tx,91750,Yes,Yes,No,Cellular,Selfemployeed,10249,5
721486908,43,M,1,Graduate,Married,Ca,91750,Yes,Yes,No,Cellular,Businessman,106943,5
721488858,40,M,5,Graduate,Unknown,Ca,90250,No,No,No,Unknown,Businessman,166574,3
721491258,55,F,2,Graduate,Married,Fl,91750,No,Yes,No,Cellular,Selfemployeed,13583,4
721493883,50,F,2,High School,Married,Ca,91750,No,No,No,Cellular,Selfemployeed,36288,5
721495458,52,M,2,Graduate,Married,Fl,91750,No,No,No,Unknown,Govt,111038,3
721498008,26,F,0,Uneducated,Single,Fl,91750,No,Yes,No,Cellular,Blue-Collar,46332,4
721500108,56,M,4,Unknown,Married,Tx,91750,No,No,No,Cellular,Selfemployeed,60536,3
721501308,42,M,2,High School,Single,Ca,91750,Yes,Yes,No,Cellular,Businessman,60893,3
721502958,48,F,3,Graduate,Married,Nj,91750,Yes,Yes,No,Cellular,Blue-Collar,13353,4
721505358,41,M,3,Unknown,Unknown,Ca,91750,No,Yes,No,Telephone,White-Collar,73985,3
721506708,50,F,3,Graduate,Married,Ny,91750,No,No,No,Unknown,Blue-Collar,46847,5
721508283,30,F,2,Graduate,Single,Fl,91750,No,Yes,No,Unknown,White-Collar,40692,4
721509558,40,F,3,Graduate,Married,Tx,91750,No,No,No,Unknown,Selfemployeed,14975,3
721511883,37,M,1,Graduate,Single,Fl,91750,No,No,No,Cellular,Businessman,88450,5
721513833,36,M,2,Graduate,Married,Tx,91750,No,Yes,No,Cellular,Selfemployeed,32671,5
721514883,38,M,3,Graduate,Single,Ca,91750,Yes,Yes,No,Telephone,Retirees,72985,4
721517208,32,F,1,Graduate,Married,Tx,91750,Yes,Yes,No,Telephone,Blue-Collar,10877,4
721519908,51,M,1,Unknown,Single,Tx,91750,No,Yes,No,Cellular,White-Collar,128532,3
721522533,53,F,2,Post-Graduate,Married,Ca,91750,Yes,No,No,Cellular,Blue-Collar,57162,5
721523658,49,F,1,Doctorate,Single,Ca,91750,No,No,No,Cellular,Retirees,40666,5
721524858,51,M,4,Graduate,Single,Tx,91750,No,Yes,No,Cellular,White-Collar,125585,5
721525758,58,M,1,Graduate,Single,Ny,91750,No,Yes,No,Cellular,Blue-Collar,86072,5
721527858,48,F,4,Unknown,Married,Fl,91750,No,No,No,Cellular,Selfemployeed,25957,4
721529583,47,F,5,Graduate,Married,Tx,91750,Yes,No,No,Telephone,Blue-Collar,38402,4
721530633,50,F,2,Graduate,Married,Ny,91750,No,No,No,Cellular,Businessman,206542,4
721531683,58,M,4,Uneducated,Single,Ny,91750,No,No,No,Cellular,Govt,49645,4
721532583,65,M,1,Graduate,Married,Ca,91750,No,Yes,Yes,Cellular,Retirees,19823,4
721537683,53,F,2,Graduate,Single,Ny,91750,No,Yes,No,Cellular,Businessman,47296,5
721538883,41,M,4,Uneducated,Married,Ny,91750,Yes,No,No,Cellular,Blue-Collar,63085,5
734909358,50,F,1,Unknown,Married,Tx,91750,No,Yes,No,Unknown,White-Collar,58951,4
734924658,39,F,1,Unknown,Married,Ut,91750,Yes,No,No,Cellular,White-Collar,50927,3
735008958,44,F,3,Graduate,Unknown,Ny,91750,Yes,Yes,No,Cellular,Selfemployeed,14975,3
735417408,47,F,3,Graduate,Married,Ny,91750,No,No,No,Cellular,Blue-Collar,18886,5
735565158,32,F,0,Graduate,Married,Ca,91750,No,No,No,Telephone,Selfemployeed,14975,5
735825258,53,F,4,High School,Single,Tx,91750,Yes,No,No,Unknown,Businessman,214011,5
736145283,45,F,5,Graduate,Single,Ca,91750,Yes,Yes,No,Cellular,Businessman,39116,4
736552308,48,F,3,High School,Married,Ca,91750,No,No,No,Cellular,Selfemployeed,36068,5
736786908,47,M,2,Unknown,Married,Ca,91750,No,Yes,No,Cellular,Govt,101417,4
736893108,51,F,2,Uneducated,Married,Ny,91750,Yes,Yes,No,Cellular,Blue-Collar,53338,4
737052258,47,M,4,Graduate,Married,Ny,91750,Yes,Yes,No,Cellular,Govt,66810,4
737921733,60,F,1,Uneducated,Single,Fl,91750,No,No,No,Unknown,Selfemployeed,14975,4
737925558,51,F,1,Graduate,Single,Fl,91750,No,No,Yes,Unknown,Selfemployeed,14116,4
737933883,37,F,2,Unknown,Unknown,Fl,91750,No,No,No,Cellular,Govt,20611,4
737944908,48,F,2,High School,Unknown,Nj,91750,No,No,No,Cellular,Selfemployeed,14975,4
737952333,53,F,1,Graduate,Single,Tx,91750,No,Yes,No,Cellular,Retirees,37364,4
737962608,34,M,2,Uneducated,Married,Fl,91750,No,No,No,Unknown,Blue-Collar,68267,4
737967708,33,F,3,Unknown,Married,Tx,91750,No,Yes,Yes,Cellular,Govt,49975,4
737971833,56,F,3,High School,Single,Fl,91750,No,No,No,Cellular,Selfemployeed,28648,4
737982408,41,M,4,High School,Married,Ca,91750,No,Yes,No,Unknown,Govt,28614,4
737986083,65,F,0,Graduate,Married,Ca,91750,Yes,Yes,No,Unknown,Govt,35009,4
738062658,62,M,1,High School,Married,Ny,91750,No,No,No,Cellular,Selfemployeed,54462,3
738195708,31,F,1,Unknown,Married,Tx,91750,Yes,Yes,Yes,Cellular,Selfemployeed,39348,4
738406533,38,F,3,High School,Married,Ny,91750,No,Yes,No,Cellular,Selfemployeed,14975,4
738627708,50,F,3,Graduate,Unknown,Ny,91750,No,Yes,No,Unknown,White-Collar,16743,4
738749733,46,F,3,Doctorate,Single,Ny,91750,No,Yes,No,Unknown,Selfemployeed,13126,4
738899658,44,F,2,Unknown,Married,Fl,91750,No,No,No,Cellular,Retirees,28089,4
739021908,52,M,2,Doctorate,Married,Ca,90025,No,No,No,Cellular,Businessman,127397,4
739117233,52,F,2,Graduate,Single,Ca,91750,No,No,No,Cellular,Blue-Collar,21966,4
739317558,47,M,2,Graduate,Unknown,Ca,91750,Yes,No,No,Telephone,Selfemployeed,84508,4
739594758,40,F,4,Post-Graduate,Married,Nj,91750,Yes,Yes,No,Unknown,Selfemployeed,2565,4
739692933,61,F,0,High School,Single,Ca,91750,Yes,No,No,Telephone,Selfemployeed,14975,4
739828308,45,F,2,Uneducated,Single,Ca,91750,Yes,No,No,Cellular,Selfemployeed,44880,4
740065833,53,M,4,Post-Graduate,Married,Ca,91750,Yes,Yes,Yes,Cellular,Govt,114832,4
740784258,41,M,4,Post-Graduate,Married,Tx,91750,No,No,No,Cellular,Selfemployeed,53070,4
740852733,45,F,5,Graduate,Single,Nj,91750,Yes,No,No,Cellular,Selfemployeed,14975,4
741116058,42,F,2,Unknown,Married,Tx,91750,No,Yes,No,Cellular,Govt,22444,3
741344808,53,F,2,Unknown,Married,Tx,91750,No,No,No,Cellular,Selfemployeed,33437,4
741517458,31,F,0,Uneducated,Married,Nj,91750,No,Yes,No,Telephone,Retirees,17549,3
741778458,51,F,2,Graduate,Single,Ca,91750,No,Yes,No,Cellular,White-Collar,37043,4
742552683,31,M,1,Unknown,Single,Ca,91750,Yes,No,No,Cellular,Retirees,53732,4
742572558,46,M,2,Unknown,Single,Ny,91750,Yes,No,No,Cellular,White-Collar,84775,3
742778358,48,F,3,High School,Single,Ca,91750,No,No,Yes,Cellular,Govt,47606,4
742865883,50,M,3,High School,Single,Ne,91750,Yes,Yes,No,Cellular,Blue-Collar,97292,4
743265108,52,F,2,Graduate,Married,Tx,91750,No,Yes,Yes,Cellular,Businessman,28265,4
743420208,51,F,4,High School,Single,Ny,91750,No,No,No,Unknown,White-Collar,143915,4
743590608,54,F,4,High School,Single,Ca,91750,No,Yes,No,Cellular,Blue-Collar,54543,4
743800833,53,M,2,High School,Married,Tx,91750,No,Yes,No,Cellular,Selfemployeed,65762,4
743912958,36,F,2,Unknown,Married,Ny,91750,No,Yes,No,Cellular,Govt,49714,4
744231708,50,F,1,Doctorate,Single,Fl,91750,No,No,No,Cellular,White-Collar,52344,4
744307008,50,F,0,High School,Married,Ca,91750,Yes,No,No,Cellular,Retirees,44543,4
744483633,56,F,5,Unknown,Single,Tx,91750,No,No,No,Cellular,Govt,32166,4
744705408,43,F,4,Graduate,Single,Tx,91750,Yes,No,No,Cellular,Blue-Collar,54916,4
744764433,26,F,0,Graduate,Single,Tx,91750,No,No,No,Cellular,Businessman,14971,4
745124658,43,M,3,Unknown,Unknown,Tx,91750,No,Yes,No,Cellular,Govt,80409,4
745435533,46,F,4,Unknown,Single,Tx,91750,No,No,Yes,Unknown,Businessman,34801,3
745853283,57,M,1,Post-Graduate,Unknown,Tx,91750,No,Yes,No,Cellular,Govt,95513,4
746453583,41,M,3,High School,Married,Tx,91750,Yes,Yes,No,Telephone,Retirees,65435,4
747074058,48,M,5,Post-Graduate,Single,Ca,91750,Yes,Yes,No,Cellular,Govt,77019,4
747107508,54,F,2,High School,Married,Ca,91750,Yes,Yes,No,Cellular,Govt,55888,4
747208083,36,M,3,Graduate,Married,Fl,91750,Yes,Yes,No,Cellular,Retirees,58446,3
747551658,60,F,1,Graduate,Married,Tx,91750,Yes,No,No,Cellular,Businessman,226801,3
747885858,45,M,2,High School,Single,Ca,90250,No,Yes,No,Cellular,Businessman,175433,4
748194633,48,M,3,High School,Married,Tx,91750,No,No,Yes,Cellular,White-Collar,68516,4
748326258,61,M,0,Graduate,Married,Ca,91750,Yes,No,No,Unknown,Selfemployeed,14975,3
748503708,46,F,2,Unknown,Married,Tx,91750,No,Yes,No,Cellular,Selfemployeed,14975,3
748617858,45,F,3,High School,Single,Tx,91750,No,Yes,No,Cellular,Blue-Collar,33978,3
748827033,30,M,2,Uneducated,Single,Tx,91750,Yes,Yes,No,Cellular,Retirees,78076,3
749067633,39,F,2,Graduate,Single,Ca,91750,Yes,Yes,No,Cellular,White-Collar,47686,3
749211483,53,M,4,High School,Married,Ca,91750,No,No,No,Cellular,Blue-Collar,86337,4
749571633,43,M,2,Unknown,Single,Tx,91750,Yes,No,No,Cellular,Blue-Collar,55673,4
749722908,48,M,5,High School,Married,Fl,91750,Yes,Yes,No,Cellular,White-Collar,48858,4
750147483,43,M,4,High School,Married,Fl,91750,No,No,No,Cellular,White-Collar,97974,4
750690258,46,M,4,Doctorate,Married,Fl,91750,No,Yes,No,Cellular,Govt,112268,4
750995508,43,F,3,Graduate,Single,Hi,91750,No,No,No,Telephone,Selfemployeed,14975,4
751076058,47,M,3,Uneducated,Single,Tx,91750,No,No,No,Cellular,Businessman,41605,3
751143858,52,M,3,Post-Graduate,Married,Tx,91750,No,Yes,No,Cellular,White-Collar,72165,4
751150233,56,M,2,Post-Graduate,Married,Fl,91750,No,No,No,Cellular,Retirees,63580,4
751155783,49,F,3,Graduate,Single,Ma,91750,No,No,No,Cellular,Businessman,193920,3
751166508,53,M,2,Graduate,Single,Ca,90266,No,No,Yes,Cellular,Businessman,161119,4
751227183,55,F,1,Unknown,Married,Ak,72023,Yes,Yes,No,Unknown,White-Collar,24863,4
751283658,57,F,1,Graduate,Unknown,Ny,91750,Yes,Yes,No,Cellular,Retirees,57086,3
751350558,45,M,3,High School,Married,Tx,91750,No,No,Yes,Cellular,Selfemployeed,77646,4
751381458,42,M,3,High School,Single,Ca,91750,No,Yes,No,Cellular,White-Collar,42604,4
751422258,38,F,1,Unknown,Married,Ny,91750,No,No,No,Cellular,Retirees,36322,4
751450008,53,F,3,High School,Married,Fl,91750,No,No,No,Cellular,Selfemployeed,14975,4
751469808,42,F,5,Uneducated,Married,Tx,91750,No,Yes,No,Unknown,Selfemployeed,14975,4
751487358,52,F,3,Graduate,Married,Tx,91750,No,Yes,No,Cellular,Selfemployeed,15370,4
751518633,45,M,3,High School,Married,Ak,72023,No,Yes,No,Unknown,Blue-Collar,24402,4
751563933,36,M,2,Graduate,Single,Ny,91750,No,No,No,Cellular,Govt,102341,3
751607058,52,M,0,Uneducated,Married,Tx,91750,No,Yes,No,Cellular,Govt,61164,3
751974258,51,M,3,Uneducated,Married,Ca,91750,Yes,Yes,No,Cellular,White-Collar,103007,4
752085108,49,F,3,Graduate,Single,Ca,91750,No,Yes,No,Cellular,Businessman,16512,3
752199183,42,M,3,Graduate,Single,Fl,91750,No,Yes,No,Cellular,Blue-Collar,85869,3
752573508,38,F,3,Graduate,Single,Fl,91750,No,Yes,No,Cellular,Selfemployeed,40967,4
752604633,56,F,2,Uneducated,Married,Nj,91750,No,No,No,Cellular,Selfemployeed,2565,4
752648883,47,M,1,Graduate,Married,Ny,91750,No,Yes,No,Cellular,Blue-Collar,80811,4
752666508,41,F,2,Uneducated,Married,Ny,91750,No,No,No,Unknown,Selfemployeed,5525,4
752766783,49,M,2,Graduate,Married,Fl,91750,No,No,No,Cellular,Selfemployeed,50436,3
752944533,39,M,1,Post-Graduate,Single,Ny,91750,No,Yes,No,Cellular,Blue-Collar,92051,3
752952108,43,F,3,High School,Married,Ga,91750,No,No,No,Cellular,White-Collar,14975,4
753094533,36,F,1,Post-Graduate,Married,Ca,91750,Yes,No,No,Unknown,Blue-Collar,38395,4
753118533,43,M,5,Post-Graduate,Single,Tx,91750,No,Yes,No,Cellular,Govt,74159,4
753208833,38,M,2,Graduate,Married,Fl,91750,No,Yes,Yes,Cellular,Govt,46395,4
753220383,52,M,2,High School,Married,Oh,91750,No,No,No,Cellular,Businessman,113126,4
753226158,34,F,2,Graduate,Single,Ny,91750,No,No,No,Telephone,Selfemployeed,16520,4
753233733,45,F,5,Unknown,Single,Ca,91750,No,No,No,Cellular,Businessman,42057,4
753327333,50,F,5,Uneducated,Married,Ca,91750,No,No,No,Cellular,Selfemployeed,5525,4
753365883,47,F,3,Uneducated,Single,Ny,91750,No,Yes,Yes,Telephone,Businessman,25056,4
753443583,59,M,1,Uneducated,Married,Fl,91750,Yes,Yes,No,Cellular,Businessman,46988,3
753534633,47,F,3,Uneducated,Married,Ca,91750,Yes,Yes,No,Cellular,Businessman,35050,4
753606108,28,F,0,Graduate,Married,Ca,91750,Yes,No,No,Cellular,Selfemployeed,6550,4
753642933,54,F,0,Unknown,Single,Ca,91750,Yes,Yes,No,Cellular,Selfemployeed,56633,4
753795633,56,F,1,Graduate,Married,Ca,91750,Yes,No,No,Cellular,Selfemployeed,25712,4
753856008,42,F,3,Graduate,Married,Ca,91750,No,No,No,Cellular,Govt,39227,4
754282908,44,F,2,Post-Graduate,Married,Ca,91750,Yes,Yes,No,Cellular,Businessman,20330,4
754443033,52,M,1,Graduate,Single,Nv,91750,Yes,No,No,Cellular,White-Collar,117748,4
754457883,37,F,4,Uneducated,Married,Fl,91750,No,Yes,No,Cellular,Selfemployeed,17558,3
754480233,38,M,2,High School,Single,Ny,91750,Yes,No,Yes,Cellular,Businessman,76418,4
754564308,40,M,4,Unknown,Unknown,Fl,91750,No,No,No,Unknown,White-Collar,39282,4
754599558,54,F,1,Uneducated,Married,Ny,91750,Yes,No,No,Cellular,Businessman,43053,4
754654383,47,F,4,Unknown,Married,Tx,91750,No,Yes,Yes,Unknown,Selfemployeed,14975,4
754671558,32,F,1,High School,Single,Tx,91750,No,Yes,No,Cellular,Retirees,21158,3
754851783,43,M,4,Unknown,Single,Il,91750,No,No,Yes,Cellular,White-Collar,61815,3
754872333,39,M,3,Uneducated,Single,Ca,91750,Yes,No,No,Cellular,White-Collar,76381,3
754886958,47,F,2,Graduate,Married,Ny,91750,Yes,Yes,No,Cellular,Selfemployeed,13150,3
754897008,38,F,0,High School,Single,Il,91750,Yes,Yes,No,Unknown,Selfemployeed,11803,4
754968033,33,M,2,Graduate,Single,Tx,91750,Yes,No,Yes,Cellular,Govt,84528,4
755212608,36,M,4,Graduate,Single,Fl,91750,No,No,No,Cellular,Retirees,99525,4
755220783,65,M,1,Graduate,Single,Fl,91750,No,No,No,Cellular,Blue-Collar,39016,3
755247108,42,M,3,Graduate,Married,Tx,91750,No,Yes,No,Cellular,White-Collar,75988,4
755262933,58,F,3,Doctorate,Married,Fl,91750,No,Yes,No,Cellular,Selfemployeed,14225,3
755273658,55,F,2,Graduate,Married,Ny,91750,No,No,No,Unknown,Businessman,20815,4
755305683,50,M,3,Graduate,Single,Fl,91750,Yes,Yes,No,Cellular,Businessman,204185,4
755365233,47,M,3,Unknown,Single,Ca,91750,Yes,Yes,No,Cellular,Businessman,45882,4
755399433,44,M,3,High School,Married,Ny,91750,Yes,Yes,Yes,Cellular,Selfemployeed,68259,4
755420433,45,F,4,High School,Single,Fl,91750,No,No,No,Telephone,Selfemployeed,5525,4
755437533,48,M,4,Unknown,Married,Tx,91750,No,Yes,No,Cellular,Selfemployeed,89712,4
755467683,40,F,3,Graduate,Single,Ca,91750,No,Yes,Yes,Cellular,Selfemployeed,26789,4
755593983,42,M,4,Graduate,Single,Tx,91750,Yes,Yes,No,Cellular,White-Collar,44086,3
755615208,43,F,3,Graduate,Single,Tx,91750,Yes,No,No,Cellular,Govt,49807,4
755661933,49,F,2,High School,Married,Ca,91750,No,No,No,Cellular,Businessman,27436,4
755943033,48,F,2,Unknown,Married,Ca,91750,Yes,Yes,No,Unknown,Retirees,27793,4
755953308,45,F,3,Graduate,Married,Fl,91750,No,Yes,No,Telephone,Selfemployeed,9535,4
755959683,45,F,4,Unknown,Single,Fl,91750,Yes,Yes,No,Telephone,Selfemployeed,11453,4
755996583,44,F,5,Graduate,Unknown,Tx,91750,No,Yes,Yes,Unknown,White-Collar,30015,4
756013833,50,F,3,Graduate,Unknown,Ga,91750,No,No,No,Cellular,Blue-Collar,16175,4
756025233,65,F,0,Unknown,Married,Ny,91750,No,No,No,Unknown,Blue-Collar,27468,4
756065433,53,F,3,Unknown,Married,Ca,91750,No,Yes,No,Cellular,Blue-Collar,29698,4
756306183,39,M,2,Graduate,Married,Fl,91750,No,Yes,No,Cellular,White-Collar,84322,4
756371058,53,F,4,Unknown,Single,Ny,91750,No,No,No,Cellular,Businessman,210317,4
756383283,63,F,2,Graduate,Married,Ca,91750,No,No,No,Cellular,Blue-Collar,52432,4
756397458,37,F,1,Uneducated,Single,Ca,91750,No,Yes,No,Telephone,Blue-Collar,35298,4
756409758,46,F,2,Graduate,Single,Tx,91750,Yes,Yes,No,Cellular,Blue-Collar,13991,4
756458508,58,F,1,Post-Graduate,Married,Tx,91750,No,Yes,Yes,Unknown,Blue-Collar,36278,3
756477333,44,M,1,Unknown,Single,Ny,91750,No,No,No,Telephone,Blue-Collar,78525,4
756488883,60,F,1,Graduate,Single,Ca,91750,No,No,No,Unknown,Retirees,20582,4
756571983,37,M,1,Graduate,Married,Nj,91750,No,Yes,No,Cellular,White-Collar,87016,4
756598833,54,M,3,High School,Single,Fl,91750,Yes,Yes,No,Telephone,White-Collar,98760,3
756624183,40,F,3,Unknown,Married,Ca,91750,No,No,No,Cellular,Blue-Collar,38107,3
756629133,43,F,3,Unknown,Unknown,Fl,91750,Yes,Yes,No,Cellular,Govt,21374,3
756639708,34,F,2,Uneducated,Single,Fl,91750,Yes,No,No,Cellular,Businessman,227434,4
756658083,43,M,2,Unknown,Single,Ny,91750,No,No,No,Unknown,Businessman,238224,4
756691608,44,M,3,Graduate,Unknown,Tx,91750,No,Yes,No,Cellular,Businessman,79568,4
756727233,40,M,3,Uneducated,Single,Tx,91750,Yes,No,No,Cellular,Govt,84293,4
756736008,43,M,3,Graduate,Single,Tx,91750,No,No,No,Cellular,Blue-Collar,63087,3
756919683,54,F,2,Uneducated,Married,Ny,91750,Yes,Yes,Yes,Cellular,Selfemployeed,58257,4
756944133,45,M,3,Graduate,Single,Ca,91750,No,Yes,No,Cellular,Retirees,63168,4
756989583,36,M,2,Graduate,Married,Ca,91750,Yes,No,No,Telephone,Govt,61400,4
757024233,30,M,0,Graduate,Single,Fl,91750,No,Yes,No,Unknown,Retirees,29624,3
757044033,48,F,4,High School,Married,Ny,91750,No,No,No,Cellular,Govt,46415,4
757053408,47,M,4,Unknown,Unknown,Ca,91750,No,No,No,Cellular,Blue-Collar,39051,3
757167633,34,F,1,Graduate,Married,Ca,91750,No,No,No,Cellular,Retirees,43315,4
757194408,39,F,3,Graduate,Married,Ny,91750,No,No,No,Cellular,Selfemployeed,14975,4
757224108,47,F,3,Graduate,Single,Tx,91750,No,Yes,Yes,Telephone,Selfemployeed,45474,4
757247808,37,M,5,Doctorate,Single,Fl,91750,Yes,No,No,Cellular,White-Collar,119011,4
757256358,50,F,2,Doctorate,Married,Ny,91750,Yes,No,No,Unknown,Businessman,222052,4
757266933,43,F,4,Graduate,Married,Fl,91750,No,Yes,No,Cellular,Retirees,27399,3
757291008,50,M,1,Graduate,Single,Tx,91750,Yes,No,No,Cellular,Govt,117509,4
757300008,36,F,1,Graduate,Single,Nj,91750,Yes,No,No,Cellular,Businessman,55228,4
757481283,30,F,0,Unknown,Single,Tx,91750,No,Yes,Yes,Cellular,Govt,18653,4
757527033,45,M,3,High School,Married,Tx,91750,No,No,No,Cellular,Retirees,71710,3
757594083,49,M,4,Graduate,Single,Ny,91750,Yes,No,No,Cellular,Selfemployeed,67126,5
757634583,61,M,1,Uneducated,Single,Ny,91750,No,Yes,No,Cellular,Businessman,63382,5
757643733,42,M,4,Graduate,Married,Ny,91750,Yes,Yes,No,Telephone,Retirees,85275,4
757662258,44,M,4,Graduate,Married,Ny,91750,No,No,No,Cellular,Businessman,94405,5
757667133,51,M,3,Uneducated,Single,Tx,91750,Yes,Yes,Yes,Cellular,Govt,76201,5
757675158,46,M,2,Graduate,Single,Ny,91750,No,No,No,Cellular,Retirees,84745,5
757685733,52,M,2,High School,Single,Tx,91750,No,Yes,No,Cellular,White-Collar,91932,4
757710783,54,F,4,Graduate,Married,Fl,91750,No,Yes,No,Cellular,Businessman,28974,5
757722708,44,M,1,Graduate,Single,Fl,91750,Yes,Yes,No,Cellular,Selfemployeed,55089,4
757753083,56,F,1,Graduate,Single,Fl,91750,No,Yes,No,Cellular,Blue-Collar,49111,5
757761033,49,M,4,High School,Married,Nj,91750,No,Yes,Yes,Cellular,Selfemployeed,73614,3
757786608,46,M,4,Graduate,Single,Ca,90025,Yes,No,No,Cellular,Businessman,231400,5
757837458,59,F,1,Uneducated,Married,Tx,91750,Yes,Yes,Yes,Cellular,Businessman,49296,3
757854858,48,F,3,Graduate,Married,Ca,91750,No,Yes,No,Unknown,Businessman,25041,3
757863258,47,M,2,High School,Single,Tx,91750,No,No,No,Cellular,Retirees,103921,4
757881258,44,M,3,High School,Single,Ny,91750,No,Yes,No,Unknown,Retirees,29783,5
758076408,51,F,1,Graduate,Single,Fl,91750,Yes,No,No,Cellular,Selfemployeed,14975,5
758086458,42,F,3,Graduate,Single,Fl,91750,No,No,No,Cellular,White-Collar,50598,5
758106108,41,M,5,Unknown,Single,Ia,91750,No,No,No,Cellular,Retirees,70559,3
758168133,39,M,1,Graduate,Single,Nj,91750,Yes,No,No,Cellular,Blue-Collar,57820,5
758178558,36,F,4,Uneducated,Single,Ny,91750,No,No,No,Cellular,Businessman,51083,4
758186433,44,M,3,Post-Graduate,Single,Tx,91750,Yes,No,Yes,Cellular,Blue-Collar,90932,4
758202858,50,F,2,Graduate,Single,Tx,91750,Yes,No,No,Unknown,Retirees,37578,3
758211483,33,M,2,Graduate,Married,Wa,53022,No,No,No,Unknown,White-Collar,116828,4
758317233,47,F,4,Graduate,Married,Ca,91750,Yes,Yes,No,Cellular,Retirees,21883,5
758331483,50,F,1,Graduate,Single,Ca,90250,Yes,No,No,Cellular,Businessman,210549,3
758340108,46,M,3,Graduate,Unknown,Ny,91750,Yes,Yes,Yes,Cellular,Govt,44864,4
758348808,39,M,2,Uneducated,Married,Nj,91750,Yes,No,No,Cellular,Blue-Collar,10198,4
758367933,45,M,3,Graduate,Single,Tx,91750,No,Yes,No,Cellular,Govt,62425,3
758382183,53,M,2,Post-Graduate,Unknown,Ny,91750,No,Yes,Yes,Cellular,Govt,111706,4
758408883,39,F,1,Graduate,Single,Fl,91750,Yes,No,No,Cellular,Businessman,18505,4
758417508,62,F,1,Uneducated,Unknown,Ca,91750,No,No,No,Unknown,White-Collar,36298,4
758426583,50,F,1,High School,Married,Nj,91750,Yes,No,No,Unknown,Businessman,36274,3
758521983,33,F,1,Graduate,Unknown,Ny,91750,No,No,No,Unknown,Retirees,23357,5
758551608,47,F,3,High School,Married,Ny,91750,No,No,No,Unknown,Selfemployeed,12150,4
758583708,49,F,4,Graduate,Married,Ca,91750,Yes,No,No,Unknown,Blue-Collar,13349,4
758617233,50,M,3,Uneducated,Single,Ny,91750,Yes,No,No,Unknown,Businessman,184255,4
758642733,41,M,1,High School,Single,Ny,91750,No,Yes,Yes,Cellular,Govt,94955,4
758653833,42,M,3,High School,Single,Tx,91750,Yes,Yes,No,Cellular,Retirees,60107,4
758753283,54,M,2,Graduate,Married,Ct,91750,No,Yes,No,Cellular,White-Collar,102757,4
758765808,48,F,4,Post-Graduate,Single,Ca,91750,No,No,No,Cellular,Businessman,16082,4
758787333,62,M,0,Graduate,Married,Fl,91750,Yes,Yes,No,Cellular,Retirees,44272,4
758802333,50,M,2,Uneducated,Married,Ny,91750,No,No,No,Cellular,White-Collar,178166,5
758824608,33,F,1,Graduate,Married,Fl,91750,Yes,Yes,No,Unknown,Blue-Collar,36778,4
758833758,31,M,2,Graduate,Single,Fl,91750,Yes,No,No,Telephone,Businessman,38228,5
758863383,35,M,2,Uneducated,Married,Ca,90706,Yes,Yes,Yes,Unknown,White-Collar,124124,4
758875908,51,M,1,Graduate,Single,Ca,91750,No,No,No,Cellular,Govt,74673,3
758965158,48,M,1,Unknown,Single,Ca,91750,No,No,No,Cellular,Businessman,60154,3
759127158,49,F,4,Graduate,Married,Ny,91750,Yes,No,No,Cellular,Govt,52666,3
759584958,49,M,4,Unknown,Married,Tx,91750,No,Yes,No,Cellular,White-Collar,119230,4
759823158,42,F,5,High School,Married,Ny,91750,Yes,Yes,Yes,Unknown,Selfemployeed,14975,4
759947433,39,M,1,High School,Married,Ny,91750,No,Yes,No,Cellular,White-Collar,79353,5
760104333,40,F,1,High School,Married,Ca,91750,No,Yes,No,Cellular,White-Collar,35726,3
760807608,47,M,2,Uneducated,Single,Fl,91750,Yes,No,No,Cellular,Selfemployeed,76651,4
761079783,50,M,1,Doctorate,Married,Ca,91750,No,No,No,Cellular,Blue-Collar,107103,4
761240358,45,F,0,Unknown,Married,Ca,91750,No,No,No,Cellular,Retirees,56717,3
761544333,40,F,3,High School,Single,Tx,91750,Yes,No,No,Cellular,Selfemployeed,14975,4
761818758,58,M,2,Uneducated,Single,Ny,91750,Yes,No,No,Cellular,Selfemployeed,102218,4
762020133,47,F,4,Graduate,Unknown,Ca,91750,No,No,No,Cellular,Selfemployeed,27611,5
762775908,50,F,1,Graduate,Single,Tx,91750,No,Yes,No,Cellular,Blue-Collar,52635,4
763681908,53,M,1,Graduate,Married,Ny,91750,No,No,No,Cellular,Blue-Collar,100484,4
763895958,42,F,1,Graduate,Single,Tx,91750,Yes,Yes,No,Cellular,Selfemployeed,2565,5
764211033,33,M,2,Graduate,Married,Ca,91750,No,No,No,Cellular,White-Collar,64728,5
764316708,52,F,2,Uneducated,Single,Ny,91750,Yes,No,No,Cellular,Businessman,234305,4
764496708,51,M,3,Unknown,Single,Tx,91750,No,No,Yes,Cellular,Govt,87645,5
764776833,45,F,4,Uneducated,Married,Ca,91750,No,No,No,Cellular,Selfemployeed,14975,4
765055833,56,F,4,Graduate,Married,Fl,91750,Yes,Yes,No,Cellular,Selfemployeed,14975,4
765459858,45,M,3,Uneducated,Married,Fl,91750,Yes,No,No,Cellular,Retirees,28839,4
765584208,45,M,2,Graduate,Single,Ny,91750,No,No,No,Cellular,Selfemployeed,62862,4
765692658,48,F,2,Unknown,Unknown,Ca,91750,No,Yes,Yes,Cellular,Selfemployeed,43019,3
765731433,55,F,1,Unknown,Unknown,Ca,91750,Yes,Yes,Yes,Unknown,White-Collar,38181,5
765755283,44,M,3,Graduate,Single,Ny,91750,No,No,No,Cellular,Businessman,69793,5
765824058,33,F,3,Graduate,Single,Ny,91750,Yes,No,No,Cellular,Businessman,42183,4
765847383,42,M,3,Graduate,Married,Ia,91750,No,Yes,No,Cellular,Blue-Collar,61862,4
765940683,46,F,1,Unknown,Married,Fl,91750,No,Yes,No,Cellular,Businessman,20508,5
766006758,54,F,4,Graduate,Married,Ny,91750,Yes,No,No,Unknown,Selfemployeed,14975,3
766021083,40,F,4,Unknown,Single,Ny,91750,No,Yes,No,Cellular,Selfemployeed,30154,4
766111383,44,F,4,Graduate,Married,Ca,91750,Yes,No,Yes,Telephone,White-Collar,51374,5
766131033,56,F,2,Uneducated,Single,Tx,91750,Yes,No,No,Cellular,Govt,35216,4
766224933,55,F,3,Doctorate,Married,Nj,91750,No,No,No,Cellular,Businessman,168432,5
766273533,52,F,0,Graduate,Married,Tx,91750,Yes,No,Yes,Cellular,Businessman,197574,5
766285608,56,F,4,Graduate,Unknown,Ca,91750,Yes,Yes,No,Telephone,Selfemployeed,23133,5
766322883,49,F,2,Unknown,Married,Ny,91750,No,Yes,No,Cellular,White-Collar,26779,5
766381908,56,M,4,Graduate,Married,Fl,91750,Yes,Yes,No,Cellular,Selfemployeed,70160,5
766429908,26,F,1,Unknown,Single,Ny,91750,No,No,No,Cellular,Selfemployeed,14975,5
766456683,26,F,0,High School,Single,Fl,91750,No,Yes,No,Cellular,Retirees,46810,5
766550808,39,M,3,High School,Married,Ca,91750,Yes,No,No,Cellular,Retirees,62083,4
766628733,61,M,0,Uneducated,Single,Ca,91750,No,No,No,Cellular,Selfemployeed,87852,5
766649283,52,F,1,High School,Married,Ca,90025,Yes,No,No,Cellular,White-Collar,131353,5
766673433,55,M,0,High School,Married,Ny,91750,Yes,No,No,Cellular,Retirees,66137,5
766706358,52,F,2,Graduate,Married,Tx,91750,Yes,No,No,Unknown,Blue-Collar,16043,4
766769058,43,F,3,Graduate,Married,Fl,91750,Yes,No,No,Cellular,Businessman,223488,4
766795983,52,M,3,Graduate,Single,Ca,91750,Yes,Yes,No,Cellular,Govt,74394,4
766821033,53,M,0,Graduate,Married,Fl,91750,No,Yes,No,Cellular,Businessman,109524,5
766946058,65,M,0,Graduate,Married,Fl,91750,No,Yes,No,Cellular,Govt,47486,3
767005683,37,F,4,Uneducated,Married,Tx,91750,Yes,Yes,No,Cellular,Govt,38337,3
767023308,36,M,1,Uneducated,Single,Fl,91750,Yes,Yes,No,Cellular,White-Collar,120225,5
767036433,37,F,2,Unknown,Single,Ny,91750,No,No,No,Cellular,White-Collar,20759,4
767049258,65,M,0,Uneducated,Married,Nj,91750,No,No,No,Unknown,Selfemployeed,14975,4
767058183,41,M,4,Graduate,Married,Tx,91750,No,No,No,Cellular,Govt,64746,5
767093133,56,F,2,Unknown,Single,Ca,91750,Yes,No,Yes,Cellular,Retirees,53048,4
767114958,49,F,4,Uneducated,Single,Ca,91750,No,Yes,No,Cellular,Selfemployeed,35735,3
767197983,56,M,1,Graduate,Single,Ny,91750,No,Yes,Yes,Cellular,White-Collar,100755,4
767243208,60,F,1,Unknown,Unknown,Ny,91750,No,No,Yes,Cellular,Businessman,53141,5
767256933,53,M,5,Unknown,Married,Ny,91750,Yes,No,No,Cellular,Retirees,81295,4
767266758,51,F,2,High School,Married,Ny,91750,No,Yes,No,Cellular,Businessman,28186,5
767269908,49,F,5,High School,Married,Tx,91750,Yes,Yes,No,Unknown,Govt,34007,5
767280633,54,F,3,Unknown,Single,Tx,91750,No,Yes,No,Telephone,White-Collar,59586,4
767294658,51,F,3,Graduate,Married,Ca,91750,No,Yes,Yes,Cellular,Selfemployeed,1250,3
767311008,52,F,3,Graduate,Married,Tx,91750,No,Yes,No,Unknown,Selfemployeed,14975,5
767333808,51,M,2,Unknown,Single,Tx,91750,No,No,No,Cellular,Businessman,86186,4
767348733,35,F,2,Graduate,Single,Ny,91750,No,No,No,Cellular,Businessman,224775,4
767354208,31,M,1,Graduate,Single,Tx,91750,No,No,No,Cellular,Retirees,47029,3
767376483,52,M,1,Graduate,Married,Nj,91750,Yes,Yes,No,Cellular,White-Collar,95261,5
767388783,42,M,0,High School,Single,Ny,91750,No,No,No,Cellular,Businessman,70373,4
767404083,39,F,3,Graduate,Married,Fl,91750,No,No,No,Unknown,Selfemployeed,26161,4
767414808,50,M,3,Unknown,Single,Ny,91750,No,No,No,Unknown,Businessman,194025,3
767488908,49,M,1,Graduate,Married,Ca,91750,Yes,No,No,Cellular,Govt,58507,5
767523933,47,M,4,Graduate,Single,Ca,91750,No,No,No,Cellular,Blue-Collar,45614,5
767553333,43,F,2,Unknown,Unknown,Tx,91750,No,No,No,Cellular,White-Collar,30500,3
767564358,64,F,0,Uneducated,Single,Nj,91750,Yes,No,No,Cellular,Blue-Collar,35424,5
767574108,37,M,2,Graduate,Single,Ca,91750,No,No,No,Cellular,Selfemployeed,50082,3
767587833,49,M,1,High School,Married,Ca,91750,Yes,Yes,No,Cellular,Retirees,70316,5
767653233,37,F,2,Graduate,Married,Ny,91750,No,No,No,Cellular,Businessman,35137,4
767668908,56,F,2,Uneducated,Single,Tx,91750,No,Yes,No,Cellular,Selfemployeed,14975,5
767687208,52,F,3,Graduate,Single,Ny,91750,Yes,Yes,No,Unknown,Selfemployeed,25763,5
767695083,53,F,1,Graduate,Single,Tx,91750,No,No,No,Cellular,Selfemployeed,14975,3
767712558,59,F,1,High School,Single,Tx,91750,No,Yes,Yes,Unknown,Selfemployeed,1250,4
767753958,39,M,2,High School,Single,Fl,91750,Yes,No,No,Unknown,Businessman,17694,3
767784708,46,F,3,High School,Single,Ny,91750,Yes,Yes,Yes,Cellular,Retirees,26163,5
767802483,36,M,2,High School,Single,Ny,91750,Yes,No,No,Cellular,White-Collar,91918,5
767815233,31,M,1,Unknown,Married,Tx,91750,Yes,No,No,Cellular,Businessman,56400,4
767835558,40,F,1,High School,Married,Ca,91750,No,Yes,No,Unknown,Retirees,38509,4
767958933,59,M,1,Graduate,Single,Fl,91750,Yes,No,No,Cellular,Selfemployeed,47047,5
768141558,57,M,1,Graduate,Single,Ny,91750,No,Yes,No,Cellular,Govt,54057,4
768162108,32,F,1,Graduate,Married,Ca,91750,No,No,No,Cellular,Retirees,27800,4
768167358,26,M,1,High School,Single,Tx,91750,No,Yes,No,Telephone,Businessman,56919,5
768181608,57,M,3,Graduate,Single,Nj,91750,No,Yes,No,Cellular,Businessman,126566,5
768196008,46,F,3,Doctorate,Single,Ny,91750,Yes,No,No,Cellular,White-Collar,34702,5
768212583,51,F,3,High School,Married,Tx,91750,Yes,Yes,No,Unknown,Selfemployeed,17060,5
768243858,58,F,2,Graduate,Married,Nj,91750,No,No,No,Cellular,Govt,31780,4
768256908,41,F,3,High School,Married,Ca,91750,No,No,No,Cellular,Businessman,17638,5
768364233,55,F,2,Graduate,Unknown,Fl,91750,No,No,No,Unknown,Selfemployeed,14975,5
768390708,57,F,2,Doctorate,Single,Tx,91750,No,Yes,No,Cellular,Businessman,47365,4
768412608,46,M,3,Post-Graduate,Single,Ca,91750,No,Yes,Yes,Cellular,Blue-Collar,57136,3
768420558,38,F,2,Uneducated,Single,Tx,91750,No,No,No,Unknown,Selfemployeed,36696,4
768457008,50,M,3,Graduate,Married,Ny,91750,No,Yes,No,Cellular,Businessman,130119,3
768460908,52,F,2,High School,Single,Tx,91750,No,Yes,No,Cellular,Selfemployeed,14975,3
768475383,39,F,1,High School,Married,Wa,91750,No,Yes,No,Cellular,Businessman,47427,4
768490458,45,F,3,High School,Single,Tx,91750,Yes,No,Yes,Unknown,Selfemployeed,5225,3
768498258,40,M,2,Graduate,Married,Ca,91750,No,Yes,No,Cellular,Selfemployeed,76369,4
768544833,38,M,0,Unknown,Married,Tx,91750,Yes,No,No,Telephone,White-Collar,67173,4
768563658,60,F,0,Graduate,Single,Tx,91750,No,Yes,No,Cellular,Blue-Collar,13754,4
768582033,32,M,0,Graduate,Single,Ny,91750,Yes,Yes,No,Cellular,Selfemployeed,44805,3
768600558,51,F,4,Graduate,Married,Ca,91750,Yes,No,No,Cellular,Selfemployeed,5525,5
768612258,38,F,2,Graduate,Married,Ca,91750,No,No,No,Cellular,Govt,52488,5
768624258,57,F,2,Graduate,Married,Ny,91750,No,No,No,Cellular,White-Collar,29477,5
768632958,41,F,2,High School,Married,Tx,91750,No,Yes,No,Cellular,Businessman,28733,5
768638208,52,M,2,Uneducated,Single,Ca,91750,No,No,No,Telephone,Selfemployeed,83871,4
768643158,53,M,3,High School,Married,Nj,91750,Yes,No,No,Cellular,White-Collar,133864,5
768655158,35,F,3,Uneducated,Single,Ca,91750,No,No,Yes,Cellular,White-Collar,23784,4
768661758,59,M,1,Doctorate,Single,Tx,91750,Yes,No,No,Cellular,Blue-Collar,85503,4
768675483,58,M,2,Unknown,Married,Ny,91750,No,No,No,Cellular,Blue-Collar,63368,5
768687183,46,F,4,High School,Unknown,Ca,91750,Yes,Yes,No,Cellular,Selfemployeed,34249,5
768712383,38,M,3,High School,Married,Fl,91750,Yes,No,No,Cellular,Blue-Collar,111598,5
768720708,47,M,2,Unknown,Single,Fl,91750,No,Yes,No,Cellular,Selfemployeed,55833,4
768728508,50,M,2,Graduate,Married,Tx,91750,Yes,No,Yes,Unknown,Businessman,154952,5
768733533,58,M,1,Uneducated,Married,Ny,91750,Yes,Yes,No,Cellular,Govt,117064,3
768805383,35,F,2,Graduate,Single,Ca,91750,No,No,No,Cellular,Selfemployeed,7865,3
768814983,41,M,0,Graduate,Married,Tx,91750,Yes,Yes,No,Cellular,Businessman,56439,4
768848658,41,M,5,Unknown,Married,Ca,91750,Yes,No,No,Unknown,White-Collar,108077,3
768886533,33,F,2,Doctorate,Single,Fl,91750,Yes,Yes,Yes,Cellular,Selfemployeed,35718,5
768921933,52,F,4,Unknown,Married,Ca,91750,No,Yes,No,Unknown,Govt,14977,4
768928833,32,M,0,Graduate,Single,Fl,91750,No,Yes,No,Cellular,Selfemployeed,31781,5
768949983,39,M,3,Graduate,Single,Ca,91750,Yes,Yes,Yes,Cellular,Blue-Collar,59299,5
768965208,50,F,2,Graduate,Unknown,Ca,91750,No,Yes,No,Cellular,Govt,35171,5
768972558,48,F,3,Unknown,Unknown,Ca,91750,Yes,No,No,Cellular,Govt,46680,5
769035933,41,F,3,Unknown,Married,Tx,91750,Yes,Yes,No,Cellular,Retirees,38099,3
769053033,42,F,3,Unknown,Single,Fl,91750,No,No,No,Cellular,Blue-Collar,21566,4
769063308,44,F,2,Uneducated,Single,Hi,91750,No,Yes,No,Cellular,Selfemployeed,14975,5
769095558,49,F,3,Graduate,Married,Il,91750,Yes,Yes,No,Cellular,Retirees,15064,4
769100508,51,M,3,Unknown,Married,Ca,91750,No,No,No,Unknown,Blue-Collar,96512,5
769137108,36,F,1,Unknown,Single,Ca,91750,Yes,Yes,No,Cellular,Selfemployeed,5225,4
769145733,51,F,2,Unknown,Single,Tx,91750,No,No,No,Unknown,Retirees,31489,5
769152783,52,M,1,Unknown,Married,Fl,91750,No,No,No,Cellular,Govt,91088,4
769170558,30,F,1,Graduate,Married,Ny,91750,No,No,No,Cellular,Selfemployeed,11166,4
769183908,42,M,3,Graduate,Married,Fl,91750,No,Yes,No,Cellular,Retirees,57680,4
769189083,41,M,4,High School,Single,Ca,91750,No,No,No,Cellular,Govt,61949,4
769196433,53,F,1,Graduate,Married,Tx,91750,No,Yes,No,Cellular,Businessman,19952,5
769200858,54,M,2,Post-Graduate,Married,Tx,91750,No,No,No,Cellular,Retirees,71665,4
769206483,40,M,4,Uneducated,Single,Ca,90025,No,No,No,Cellular,White-Collar,147868,3
769323183,60,F,1,Graduate,Married,Ca,91750,Yes,Yes,No,Cellular,Selfemployeed,21275,5
769330908,44,F,3,Graduate,Single,Tx,91750,No,Yes,No,Cellular,White-Collar,51282,4
769396158,38,M,3,Unknown,Unknown,Fl,91750,Yes,No,No,Unknown,Govt,93343,5
769411758,41,F,3,Unknown,Married,Fl,91750,No,Yes,No,Cellular,Selfemployeed,14975,3
769425858,36,F,4,Uneducated,Married,Tx,91750,Yes,No,Yes,Unknown,Blue-Collar,14782,4
769433508,49,F,2,High School,Married,Ny,91750,No,No,No,Unknown,Selfemployeed,5225,5
769438608,57,F,2,Unknown,Married,Ny,91750,Yes,No,No,Cellular,Businessman,29140,4
769448658,50,F,4,Graduate,Single,Tx,91750,Yes,Yes,No,Telephone,Govt,37997,5
769463433,57,F,1,High School,Married,Ca,91750,No,No,No,Cellular,Businessman,39171,4
769574883,43,F,2,Uneducated,Married,Tx,91750,No,Yes,No,Cellular,Selfemployeed,6550,3
769575783,53,F,1,Graduate,Single,Ca,91750,No,No,No,Cellular,Selfemployeed,31140,5
769576608,51,F,3,Graduate,Single,Tx,91750,Yes,Yes,No,Unknown,Retirees,38886,4
769577358,46,F,1,Graduate,Married,Tx,91750,No,No,No,Cellular,Govt,59074,5
769578108,43,M,3,Graduate,Single,Fl,91750,Yes,No,No,Cellular,Selfemployeed,47271,5
769578858,60,M,0,High School,Married,Mo,91750,No,Yes,No,Cellular,Selfemployeed,47522,4
769579608,50,M,2,Graduate,Married,Fl,91750,No,Yes,No,Cellular,Selfemployeed,42301,4
769587258,49,M,3,Graduate,Single,Ca,90255,Yes,No,No,Cellular,Businessman,207785,4
769662033,42,M,3,Graduate,Single,Fl,91750,No,Yes,No,Cellular,Govt,90551,4
769667583,55,M,2,Graduate,Single,Fl,91750,Yes,Yes,No,Cellular,Businessman,111936,3
769676358,44,M,4,Uneducated,Married,Tx,91750,Yes,No,Yes,Cellular,Businessman,91944,5
769684158,63,M,1,Graduate,Married,Ca,91750,Yes,No,No,Cellular,Selfemployeed,41705,5
769701258,51,F,2,Graduate,Married,Fl,91750,Yes,No,No,Cellular,Blue-Collar,47131,5
769709058,32,M,0,Graduate,Single,Fl,91750,Yes,Yes,No,Cellular,Govt,54366,5
769720683,38,M,1,Graduate,Single,Ca,91750,No,Yes,No,Cellular,Retirees,85242,4
769732233,46,F,3,Uneducated,Single,Tx,91750,No,No,No,Unknown,Selfemployeed,5525,3
769751958,50,F,3,Graduate,Married,Ca,91750,Yes,No,No,Unknown,White-Collar,23936,4
769756983,52,F,3,Uneducated,Single,Ny,91750,No,No,Yes,Cellular,Govt,29107,4
769883733,50,F,2,Uneducated,Single,Tx,91750,Yes,Yes,No,Cellular,Selfemployeed,21500,5
769892058,61,M,0,High School,Married,Nj,91750,No,Yes,No,Telephone,White-Collar,68866,4
769911858,26,F,0,Unknown,Single,Ca,91750,No,No,Yes,Cellular,Selfemployeed,8250,5
769927533,29,M,1,High School,Single,Tx,91750,No,Yes,No,Telephone,Businessman,70909,4
769935783,54,F,2,Unknown,Single,Ca,90275,No,Yes,No,Cellular,Businessman,155811,5
769962933,45,M,4,Doctorate,Married,Tx,91750,No,No,No,Cellular,Businessman,96845,3
769974258,42,F,4,Graduate,Single,Fl,91750,Yes,No,No,Unknown,White-Collar,43181,4
769980333,61,F,0,Graduate,Married,Fl,91750,Yes,No,No,Cellular,White-Collar,34279,5
769985883,34,F,1,Uneducated,Single,Tx,91750,No,No,No,Unknown,Businessman,38676,4
770024733,40,F,4,Graduate,Single,Tx,91750,No,Yes,No,Cellular,Businessman,29056,3
770038983,45,M,3,Uneducated,Married,Fl,91750,Yes,No,Yes,Cellular,Govt,116323,3
770135358,44,M,2,High School,Married,Ca,91750,Yes,Yes,No,Cellular,Govt,61340,3
770146008,53,F,1,Uneducated,Single,Ny,91750,No,Yes,No,Cellular,Govt,18268,5
770180808,53,M,1,Graduate,Married,Il,91750,No,No,No,Unknown,White-Collar,89585,3
770190258,40,M,3,Graduate,Single,Ca,91750,No,No,No,Unknown,Govt,106108,5
770205708,50,F,2,High School,Married,Ca,90025,No,Yes,No,Unknown,Businessman,215077,3
770220558,51,M,2,Unknown,Married,Fl,91750,No,No,No,Cellular,Blue-Collar,109896,3
770241333,47,F,3,Doctorate,Single,Ca,91750,Yes,No,No,Unknown,Blue-Collar,21547,5
770262183,45,F,3,Graduate,Married,Ny,91750,Yes,No,Yes,Cellular,Businessman,25675,5
770268933,41,F,2,Graduate,Married,Ca,91750,Yes,No,No,Cellular,Blue-Collar,50685,5
770278833,65,F,1,Unknown,Single,Fl,91750,No,No,No,Cellular,Govt,45372,4
770293758,37,M,4,Graduate,Single,Ca,91750,No,No,No,Cellular,Selfemployeed,79913,3
770560683,53,M,1,Uneducated,Unknown,Tx,91750,No,No,Yes,Telephone,White-Collar,123228,4
770575233,48,F,3,Unknown,Married,Ca,91750,Yes,Yes,No,Unknown,White-Collar,29578,4
770581983,54,M,3,High School,Married,Fl,91750,Yes,Yes,No,Unknown,Retirees,83458,4
770590758,40,F,4,Uneducated,Married,Tx,91750,No,No,Yes,Unknown,Selfemployeed,11231,5
770596458,44,F,5,Uneducated,Single,Tx,91750,No,No,No,Unknown,Govt,26201,4
770632758,47,F,1,High School,Married,Ny,91750,No,No,No,Unknown,Blue-Collar,11989,5
770647233,30,F,1,Graduate,Married,Il,91750,No,Yes,Yes,Cellular,Selfemployeed,21666,4
770662383,42,F,1,Uneducated,Married,Ny,91750,Yes,No,No,Unknown,Blue-Collar,13284,4
770667408,50,M,0,Uneducated,Married,Fl,91750,No,No,No,Cellular,Blue-Collar,77465,5
770705208,44,M,4,Uneducated,Unknown,Mi,91750,No,No,No,Cellular,Govt,108789,5
770708133,49,F,4,Uneducated,Married,Ny,91750,Yes,No,No,Cellular,Govt,43232,5
770717883,42,M,1,Uneducated,Married,Fl,91750,No,Yes,No,Cellular,Blue-Collar,69940,4
770721858,40,M,3,High School,Unknown,Ny,91750,No,No,No,Cellular,Blue-Collar,14632,4
770724558,58,F,1,Uneducated,Single,Ca,91750,No,No,No,Cellular,Selfemployeed,2565,4
770740308,44,M,3,High School,Married,Ca,91750,Yes,Yes,No,Cellular,Blue-Collar,74295,4
770743983,51,M,2,Unknown,Unknown,Nj,91750,No,Yes,No,Unknown,Businessman,221345,5
770746908,52,F,0,Graduate,Single,Tx,91750,No,Yes,No,Cellular,Selfemployeed,7865,4
770753733,44,M,2,Uneducated,Single,Tx,91750,Yes,Yes,No,Cellular,Businessman,81474,5
770762133,41,M,2,Graduate,Married,Ny,91750,No,Yes,No,Cellular,Blue-Collar,90798,3
770764908,41,F,4,Graduate,Single,Nv,91750,No,No,No,Cellular,Businessman,15369,4
770766633,43,M,4,Unknown,Married,Fl,91750,No,No,No,Cellular,White-Collar,150638,4
770769483,64,F,0,Uneducated,Married,Nj,91750,No,Yes,No,Cellular,Selfemployeed,14975,3
770774133,47,M,4,High School,Married,Tx,91750,No,Yes,No,Cellular,Govt,79807,5
770778108,32,F,0,Graduate,Married,Nj,91750,Yes,No,No,Cellular,Businessman,39097,3
770781558,43,F,3,Unknown,Married,Ca,91750,No,No,No,Cellular,Businessman,18388,5
770783508,46,F,4,Graduate,Married,Tx,91750,No,No,No,Cellular,Govt,49845,3
770800683,43,M,3,Doctorate,Married,Ny,91750,No,No,No,Cellular,Govt,87275,3
770817783,49,F,3,Graduate,Married,Ca,91750,Yes,Yes,No,Cellular,Selfemployeed,5525,3
770824833,51,F,2,Unknown,Single,Ny,91750,Yes,Yes,No,Unknown,Businessman,231849,4
770828358,38,M,3,Post-Graduate,Married,Fl,91750,No,No,No,Cellular,Govt,80659,3
770839608,53,M,0,Graduate,Single,Ny,91750,Yes,No,No,Cellular,Selfemployeed,70846,4
770842833,42,M,2,Graduate,Married,Tx,91750,No,No,No,Cellular,Retirees,77954,5
770848308,49,M,3,Unknown,Married,Ca,91750,Yes,Yes,No,Cellular,Businessman,116782,3
770858283,49,M,2,Unknown,Married,Tx,91750,No,Yes,No,Cellular,Retirees,98647,4
770871708,44,F,3,Uneducated,Single,Tx,91750,Yes,Yes,No,Cellular,Selfemployeed,21954,4
770874483,53,M,1,Unknown,Married,Ny,91750,No,No,No,Cellular,Businessman,56944,4
770878458,28,F,0,Unknown,Single,Ca,91750,Yes,No,No,Cellular,Businessman,43708,4
770882508,42,F,4,Doctorate,Married,Ca,91750,Yes,Yes,Yes,Unknown,Businessman,27884,4
770901258,48,F,3,High School,Unknown,Ny,91750,No,Yes,No,Cellular,Retirees,29680,5
770909433,45,M,4,High School,Married,Ca,91750,No,No,No,Cellular,Selfemployeed,86816,3
770917608,59,M,1,High School,Single,Il,91750,Yes,No,No,Cellular,White-Collar,72957,4
770920908,51,M,1,Graduate,Single,Ca,91750,No,Yes,Yes,Cellular,Govt,110525,4
770926158,48,M,4,High School,Single,Ca,90025,No,No,No,Cellular,White-Collar,144177,3
770929383,53,M,2,Uneducated,Married,Ny,91750,No,Yes,No,Cellular,White-Collar,79836,5
770937183,49,F,5,High School,Single,Ca,91750,No,Yes,No,Cellular,Blue-Collar,38042,4
770938533,46,M,4,Graduate,Single,Nj,91750,No,Yes,No,Cellular,Retirees,45164,5
770942283,53,M,4,High School,Single,Ny,91750,Yes,No,No,Cellular,Retirees,79314,4
770952933,46,F,5,High School,Single,Tx,91750,No,Yes,No,Cellular,Selfemployeed,14975,4
770956158,37,F,2,Graduate,Married,Ca,91750,Yes,Yes,No,Cellular,Businessman,51498,5
770968383,37,F,2,Uneducated,Married,Ca,91750,No,Yes,No,Cellular,Selfemployeed,20331,3
770970558,46,M,2,Doctorate,Married,Tx,91750,Yes,No,No,Telephone,Businessman,204727,5
770975133,48,F,4,High School,Married,Or,91750,No,Yes,No,Cellular,Selfemployeed,59726,3
770977833,55,M,2,Graduate,Single,Nm,91750,Yes,Yes,No,Cellular,Businessman,235005,5
770985633,45,F,3,Unknown,Single,Ny,91750,Yes,No,No,Cellular,Blue-Collar,19600,4
771020133,53,M,2,Graduate,Married,Fl,91750,No,Yes,No,Cellular,Businessman,62674,4
771028533,54,F,1,High School,Single,Tx,91750,No,Yes,No,Cellular,Selfemployeed,5225,4
771032658,47,F,3,Unknown,Married,Ca,91750,No,No,No,Cellular,Selfemployeed,14975,4
771037008,56,F,1,Uneducated,Married,Ny,91750,No,No,No,Cellular,Selfemployeed,55009,4
771040758,50,F,1,Graduate,Single,Nv,91750,No,Yes,No,Cellular,Businessman,40733,5
771045708,29,F,0,Post-Graduate,Married,Ny,91750,Yes,No,No,Cellular,White-Collar,32570,5
771051783,49,F,3,Uneducated,Married,Ny,91750,No,No,No,Cellular,Selfemployeed,11461,4
771058908,45,M,2,Graduate,Married,Ny,91750,Yes,Yes,No,Cellular,Blue-Collar,68828,4
771061008,57,F,4,Post-Graduate,Single,Ca,91750,No,Yes,No,Cellular,Businessman,31247,5
771062733,43,F,4,Graduate,Married,Ny,91750,Yes,No,No,Cellular,Businessman,215855,4
771067308,46,M,3,High School,Single,Ny,91750,No,No,Yes,Cellular,Blue-Collar,100225,5
771069033,43,F,2,Graduate,Single,Tx,91750,No,No,Yes,Cellular,White-Collar,151265,5
771071958,41,F,2,High School,Single,Tx,91750,Yes,No,No,Cellular,Selfemployeed,5525,3
771073908,33,F,2,High School,Married,Ca,91750,Yes,No,No,Cellular,Blue-Collar,13344,5
771075258,45,F,4,Graduate,Single,Ny,91750,Yes,No,No,Unknown,Blue-Collar,10997,5
771079833,43,M,3,Post-Graduate,Married,Tx,91750,Yes,No,No,Cellular,Selfemployeed,58044,4
771081558,59,M,0,High School,Married,Il,91750,No,No,No,Cellular,Blue-Collar,33094,5
771086208,56,F,3,Graduate,Single,Fl,91750,No,No,No,Unknown,Selfemployeed,14975,5
771092433,50,M,2,Unknown,Single,Ny,91750,No,No,No,Telephone,Blue-Collar,62353,4
771097683,50,M,4,High School,Married,Tx,91750,Yes,Yes,No,Telephone,Businessman,86419,4
771099183,51,F,3,Uneducated,Married,Fl,91750,Yes,Yes,Yes,Unknown,Blue-Collar,28583,5
771106458,38,M,2,Graduate,Married,Ca,91750,No,No,No,Cellular,White-Collar,70661,3
771108933,37,M,3,Graduate,Married,Ca,91750,Yes,Yes,Yes,Cellular,Retirees,59774,4
771163533,62,M,0,Post-Graduate,Married,Ny,91750,No,Yes,No,Cellular,Selfemployeed,71150,5
771169458,53,F,4,Graduate,Single,Fl,91750,No,No,No,Cellular,Selfemployeed,14975,3
771180033,40,F,2,High School,Married,Ca,91750,No,No,No,Unknown,Govt,16361,4
771183933,41,F,5,Graduate,Married,Ca,91750,Yes,Yes,No,Unknown,Govt,18556,4
771190083,50,F,2,High School,Single,Fl,91750,No,Yes,No,Cellular,Govt,28684,5
771196083,34,F,2,Graduate,Single,Ca,91750,Yes,Yes,No,Cellular,Selfemployeed,16719,3
771197433,56,F,2,Uneducated,Single,Ny,91750,No,Yes,No,Cellular,Blue-Collar,12218,4
771201408,48,M,3,Unknown,Married,Ny,91750,No,No,No,Unknown,Businessman,97701,4
771204108,47,F,3,High School,Single,Tx,91750,No,Yes,No,Cellular,Retirees,44733,4
771212508,42,F,3,Graduate,Married,Ny,91750,No,No,No,Unknown,Businessman,32787,5
771214083,41,M,2,High School,Married,Ny,91750,Yes,Yes,Yes,Cellular,Govt,83921,5
771215583,39,F,3,Graduate,Married,Ny,91750,Yes,Yes,No,Cellular,White-Collar,38091,4
771217758,50,M,2,Uneducated,Married,Ca,90250,No,Yes,No,Cellular,Businessman,237133,4
771219033,40,F,3,Graduate,Single,Ny,91750,No,No,No,Cellular,White-Collar,53400,4
771220758,44,M,2,Uneducated,Married,Tx,91750,No,Yes,No,Cellular,Retirees,71025,5
771222558,36,M,3,High School,Married,Fl,91750,No,No,No,Cellular,Blue-Collar,63997,4
771224358,43,F,2,High School,Single,Ca,91724,Yes,No,No,Cellular,White-Collar,48110,3
771228183,46,F,3,Graduate,Single,Tx,91750,No,Yes,No,Cellular,Govt,36099,4
771230508,45,M,2,Graduate,Married,Tx,91750,Yes,Yes,No,Cellular,Blue-Collar,75302,4
771232533,42,M,4,Uneducated,Married,Ca,91750,No,Yes,No,Cellular,Businessman,55174,5
771234558,47,M,3,Graduate,Married,Ca,91750,Yes,No,No,Cellular,Selfemployeed,23599,3
771237933,49,M,4,High School,Married,Tx,91750,Yes,No,No,Unknown,Selfemployeed,14975,4
771244383,51,M,2,Graduate,Single,Ca,90025,Yes,Yes,No,Telephone,Businessman,161399,5
771246708,48,M,3,Uneducated,Married,Fl,91750,No,No,No,Cellular,Retirees,59315,3
771284658,50,F,2,Graduate,Married,Fl,91750,No,No,No,Unknown,Retirees,30670,4
771288258,56,M,3,Graduate,Married,Ny,91750,No,Yes,No,Cellular,White-Collar,73169,5
771292233,50,F,2,Graduate,Married,Tx,91750,No,Yes,No,Unknown,Businessman,225241,5
771304383,42,M,4,Unknown,Single,Ny,91750,No,Yes,No,Cellular,White-Collar,108868,5
771330558,42,F,3,Graduate,Single,Ca,91750,No,Yes,No,Cellular,Blue-Collar,10993,4
771332283,46,M,1,Uneducated,Married,Fl,91750,No,Yes,No,Unknown,Businessman,91651,5
771335358,47,F,2,Uneducated,Married,Tx,91750,Yes,Yes,No,Cellular,White-Collar,35179,5
771336783,38,F,2,High School,Single,Ny,91750,Yes,No,No,Cellular,Businessman,58840,3
771338658,46,M,5,High School,Married,Fl,91750,No,Yes,No,Cellular,Blue-Collar,56239,5
771342183,53,F,1,High School,Married,Ny,91750,Yes,No,Yes,Cellular,Businessman,25516,5
771349458,37,F,3,Graduate,Single,Ny,91750,Yes,No,No,Cellular,Retirees,18405,4
771354633,29,F,0,Graduate,Married,Tx,91750,Yes,Yes,No,Cellular,Govt,36091,3
771356508,45,M,2,Graduate,Single,Mo,91750,No,Yes,No,Cellular,Retirees,65506,5
771359958,53,F,3,High School,Single,Ca,91750,No,No,No,Telephone,Selfemployeed,14975,4
771400608,43,M,1,Unknown,Single,Tx,91750,No,No,No,Telephone,Selfemployeed,75610,5
771403008,46,M,5,High School,Single,Ca,91750,No,Yes,No,Cellular,Govt,60881,3
771408483,62,F,0,Graduate,Married,Ar,85260,Yes,Yes,No,Cellular,Govt,39080,5
771411408,37,M,3,High School,Unknown,Tx,91750,Yes,No,No,Cellular,Govt,86131,4
771420708,36,M,1,Uneducated,Married,Ca,91750,Yes,Yes,No,Cellular,Businessman,81868,4
771422883,38,F,3,High School,Married,Ca,91750,No,No,No,Cellular,Businessman,31680,5
771424908,44,F,0,Graduate,Married,Nj,91750,Yes,No,No,Unknown,White-Collar,15371,5
771429408,54,F,3,Uneducated,Single,Ca,91750,Yes,No,No,Cellular,Selfemployeed,14975,5
771431133,44,M,2,Graduate,Married,Tx,91750,No,No,No,Cellular,White-Collar,41992,4
771433608,45,F,3,Graduate,Single,Tx,91750,No,Yes,No,Unknown,Selfemployeed,48848,3
771441558,44,F,2,Graduate,Married,Tx,91750,Yes,No,No,Cellular,Selfemployeed,21140,4
771450708,54,F,1,Doctorate,Single,Nj,91750,No,No,No,Telephone,Govt,59162,4
771453033,57,F,3,High School,Married,Tx,91750,No,Yes,No,Cellular,Selfemployeed,35303,4
771455508,45,M,2,Graduate,Single,Fl,91750,Yes,No,No,Cellular,Blue-Collar,50348,4
771460158,45,M,3,Graduate,Married,Ny,91750,No,No,No,Cellular,Blue-Collar,45660,4
771464808,42,F,2,Graduate,Single,Tx,91750,No,Yes,No,Cellular,Govt,52246,5
771469758,48,F,2,Uneducated,Single,Ny,91750,No,No,No,Cellular,Govt,51222,5
771471708,35,M,3,Post-Graduate,Married,Tx,91750,No,No,No,Cellular,White-Collar,92850,5
771474108,51,M,4,Doctorate,Married,Tx,91750,No,No,No,Cellular,Blue-Collar,63252,3
771484908,55,M,3,High School,Single,Ny,91750,No,No,No,Unknown,Businessman,192004,5
771486933,30,M,2,Graduate,Unknown,Tx,91750,No,No,No,Cellular,Blue-Collar,45748,4
771488583,31,M,1,Post-Graduate,Single,Ca,91750,No,Yes,No,Cellular,Businessman,52823,4
771490833,33,F,1,Post-Graduate,Married,Ca,91750,Yes,Yes,No,Telephone,Selfemployeed,7865,4
771492408,66,F,0,Doctorate,Married,Tx,91750,No,Yes,No,Cellular,Selfemployeed,12150,3
771497283,52,M,5,Unknown,Single,Tx,91750,Yes,Yes,Yes,Cellular,White-Collar,76179,5
771499233,48,M,3,Graduate,Married,Ga,91750,No,Yes,No,Cellular,Selfemployeed,59407,4
771500358,47,F,2,High School,Married,Tx,91750,No,Yes,No,Cellular,White-Collar,50057,4
771502383,48,M,2,High School,Married,Fl,91750,Yes,No,No,Cellular,Govt,83303,3
771503958,51,F,3,Graduate,Single,Tx,91750,Yes,Yes,No,Cellular,Govt,49998,4
771507258,54,F,3,Graduate,Married,Tx,91750,No,No,No,Cellular,Businessman,170823,4
771516333,45,F,3,Unknown,Single,Ca,91750,Yes,No,No,Cellular,White-Collar,43216,4
771518658,53,M,2,Graduate,Married,Ny,91750,Yes,No,Yes,Cellular,Govt,68480,4
771527508,45,F,3,Doctorate,Married,Ca,91750,Yes,No,Yes,Cellular,Blue-Collar,37900,4
771529608,44,M,3,High School,Married,Ny,91750,Yes,Yes,No,Telephone,White-Collar,67717,4
771531708,45,M,2,Graduate,Single,Ny,91750,No,No,No,Cellular,Selfemployeed,74079,5
771534408,32,M,1,High School,Single,Tx,91750,No,Yes,No,Unknown,Blue-Collar,44734,5
771544533,38,F,3,Graduate,Married,Sc,91750,No,Yes,No,Unknown,Selfemployeed,5525,4
771546708,42,M,3,High School,Married,Tx,91750,No,Yes,Yes,Cellular,Govt,89914,4
771556308,44,F,3,Unknown,Single,Fl,91750,No,No,No,Unknown,Businessman,24299,3
771559158,48,M,4,Graduate,Married,Tx,91750,Yes,No,No,Cellular,White-Collar,77511,5
771561183,41,M,2,Graduate,Single,Nj,91750,Yes,No,Yes,Cellular,Govt,103787,5
771566208,34,M,4,Uneducated,Single,Ny,91750,Yes,No,No,Cellular,Retirees,73976,4
771575058,52,F,2,Graduate,Married,Ny,91750,Yes,Yes,No,Cellular,Blue-Collar,35305,5
771584658,40,M,4,Graduate,Single,Nj,91750,Yes,No,No,Cellular,Businessman,139901,4
771592458,49,M,5,Graduate,Married,Tx,91750,Yes,Yes,No,Cellular,Retirees,82954,4
771594783,55,F,4,Graduate,Single,Ny,91750,Yes,Yes,No,Unknown,Businessman,24453,5
771599283,43,F,3,Graduate,Married,Sc,91750,No,Yes,No,Cellular,Selfemployeed,14975,5
771602883,51,F,4,High School,Married,Tx,91750,Yes,No,No,Cellular,White-Collar,15603,5
771617883,35,M,0,Graduate,Single,Tx,91750,No,No,No,Cellular,Govt,84689,3
771626283,42,F,2,Unknown,Married,Fl,91750,Yes,Yes,No,Unknown,Businessman,194993,4
771630783,49,M,3,Unknown,Married,Tx,91750,No,Yes,No,Cellular,Retirees,78344,3
771638733,48,F,2,High School,Married,Tx,91750,No,Yes,Yes,Cellular,Businessman,32124,4
771649083,52,F,2,Graduate,Single,Wa,54101,No,Yes,Yes,Cellular,Selfemployeed,14975,3
771653583,45,F,3,Post-Graduate,Married,Ca,91750,Yes,No,No,Cellular,Selfemployeed,11146,4
771666783,58,M,1,Graduate,Married,Fl,91750,No,Yes,No,Cellular,Blue-Collar,83031,5
771669183,51,F,4,Unknown,Single,Fl,91750,Yes,No,No,Unknown,Selfemployeed,39904,4
771674958,57,M,1,High School,Married,Fl,91750,No,No,Yes,Cellular,Blue-Collar,111388,5
771682533,34,F,3,Uneducated,Single,Ny,91750,No,No,No,Cellular,Businessman,45461,5
771688983,48,M,2,Graduate,Married,Fl,91750,Yes,No,No,Cellular,Govt,53496,3
771693933,57,F,0,Graduate,Single,Fl,91750,No,Yes,Yes,Cellular,White-Collar,15110,4
771698658,36,F,4,High School,Single,Ca,91750,Yes,No,No,Cellular,Selfemployeed,11504,5
771706308,49,F,3,Unknown,Married,Tx,91750,No,No,No,Cellular,Blue-Collar,10636,4
771719283,30,M,1,Graduate,Married,Nj,91750,Yes,Yes,No,Cellular,Blue-Collar,117112,5
771723408,49,F,4,High School,Single,Fl,91750,No,No,No,Unknown,Businessman,31147,3
771725808,27,F,0,High School,Married,Wa,53012,No,Yes,No,Cellular,Businessman,36965,5
771730758,52,M,1,Graduate,Married,Fl,91750,No,Yes,No,Cellular,Retirees,62797,3
771733608,31,F,0,High School,Married,Ny,91750,Yes,No,No,Cellular,Selfemployeed,24694,3
771735933,44,M,4,Uneducated,Single,Ca,91750,No,Yes,Yes,Cellular,White-Collar,75994,4
771742533,52,F,2,High School,Married,Ca,91750,Yes,No,No,Cellular,Selfemployeed,5225,4
771749733,38,F,4,Graduate,Married,Ca,91750,Yes,Yes,No,Cellular,White-Collar,40305,5
771752508,46,M,3,High School,Married,Fl,91750,Yes,Yes,No,Cellular,Blue-Collar,115128,5
771756333,30,M,0,High School,Married,Ca,91750,Yes,No,No,Cellular,White-Collar,22620,4
771769383,49,F,2,Unknown,Married,Ca,90275,Yes,Yes,No,Cellular,Businessman,184729,5
771772083,47,M,4,Unknown,Married,Fl,91750,No,Yes,Yes,Cellular,Govt,114236,5
771776808,38,F,2,Graduate,Married,Ny,91750,No,No,No,Unknown,Businessman,17599,4
771783333,42,F,1,Post-Graduate,Single,Ca,91750,No,Yes,No,Cellular,Govt,26376,4
771790083,53,M,3,Doctorate,Married,Tx,91750,No,Yes,No,Cellular,Businessman,50686,4
771795933,51,F,3,Post-Graduate,Married,Tx,91750,No,No,Yes,Cellular,Businessman,26331,5
771799008,37,M,1,Doctorate,Single,Ca,91750,No,No,No,Cellular,White-Collar,82477,4
771809733,51,F,2,Doctorate,Single,Tx,91750,Yes,Yes,No,Unknown,Selfemployeed,5225,3
771816408,50,F,2,Graduate,Married,Tx,91750,No,Yes,Yes,Cellular,Blue-Collar,33797,3
771819258,46,M,3,Graduate,Single,Tx,91750,No,Yes,Yes,Cellular,Blue-Collar,68742,4
771823308,36,M,1,Graduate,Married,Ny,91750,Yes,No,Yes,Cellular,Selfemployeed,17987,4
771829758,66,F,0,High School,Married,Tx,91750,No,Yes,Yes,Cellular,Retirees,22425,5
771833433,43,F,3,High School,Single,Ca,91750,Yes,No,No,Cellular,Blue-Collar,20975,5
771844458,40,F,3,Graduate,Single,Ca,91750,No,No,No,Cellular,Selfemployeed,16119,4
771852483,48,F,3,Graduate,Single,Nj,91750,No,No,No,Cellular,White-Collar,36548,5
771854808,53,F,2,Unknown,Single,Ny,91750,Yes,Yes,No,Cellular,Retirees,45179,4
771862308,52,M,1,Unknown,Married,Tx,91750,Yes,Yes,No,Cellular,Govt,85279,4
771865908,59,F,1,Doctorate,Married,Ca,91750,No,Yes,No,Cellular,Blue-Collar,29274,3
771869508,39,M,5,Graduate,Married,Ny,91750,No,Yes,No,Cellular,Retirees,85909,3
771872733,44,M,2,Uneducated,Married,Fl,91750,No,Yes,No,Cellular,Blue-Collar,73407,5
771881283,38,F,3,Unknown,Unknown,Fl,91750,Yes,No,No,Cellular,Selfemployeed,48219,5
771886233,46,F,2,Post-Graduate,Married,Ca,91750,No,Yes,Yes,Cellular,Businessman,18897,4
771894558,49,F,1,Doctorate,Single,Ny,91750,Yes,No,No,Cellular,Selfemployeed,14975,5
771899433,36,F,3,High School,Married,Fl,91750,No,Yes,Yes,Cellular,Blue-Collar,10866,5
771903033,40,F,5,Graduate,Married,Ca,91750,No,No,No,Unknown,Blue-Collar,20249,5
771907158,46,M,5,Doctorate,Single,Ga,91750,No,No,No,Cellular,Businessman,73472,4
771912408,54,M,4,Graduate,Single,Nj,91750,Yes,No,No,Cellular,White-Collar,103792,4
771918033,47,M,2,High School,Married,Ca,91750,No,No,No,Cellular,Businessman,79784,5
771922008,39,M,2,Doctorate,Single,Ny,91750,No,Yes,No,Telephone,Blue-Collar,61278,4
771928608,52,F,3,Graduate,Married,Tx,91750,No,Yes,No,Cellular,Blue-Collar,50542,4
771935283,48,M,4,Graduate,Single,Ny,91750,Yes,No,No,Cellular,Govt,96075,4
771942333,46,M,3,Uneducated,Married,Ny,91750,Yes,Yes,No,Cellular,Blue-Collar,43673,5
771952683,61,F,1,Uneducated,Single,Tx,91750,Yes,No,No,Cellular,Retirees,43550,5
771960708,42,F,1,Graduate,Single,Fl,91750,No,Yes,No,Cellular,Businessman,39132,5
771963708,50,F,2,Graduate,Married,Tx,91750,No,No,No,Unknown,Selfemployeed,2565,5
771976683,49,F,2,High School,Married,Fl,91750,Yes,Yes,No,Cellular,Selfemployeed,14975,5
771982083,43,F,4,Uneducated,Married,Ny,91750,Yes,Yes,No,Cellular,White-Collar,168348,5
771989733,52,M,2,High School,Married,Tx,91750,No,Yes,Yes,Cellular,Retirees,61136,3
772000533,30,F,0,Graduate,Married,Ny,91750,Yes,Yes,No,Cellular,Businessman,16226,4
772031733,42,F,3,Uneducated,Married,Ca,91750,No,No,Yes,Cellular,Govt,30574,4
772036233,62,F,0,High School,Unknown,Ny,91750,Yes,No,No,Cellular,Selfemployeed,57679,5
772047183,47,F,3,Doctorate,Married,Nj,91750,No,No,No,Unknown,Blue-Collar,12263,4
772051308,49,M,5,Graduate,Married,Tx,91750,No,No,No,Cellular,Businessman,43653,5
772054458,53,F,3,Graduate,Married,Ny,91750,No,No,No,Cellular,Selfemployeed,47883,4
772063308,47,F,4,Post-Graduate,Single,Tx,91750,No,Yes,No,Cellular,Selfemployeed,52038,3
772069683,42,F,4,High School,Married,Ca,91750,Yes,No,No,Cellular,White-Collar,75239,5
772073508,40,F,4,Graduate,Married,Fl,91750,No,No,No,Unknown,Businessman,32035,4
772076208,45,F,3,Graduate,Married,Tx,91750,Yes,Yes,No,Cellular,Retirees,40270,5
772082208,54,F,3,Uneducated,Married,Ca,91750,No,No,No,Cellular,Businessman,55396,5
772086408,51,F,1,Doctorate,Married,Nv,91750,No,Yes,No,Unknown,Selfemployeed,14975,5
772095858,31,M,1,Graduate,Single,Ca,91750,No,No,No,Telephone,Selfemployeed,45468,5
772098858,37,M,3,Graduate,Married,Fl,91750,No,Yes,No,Cellular,Businessman,107421,5
772103208,60,M,1,Graduate,Single,Ny,91750,Yes,No,No,Cellular,Selfemployeed,38459,5
772105608,46,F,4,Graduate,Single,Ca,91750,Yes,No,No,Cellular,Businessman,55057,4
772111083,42,M,4,Graduate,Single,Tx,91750,No,No,No,Cellular,Govt,58212,4
772116408,54,F,1,High School,Single,Ca,91750,Yes,Yes,No,Cellular,Selfemployeed,26354,5
772118583,34,M,3,High School,Married,Mn,91750,No,No,No,Cellular,Blue-Collar,70156,4
772127508,49,F,4,Unknown,Single,Tx,91750,No,Yes,No,Cellular,Govt,30752,4
772133808,43,F,5,High School,Unknown,Ca,91750,No,Yes,No,Cellular,White-Collar,58333,4
772137183,47,F,3,Uneducated,Unknown,Tx,91750,No,No,No,Cellular,Govt,16492,5
772139433,39,F,3,Graduate,Unknown,Tx,91750,No,Yes,No,Cellular,Selfemployeed,14975,5
772143333,51,M,1,Unknown,Married,Fl,91750,No,No,No,Cellular,Retirees,68986,5
772145658,41,F,5,Post-Graduate,Married,Ca,91750,No,Yes,No,Cellular,Blue-Collar,13212,5
772148058,43,F,3,Graduate,Married,Tx,91750,No,No,Yes,Cellular,Selfemployeed,32183,5
772150983,47,F,2,Graduate,Single,Fl,91750,No,Yes,No,Cellular,White-Collar,31045,4
772155108,64,F,0,High School,Single,Ny,91750,Yes,No,No,Cellular,Selfemployeed,14198,5
772162683,59,F,1,High School,Single,Tx,91750,Yes,No,No,Cellular,Selfemployeed,32287,5
772166058,46,M,4,Graduate,Single,Nj,91750,No,Yes,No,Cellular,White-Collar,125955,4
772172883,47,M,2,Unknown,Single,Fl,91750,Yes,No,No,Unknown,Blue-Collar,84114,4
772177308,64,M,0,Graduate,Married,Fl,91750,Yes,Yes,No,Cellular,Blue-Collar,29987,3
772189308,53,M,2,Graduate,Married,Ca,91750,No,No,No,Cellular,Selfemployeed,84494,4
772198983,53,M,3,High School,Single,Ny,91750,No,No,No,Cellular,Businessman,63867,3
772202058,42,F,3,Unknown,Married,Ca,91750,Yes,No,Yes,Cellular,Selfemployeed,14975,5
772204758,53,F,3,Uneducated,Single,Ca,91750,No,Yes,No,Cellular,Retirees,25214,4
772207683,54,F,4,Graduate,Married,Tx,91750,No,Yes,No,Cellular,Businessman,169176,4
772216833,54,M,5,High School,Married,Nj,91750,No,No,No,Cellular,Govt,66027,5
772220433,44,M,2,Doctorate,Single,Il,91750,Yes,No,No,Cellular,Retirees,64739,3
772231233,33,F,3,Graduate,Single,Nj,91750,Yes,Yes,No,Cellular,Selfemployeed,55187,4
772236108,47,M,4,Uneducated,Unknown,Ut,91750,No,No,No,Cellular,Selfemployeed,14975,3
772243833,64,M,0,Doctorate,Married,Ut,91750,No,No,No,Cellular,Blue-Collar,49664,3
772248408,33,F,2,Uneducated,Unknown,Ca,91750,Yes,Yes,No,Cellular,Retirees,36705,5
772264383,42,F,3,Graduate,Married,Ca,91750,Yes,No,No,Cellular,Selfemployeed,12937,4
772268058,61,F,1,High School,Single,Ca,91750,No,No,No,Cellular,Govt,34941,5
772271508,46,M,2,High School,Single,Tx,91750,No,Yes,No,Cellular,Blue-Collar,25619,5
772273983,39,F,2,Uneducated,Single,Nj,91750,Yes,No,No,Unknown,Retirees,22287,5
772277508,47,F,2,Graduate,Married,Ca,91750,Yes,Yes,Yes,Telephone,Govt,36074,5
772286658,49,F,3,Unknown,Single,Tx,91750,No,Yes,No,Cellular,Selfemployeed,21265,4
772288758,65,F,1,Unknown,Married,Nj,91750,Yes,No,No,Cellular,Selfemployeed,12150,4
772292358,51,F,3,Post-Graduate,Married,Ny,91750,No,Yes,No,Cellular,Selfemployeed,11224,5
772300383,48,M,3,Uneducated,Single,Ny,91750,No,No,No,Cellular,White-Collar,131235,3
772303458,45,F,4,Graduate,Single,Ca,91750,Yes,No,No,Cellular,Blue-Collar,13394,5
772306383,28,M,0,High School,Single,Tx,91750,No,Yes,Yes,Unknown,Selfemployeed,25098,3
772308408,49,F,3,Graduate,Single,Tx,91750,No,Yes,No,Cellular,Selfemployeed,2565,5
772310958,42,M,4,High School,Married,Ny,91750,No,No,Yes,Cellular,Govt,87966,4
772313358,42,M,3,Graduate,Married,Nj,91750,No,Yes,Yes,Cellular,Blue-Collar,116339,4
772323033,31,F,0,Post-Graduate,Single,Tx,91750,Yes,Yes,No,Cellular,Retirees,59168,5
772329183,44,F,2,High School,Single,Fl,91750,Yes,Yes,Yes,Cellular,White-Collar,37853,3
772334133,55,M,0,Doctorate,Married,Sc,91750,No,Yes,No,Cellular,Businessman,69577,4
772336458,56,F,3,Graduate,Single,Ca,91750,No,No,No,Unknown,Selfemployeed,1250,5
772339383,55,M,3,Graduate,Single,Fl,91750,Yes,No,No,Unknown,White-Collar,141448,4
772341783,38,F,4,Graduate,Single,Fl,91750,No,No,No,Cellular,Blue-Collar,16053,5
772346358,44,M,1,Graduate,Married,Tx,91750,No,Yes,No,Cellular,Businessman,91373,4
772353408,34,F,1,Graduate,Single,Ut,91750,Yes,Yes,Yes,Unknown,Selfemployeed,14196,4
772360683,45,F,4,Uneducated,Single,Tx,91750,No,Yes,No,Cellular,Selfemployeed,14975,4
772364358,43,M,1,High School,Single,Tx,91750,No,No,Yes,Cellular,Businessman,61205,4
772366833,35,F,2,Unknown,Married,Ca,91615,Yes,No,No,Cellular,Businessman,214273,3
772375533,50,F,1,Graduate,Married,Ca,91750,No,No,No,Unknown,Selfemployeed,14975,5
772382283,43,F,2,Graduate,Married,Ca,91750,No,No,No,Cellular,Selfemployeed,31499,4
772388508,36,M,2,Graduate,Unknown,Ct,91750,Yes,No,No,Telephone,Businessman,90657,5
772390908,56,F,1,High School,Married,Wa,53010,No,No,Yes,Cellular,Selfemployeed,1250,5
772394883,42,F,4,High School,Single,Ca,91750,No,No,No,Cellular,Govt,33147,4
772399983,54,F,2,Uneducated,Single,Ny,91750,Yes,No,No,Unknown,Govt,19367,5
772401933,34,F,3,Graduate,Married,Ny,91750,No,No,Yes,Cellular,Selfemployeed,38928,5
772404633,52,M,3,Graduate,Married,Ca,91750,Yes,No,No,Cellular,Businessman,107387,5
772407333,63,F,1,High School,Married,Ca,91750,No,No,No,Cellular,Selfemployeed,14975,5
772409733,27,M,1,High School,Single,Fl,91750,No,No,No,Cellular,Selfemployeed,76456,4
772415808,40,M,4,Graduate,Single,Tx,91750,No,Yes,No,Cellular,Retirees,53971,5
772426383,27,F,1,High School,Married,Tx,91750,No,No,No,Unknown,Selfemployeed,6550,5
772430733,54,M,3,Graduate,Unknown,Fl,91750,Yes,Yes,Yes,Unknown,White-Collar,102076,4
772437633,37,M,2,Graduate,Single,Ny,91750,No,No,No,Cellular,White-Collar,69382,5
772442883,59,F,0,Unknown,Married,Ca,91750,No,Yes,No,Cellular,Govt,27562,4
772449858,52,F,3,Post-Graduate,Married,Ca,91750,No,Yes,Yes,Cellular,Blue-Collar,43634,5
772452783,37,F,0,Unknown,Married,Ny,91750,Yes,No,No,Telephone,Businessman,15553,4
772457583,53,M,0,Graduate,Single,Ny,91750,Yes,No,No,Cellular,Businessman,98743,4
772460508,50,F,1,Graduate,Single,Mn,91750,No,No,No,Cellular,Selfemployeed,10425,5
772466508,46,F,2,High School,Unknown,Fl,91750,Yes,Yes,No,Telephone,Govt,20428,5
772468983,51,F,0,Unknown,Married,Nj,91750,No,No,No,Cellular,Govt,18977,4
772472208,54,F,5,Unknown,Married,Ny,91750,No,Yes,No,Cellular,Retirees,25060,4
772491333,53,F,4,Graduate,Married,Tx,91750,No,No,No,Cellular,Businessman,182464,3
772506858,46,M,4,Graduate,Single,Ny,91750,No,No,Yes,Cellular,Businessman,68413,5
772514808,53,F,1,Unknown,Unknown,Tx,91750,Yes,No,No,Cellular,Blue-Collar,25533,4
772525308,40,F,2,Unknown,Married,Fl,91750,No,Yes,No,Unknown,Govt,39889,5
772528158,58,F,0,High School,Single,Tx,91750,Yes,No,No,Unknown,Retirees,29513,3
772532208,42,F,4,Uneducated,Single,Tx,91750,No,Yes,No,Telephone,Selfemployeed,2565,4
772539558,40,M,3,Unknown,Married,Ca,91750,No,No,No,Cellular,Govt,71574,3
772545858,50,M,2,Post-Graduate,Single,Tx,91750,No,Yes,No,Cellular,Selfemployeed,42529,4
772565883,39,M,2,Uneducated,Single,Ny,91750,No,Yes,No,Cellular,Govt,75342,5
772569033,60,M,2,Graduate,Married,Nj,91750,Yes,Yes,No,Cellular,Businessman,69112,4
772571508,57,F,3,Unknown,Single,Fl,91750,Yes,No,No,Unknown,White-Collar,25381,3
772574283,43,F,4,Graduate,Single,Ca,91750,No,No,No,Telephone,Selfemployeed,14975,5
772578858,51,F,3,Graduate,Single,Ca,91750,Yes,Yes,Yes,Cellular,Blue-Collar,43601,5
772580958,46,M,3,Unknown,Married,Tx,91750,Yes,Yes,No,Cellular,Govt,86242,5
772585008,40,M,3,Graduate,Married,Ca,91750,No,Yes,No,Cellular,Blue-Collar,93722,3
772590408,56,M,2,Unknown,Single,Ca,91750,Yes,No,No,Cellular,Govt,46277,5
772596783,51,F,2,Uneducated,Single,Ny,91750,No,No,No,Cellular,Businessman,213177,3
772601283,30,F,1,Graduate,Single,Tx,91750,No,Yes,No,Unknown,Businessman,28914,5
772607433,48,F,2,Graduate,Married,Ca,91750,No,Yes,No,Cellular,Selfemployeed,50462,3
772629333,46,F,4,Unknown,Single,Tx,91750,No,Yes,No,Telephone,Selfemployeed,11725,3
772637058,44,F,4,Unknown,Single,Ny,91750,No,Yes,Yes,Cellular,Businessman,22353,3
772640808,37,F,2,High School,Unknown,Ny,91750,No,No,No,Cellular,Businessman,181915,5
772643058,34,F,1,Graduate,Single,Ny,91750,No,Yes,No,Unknown,Selfemployeed,14975,5
772655733,30,M,1,Graduate,Single,Ca,91750,No,Yes,No,Cellular,Retirees,64991,5
772658658,47,M,2,Graduate,Married,Tx,91750,Yes,Yes,No,Telephone,Selfemployeed,62659,4
772661808,39,M,5,Unknown,Married,Ny,91750,Yes,No,No,Cellular,Govt,91460,5
772669833,45,F,2,Graduate,Single,Ca,91750,Yes,No,No,Cellular,Selfemployeed,34412,5
772674933,40,F,5,High School,Married,Ca,91750,No,Yes,No,Unknown,Retirees,20517,5
772684833,44,F,3,Graduate,Married,Tx,91750,No,Yes,No,Cellular,Govt,15324,3
772687983,49,M,5,Graduate,Married,Tx,91750,Yes,Yes,No,Cellular,Blue-Collar,79307,4
772695033,54,F,2,Graduate,Married,Tx,91750,Yes,No,No,Unknown,Selfemployeed,14975,5
772698783,57,M,3,High School,Married,Ny,91750,Yes,No,No,Unknown,White-Collar,148310,4
772706283,49,F,4,Doctorate,Married,Ny,91750,No,No,No,Telephone,Selfemployeed,14975,4
772712658,55,F,2,Graduate,Married,Fl,91750,No,No,No,Cellular,White-Collar,20859,3
772721208,33,F,3,High School,Married,Fl,91750,No,No,No,Cellular,Businessman,232857,4
772725408,33,M,4,Uneducated,Married,Ny,91750,Yes,Yes,No,Unknown,Govt,106036,4
772728933,53,F,2,Unknown,Single,Tx,91750,No,No,No,Cellular,Retirees,28815,5
772735758,27,F,1,Uneducated,Unknown,Ny,91750,No,No,No,Unknown,Blue-Collar,12519,3
772758783,38,F,2,Unknown,Single,Nv,91750,Yes,Yes,No,Unknown,Blue-Collar,36543,3
772776033,41,F,2,Unknown,Single,Tx,91750,Yes,Yes,No,Cellular,Govt,24181,3
772782708,48,F,3,Doctorate,Married,Ca,91750,No,No,No,Unknown,Selfemployeed,14975,4
772794108,52,F,1,Graduate,Married,Ny,91750,No,No,No,Cellular,White-Collar,35247,3
772813458,59,M,1,Uneducated,Single,Fl,91750,No,Yes,No,Cellular,Govt,55730,5
772825308,49,F,4,High School,Unknown,Ny,91750,Yes,Yes,No,Cellular,Retirees,54460,5
772837083,50,M,3,Unknown,Single,Ca,91750,Yes,Yes,Yes,Cellular,White-Collar,44934,4
772846383,55,M,1,Uneducated,Single,Ny,91750,No,No,No,Telephone,Govt,78354,3
772857558,43,M,5,Unknown,Married,Ny,91750,No,Yes,No,Cellular,White-Collar,71289,5
772869033,56,M,1,Graduate,Married,Ny,91750,Yes,No,No,Cellular,Businessman,102444,5
772879158,65,M,1,Unknown,Married,Ny,91750,Yes,Yes,No,Cellular,White-Collar,45780,4
772922883,37,F,2,Uneducated,Married,Ny,91750,Yes,Yes,No,Cellular,Selfemployeed,17553,4
772935108,51,F,2,Graduate,Married,Ny,91750,No,Yes,Yes,Cellular,Retirees,16510,3
773018583,57,M,1,Graduate,Married,Ca,91750,Yes,No,No,Telephone,White-Collar,75291,3
773073558,44,F,3,Graduate,Married,Ca,91750,No,Yes,Yes,Unknown,Selfemployeed,14975,5
773082033,44,F,1,Graduate,Married,Tx,91750,No,Yes,No,Cellular,White-Collar,25573,5
773108958,52,M,2,High School,Married,Nj,91750,Yes,No,No,Cellular,Businessman,62633,4
773140683,33,F,4,Graduate,Married,Ca,91750,No,No,No,Cellular,Blue-Collar,53007,3
773146383,29,M,1,Graduate,Married,Tx,91750,Yes,Yes,No,Unknown,Businessman,15099,5
773155533,37,M,1,Doctorate,Unknown,Fl,91750,No,Yes,No,Cellular,Govt,76303,5
773172483,54,M,1,High School,Married,Fl,91750,No,Yes,No,Cellular,Govt,103784,5
773177358,43,M,2,Doctorate,Single,Fl,91750,No,Yes,No,Cellular,Retirees,98665,5
773185833,50,M,4,Graduate,Single,Fl,91750,Yes,No,No,Cellular,Businessman,199776,4
773228133,44,F,3,Uneducated,Married,Fl,91750,Yes,No,No,Telephone,Businessman,27467,5
773236983,62,F,1,Post-Graduate,Married,Nj,91750,Yes,Yes,No,Telephone,Blue-Collar,16745,5
773257233,40,F,3,Uneducated,Unknown,Ny,91750,No,No,No,Cellular,Businessman,38450,4
773270058,44,F,0,Unknown,Married,Tx,91750,Yes,Yes,No,Cellular,Blue-Collar,12107,5
773275083,51,M,3,Unknown,Single,Tx,91750,Yes,No,Yes,Telephone,Blue-Collar,77365,4
773283108,45,F,4,Unknown,Married,Fl,91750,No,No,No,Cellular,Businessman,222259,4
773288958,44,F,4,Graduate,Married,Tx,91750,Yes,No,No,Cellular,Selfemployeed,14975,5
773297508,43,F,3,High School,Married,Tx,91750,No,Yes,No,Cellular,Selfemployeed,14975,5
773306658,59,F,0,High School,Single,Ny,91750,Yes,No,No,Cellular,Businessman,221178,5
773322558,52,M,2,High School,Single,Ca,91750,No,No,No,Cellular,Selfemployeed,46225,5
773332908,35,M,3,Doctorate,Single,Nj,91750,No,Yes,No,Cellular,Govt,54111,3
773342808,57,M,5,High School,Married,Fl,91750,Yes,No,No,Cellular,White-Collar,92447,3
773356008,38,M,5,Unknown,Married,Tx,91750,Yes,Yes,No,Cellular,Businessman,109333,5
773364483,38,F,3,Graduate,Married,Ca,91750,No,No,No,Cellular,Blue-Collar,18244,4
773373108,33,F,2,Doctorate,Single,Nj,91750,No,No,No,Unknown,Selfemployeed,5525,4
773383158,43,F,3,Uneducated,Unknown,Tx,91750,Yes,No,No,Cellular,Retirees,32062,4
773389908,43,F,3,Unknown,Married,Ca,91750,Yes,No,No,Unknown,Blue-Collar,21194,5
773442258,38,F,2,Graduate,Single,Ca,91750,Yes,No,No,Cellular,Blue-Collar,13255,5
773448558,44,F,3,High School,Unknown,Ca,91750,No,Yes,No,Cellular,Blue-Collar,10713,4
773457558,37,F,1,Graduate,Unknown,Fl,91750,Yes,No,No,Unknown,Govt,42733,4
773466258,53,F,2,High School,Married,Tx,91750,Yes,No,No,Cellular,Selfemployeed,7865,5
773503308,49,M,3,High School,Unknown,Fl,91750,Yes,Yes,No,Cellular,Retirees,47502,4
773667708,45,F,5,Uneducated,Unknown,Fl,91750,No,No,No,Cellular,Blue-Collar,22975,4
773827008,40,F,1,Graduate,Married,Ca,91750,No,Yes,No,Telephone,Selfemployeed,5525,5
773988708,35,M,3,Graduate,Unknown,Tx,91750,Yes,Yes,Yes,Cellular,White-Collar,104473,5
774012933,37,M,2,High School,Married,Fl,91750,No,Yes,No,Cellular,White-Collar,118417,3
774099708,45,M,3,Graduate,Single,Va,91750,No,No,Yes,Cellular,Blue-Collar,103488,4
774172158,40,F,4,Uneducated,Single,Ca,91750,No,No,No,Cellular,Businessman,31191,5
774437583,44,F,2,Graduate,Married,Nj,91750,No,No,No,Cellular,Selfemployeed,14975,3
774491958,44,M,4,Graduate,Single,Tx,91750,No,Yes,Yes,Unknown,Govt,112879,5
774588633,38,M,1,High School,Married,Nj,91750,No,No,No,Cellular,Businessman,86104,5
774675933,44,F,1,Graduate,Married,Ca,91750,Yes,No,No,Cellular,Retirees,38163,3
774760458,52,F,1,Graduate,Single,Nj,91750,Yes,No,No,Unknown,Selfemployeed,14975,3
775112958,36,M,2,Unknown,Single,Ca,91750,Yes,No,No,Cellular,White-Collar,107853,5
775152708,58,F,2,Graduate,Married,Fl,91750,No,Yes,No,Cellular,Retirees,16680,4
775198608,37,F,2,High School,Married,Tx,91750,No,No,No,Telephone,Businessman,19426,5
775267158,54,M,1,High School,Single,Il,91750,No,No,No,Cellular,Businessman,116844,5
778131333,39,M,3,Unknown,Single,Ny,91750,Yes,No,Yes,Cellular,Govt,94726,4
778137108,49,F,3,Uneducated,Married,Ny,91750,No,No,No,Cellular,Blue-Collar,17238,3
778143183,54,M,3,Graduate,Married,Tx,91750,No,Yes,No,Cellular,Blue-Collar,92975,4
778148283,47,F,5,High School,Married,Ca,91750,No,No,No,Cellular,Govt,45336,5
778152108,53,M,1,Graduate,Single,Tx,91750,No,Yes,No,Cellular,Selfemployeed,88881,5
778155558,40,F,5,Graduate,Unknown,Tx,91750,Yes,Yes,No,Cellular,White-Collar,38810,5
778163508,52,M,2,Unknown,Single,Ca,91750,No,No,No,Cellular,Selfemployeed,86500,5
778170633,44,F,3,Doctorate,Married,Fl,91750,No,No,No,Unknown,Selfemployeed,39987,5
778172583,55,M,2,Graduate,Married,Ny,91750,No,No,No,Unknown,Blue-Collar,101547,5
778176108,28,F,1,High School,Single,Nj,91750,Yes,No,No,Unknown,Selfemployeed,11366,4
778180158,42,F,2,High School,Married,Ny,91750,No,Yes,No,Telephone,Retirees,39628,5
778191933,45,F,3,Unknown,Single,Ca,91750,No,Yes,No,Cellular,Selfemployeed,25155,4
778207083,45,F,4,High School,Married,Ca,91750,Yes,No,No,Cellular,Blue-Collar,22582,3
778224858,50,M,2,Unknown,Married,Ca,91750,No,No,No,Cellular,Selfemployeed,69876,4
778228458,50,M,3,Uneducated,Single,Tx,91750,No,Yes,No,Telephone,Govt,86612,5
778231983,39,M,2,Graduate,Married,Fl,91750,No,Yes,No,Cellular,White-Collar,78478,3
778236858,54,M,1,Graduate,Married,Ny,91750,Yes,No,No,Cellular,White-Collar,100058,4
778239933,51,F,3,Graduate,Single,Fl,91750,No,No,No,Unknown,Blue-Collar,10574,3
778242708,56,F,3,Graduate,Married,Ca,91750,Yes,Yes,No,Cellular,White-Collar,57807,3
778245633,40,F,3,High School,Single,Ny,91750,No,Yes,No,Cellular,Businessman,59014,3
778247358,35,M,2,High School,Single,Fl,91750,No,No,No,Cellular,Businessman,44253,3
778255083,43,M,3,Graduate,Unknown,Ca,91750,No,Yes,Yes,Cellular,White-Collar,72336,3
778260108,50,M,4,Post-Graduate,Married,Tx,91750,No,No,No,Cellular,Businessman,165200,4
778264008,36,M,1,Graduate,Single,Fl,91750,No,Yes,No,Cellular,Selfemployeed,74670,3
778268508,43,M,5,Graduate,Married,Mi,91750,Yes,Yes,No,Cellular,Retirees,63037,4
778272408,54,F,2,Uneducated,Married,Ca,91750,No,Yes,No,Cellular,Blue-Collar,25374,3
778275783,45,F,2,Unknown,Single,Co,91750,Yes,Yes,No,Unknown,Selfemployeed,33481,5
778282758,37,M,2,High School,Single,Ca,91750,No,Yes,No,Cellular,Govt,51503,4
778284783,39,M,2,Unknown,Married,Fl,91750,No,Yes,No,Cellular,Govt,71124,3
778286433,65,F,0,High School,Single,Tx,91750,Yes,No,No,Unknown,Selfemployeed,22129,4
778289883,49,F,4,Unknown,Married,Ca,91750,Yes,Yes,No,Cellular,Blue-Collar,29229,4
778327908,49,M,2,Unknown,Married,Fl,91750,No,No,No,Cellular,Selfemployeed,50264,4
778340733,50,F,1,Unknown,Married,Ca,91750,No,No,No,Cellular,Businessman,19020,4
778343958,46,F,2,Graduate,Married,Ny,91750,No,No,No,Unknown,Selfemployeed,44019,5
778346283,43,F,1,Post-Graduate,Married,Ny,91750,Yes,No,No,Unknown,Retirees,17178,4
778348233,35,F,2,Graduate,Married,Ny,91750,No,Yes,Yes,Cellular,Selfemployeed,5525,4
778349883,61,M,1,Graduate,Married,Ca,91750,No,No,No,Cellular,White-Collar,52902,4
778353183,43,M,4,Graduate,Married,Fl,91750,No,Yes,No,Cellular,White-Collar,94786,5
778356408,47,F,3,High School,Married,Tx,91750,No,No,No,Cellular,Retirees,56158,5
778357458,37,F,2,Unknown,Single,Fl,91750,No,Yes,Yes,Unknown,Businessman,15082,5
778360608,50,F,4,Uneducated,Single,Ny,91750,No,No,No,Cellular,Govt,52833,4
778364583,46,F,4,Graduate,Single,Nj,91750,Yes,No,No,Unknown,Selfemployeed,14975,4
778372158,45,M,2,Graduate,Married,Nj,91750,No,No,No,Telephone,Govt,76569,3
778375458,55,F,1,Graduate,Single,Fl,91750,Yes,No,No,Cellular,Blue-Collar,37009,3
778377183,49,M,4,Uneducated,Married,Ak,99504,No,Yes,No,Cellular,White-Collar,80972,4
778378983,34,F,4,Graduate,Married,Tx,91750,No,No,No,Cellular,Govt,28237,5
778381608,49,F,4,Unknown,Single,Ca,91750,Yes,No,Yes,Unknown,White-Collar,15401,5
778386033,38,F,1,Graduate,Married,Nj,91750,No,No,No,Cellular,Retirees,21104,5
778388358,50,F,1,High School,Single,Ny,91750,No,No,No,Cellular,Selfemployeed,2565,5
778394358,37,M,3,Unknown,Single,Ny,91750,Yes,Yes,No,Cellular,Selfemployeed,58583,4
778397358,54,F,3,Doctorate,Single,Ca,91750,Yes,Yes,No,Cellular,Retirees,30039,5
778399008,54,F,3,Graduate,Single,Ny,91750,Yes,No,No,Cellular,Selfemployeed,14975,4
778401033,42,F,4,Uneducated,Married,Ca,91750,Yes,No,No,Cellular,Selfemployeed,14975,3
778405458,58,M,3,High School,Married,Ny,91750,No,No,No,Cellular,Businessman,71942,4
778407033,68,M,0,High School,Married,Fl,91750,No,Yes,No,Unknown,Selfemployeed,26249,4
778420383,41,M,2,Uneducated,Married,Nj,91750,Yes,No,No,Cellular,Blue-Collar,115458,4
778422933,51,F,1,High School,Single,Ca,91750,No,Yes,Yes,Cellular,Retirees,36350,5
778425408,42,F,4,Unknown,Unknown,Tx,91750,No,No,No,Cellular,Selfemployeed,11067,4
778426608,47,F,5,Unknown,Unknown,Ny,91750,No,Yes,No,Unknown,Businessman,16165,5
778428108,52,F,1,Graduate,Married,Fl,91750,Yes,No,No,Cellular,Businessman,238388,4
778430733,38,M,2,High School,Single,Tx,91750,No,Yes,No,Unknown,Blue-Collar,108518,5
778433283,52,F,1,Graduate,Unknown,Ny,91750,No,No,No,Unknown,Blue-Collar,20495,3
778436283,35,F,1,Graduate,Married,Tx,91750,No,Yes,No,Cellular,White-Collar,47685,3
778439883,48,M,3,Doctorate,Married,Ny,91750,Yes,Yes,No,Telephone,Businessman,109419,4
778441533,35,F,2,Graduate,Married,Nj,91750,No,Yes,No,Cellular,Blue-Collar,24047,3
778444908,50,F,2,Unknown,Single,Nj,91750,No,No,No,Cellular,Businessman,233874,5
778447908,45,F,3,High School,Single,Fl,91750,Yes,No,No,Cellular,White-Collar,51364,4
778456983,52,F,4,Post-Graduate,Married,Tx,91750,Yes,No,No,Cellular,Govt,16505,4
778459833,48,F,4,Graduate,Single,Ny,91750,Yes,No,No,Cellular,Retirees,15763,5
778461408,27,F,2,Graduate,Married,Fl,91750,Yes,No,No,Cellular,Retirees,26879,3
778465533,44,F,1,High School,Single,Tx,91750,Yes,No,No,Unknown,Blue-Collar,17741,3
778471758,42,M,4,Graduate,Married,Tx,91750,No,No,No,Cellular,Businessman,73326,5
778486008,65,F,2,Graduate,Single,Ca,91750,No,No,No,Cellular,Govt,40118,4
778493808,51,F,2,Graduate,Single,Ca,91750,No,Yes,No,Unknown,Businessman,15077,5
778502958,40,F,2,Uneducated,Married,Ca,91750,Yes,No,No,Cellular,Retirees,26411,4
778506633,49,F,3,Graduate,Single,Tx,91750,No,No,No,Telephone,Selfemployeed,5225,4
778508883,57,F,3,Graduate,Married,Ny,91750,No,Yes,No,Cellular,Blue-Collar,12554,5
778511733,45,F,3,Graduate,Married,Ny,91750,No,Yes,No,Cellular,Selfemployeed,14975,4
778523733,31,F,0,Graduate,Single,Ny,91750,No,No,No,Cellular,Retirees,39429,5
778550583,57,M,3,Graduate,Married,Ny,91750,No,No,No,Telephone,White-Collar,79214,3
778563858,58,M,2,Uneducated,Single,Ny,91750,No,Yes,Yes,Cellular,Businessman,172318,3
778567983,50,M,2,Unknown,Married,Tx,91750,No,Yes,No,Cellular,Selfemployeed,66107,5
778573233,54,F,2,Unknown,Unknown,Ca,91750,No,Yes,No,Cellular,Selfemployeed,19574,4
778574283,56,F,1,Graduate,Married,Mn,91750,Yes,Yes,No,Cellular,Blue-Collar,21826,4
778601733,50,F,2,Graduate,Married,Ca,91750,No,No,No,Cellular,Businessman,26252,4
778606308,37,F,2,Graduate,Married,Ny,91750,Yes,Yes,No,Cellular,Selfemployeed,34228,5
778617708,35,M,3,Uneducated,Single,Tx,91750,No,Yes,No,Unknown,Businessman,25095,3
778619358,39,M,2,Unknown,Married,Wa,98815,Yes,Yes,No,Cellular,Retirees,76749,4
778623858,45,F,4,Uneducated,Married,Nj,91750,No,No,No,Unknown,Selfemployeed,16520,3
778627983,61,F,1,Graduate,Married,Tx,91750,No,No,No,Cellular,Selfemployeed,14975,3
778632933,34,M,2,Graduate,Married,Fl,91750,Yes,Yes,No,Cellular,Retirees,74721,5
778643733,21,M,3,Uneducated,Married,Tx,91750,No,Yes,No,Cellular,White-Collar,118036,4
778659108,53,M,1,Graduate,Unknown,Ny,91750,Yes,No,No,Cellular,Govt,75314,4
778661358,51,F,1,Unknown,Single,Ca,91750,Yes,No,No,Cellular,Selfemployeed,14975,5
778663458,45,F,3,Unknown,Married,Ca,91750,No,No,No,Cellular,Selfemployeed,2565,4
778669608,45,M,4,Graduate,Married,Ny,91750,Yes,No,No,Unknown,Govt,95162,3
778671483,51,F,2,Graduate,Single,Tx,91750,No,Yes,Yes,Cellular,Selfemployeed,51605,4
778679883,38,F,2,High School,Single,Ny,91750,Yes,Yes,No,Cellular,Retirees,39797,4
778686408,54,F,4,Graduate,Married,Tx,91750,No,No,No,Unknown,Selfemployeed,14975,3
778693458,39,F,2,Unknown,Single,Ca,91750,Yes,No,No,Unknown,Selfemployeed,12751,4
778696608,46,M,3,Uneducated,Single,Ca,91750,No,No,No,Cellular,Businessman,78866,4
778698408,40,F,2,Graduate,Single,Fl,91750,Yes,Yes,No,Cellular,Selfemployeed,14975,4
778699908,50,F,3,Doctorate,Single,Fl,91750,No,Yes,No,Cellular,Selfemployeed,5225,5
778706508,56,F,1,Graduate,Married,Ca,91750,No,Yes,No,Cellular,Selfemployeed,14265,4
778708533,42,F,4,Graduate,Single,Nv,91750,Yes,No,No,Cellular,Selfemployeed,2565,4
778710783,52,F,1,Graduate,Married,Tx,91750,Yes,Yes,Yes,Cellular,Businessman,42025,5
778712658,38,F,2,High School,Married,Ca,91730,No,Yes,Yes,Unknown,Selfemployeed,47979,4
778714833,40,M,2,Uneducated,Married,Ma,91750,No,No,No,Cellular,Govt,83877,5
778716783,40,M,2,Graduate,Married,Fl,91750,No,Yes,No,Cellular,Blue-Collar,102119,4
778718658,49,M,5,Unknown,Single,Fl,91750,No,Yes,No,Cellular,Govt,49095,5
778720533,44,F,4,High School,Unknown,Ca,91750,Yes,Yes,Yes,Telephone,Retirees,22347,3
778722033,60,M,1,Uneducated,Single,Ca,91750,Yes,Yes,No,Cellular,Businessman,100383,5
778724058,56,M,2,Graduate,Married,Ca,91750,No,Yes,No,Cellular,White-Collar,46738,5
778728783,47,F,3,Uneducated,Married,Oh,91750,Yes,Yes,No,Unknown,White-Collar,32020,4
778732158,53,F,0,Uneducated,Married,Ca,91711,No,No,No,Cellular,Govt,48288,5
778734108,42,F,1,Graduate,Married,Nm,91750,No,Yes,No,Cellular,Govt,15301,5
778740708,42,F,2,Unknown,Single,Ny,91750,Yes,Yes,Yes,Cellular,Retirees,53532,4
778742358,47,F,1,High School,Single,Ca,91750,No,Yes,No,Cellular,White-Collar,104480,4
778745058,57,M,3,Unknown,Single,Ny,91750,No,No,No,Cellular,Businessman,198286,4
778747608,53,F,3,Unknown,Married,Fl,91750,Yes,No,No,Cellular,Govt,47803,4
778755858,52,F,4,Graduate,Married,Ny,91750,No,Yes,No,Unknown,Blue-Collar,17696,5
778760808,59,F,0,Unknown,Married,Ca,91750,Yes,Yes,No,Cellular,Selfemployeed,20095,5
778770783,50,F,2,High School,Married,Tx,91750,No,No,No,Cellular,Selfemployeed,5225,5
778780008,46,M,2,High School,Married,Fl,91750,Yes,Yes,Yes,Cellular,Govt,52307,4
778781508,63,F,1,Uneducated,Single,Ca,91750,Yes,Yes,No,Cellular,Blue-Collar,27818,3
778782858,49,M,3,Graduate,Married,Ca,91750,Yes,Yes,No,Cellular,Retirees,63078,4
778799583,47,F,4,High School,Married,Tx,91750,Yes,Yes,No,Cellular,Selfemployeed,14975,3
778801608,47,F,4,Graduate,Married,Fl,91750,No,No,No,Cellular,Blue-Collar,38923,4
778810083,42,F,4,Graduate,Single,Ca,91750,No,Yes,No,Cellular,Selfemployeed,52596,4
778819083,58,F,1,Uneducated,Married,Fl,91750,Yes,No,Yes,Cellular,Blue-Collar,24511,4
778825908,37,M,2,Doctorate,Single,Ca,90025,Yes,No,No,Telephone,Businessman,162109,4
778830933,44,M,3,Graduate,Single,Tx,91750,Yes,Yes,No,Telephone,Businessman,97807,4
778832883,50,F,3,Graduate,Single,Ny,91750,Yes,Yes,No,Cellular,Businessman,140462,4
778837083,44,F,4,Graduate,Married,Ny,91750,No,No,Yes,Cellular,Govt,21241,5
778839108,54,F,1,Unknown,Married,Ca,91750,Yes,Yes,Yes,Cellular,Retirees,40396,5
778844433,37,F,3,Post-Graduate,Married,Fl,91750,Yes,Yes,No,Cellular,Govt,35538,5
778847808,56,M,2,Graduate,Married,Ny,91750,No,No,No,Cellular,White-Collar,85102,5
778849908,39,M,2,High School,Single,Ca,91750,Yes,No,No,Cellular,Retirees,74541,4
778853358,42,M,2,Post-Graduate,Single,Fl,91750,Yes,No,No,Cellular,White-Collar,78187,5
778855383,52,F,4,Post-Graduate,Married,Ca,91750,Yes,No,No,Telephone,Businessman,19521,5
778857108,63,F,0,Uneducated,Unknown,Ca,91750,No,No,No,Cellular,Retirees,58164,4
778860783,45,F,3,Uneducated,Single,Fl,91750,No,Yes,No,Cellular,Selfemployeed,32869,4
778863258,38,M,2,Unknown,Married,Fl,91750,No,Yes,No,Unknown,Govt,88597,4
778865583,38,M,3,High School,Single,Ny,91750,No,No,No,Cellular,Govt,104434,4
778867533,30,M,1,Uneducated,Single,Ca,91750,Yes,No,No,Unknown,Selfemployeed,1250,5
778868958,48,F,2,Graduate,Single,Ny,91750,No,Yes,No,Cellular,Selfemployeed,2565,5
778871508,33,F,3,Graduate,Married,Ny,91750,No,No,No,Unknown,Selfemployeed,8250,4
778873608,49,F,3,High School,Single,Ny,91750,Yes,No,No,Cellular,Businessman,164628,4
778878633,45,F,2,Graduate,Single,Ca,91750,No,Yes,Yes,Cellular,Govt,37003,4
778880358,38,M,2,High School,Married,Fl,91750,No,No,No,Cellular,White-Collar,53703,5
778882758,58,F,1,Graduate,Married,Ca,91750,No,Yes,No,Cellular,Govt,18754,5
778885158,36,F,1,Doctorate,Single,Ny,91750,No,No,No,Unknown,Selfemployeed,13170,4
778888083,48,M,3,Unknown,Married,Ny,91750,Yes,No,No,Cellular,Businessman,116446,5
778894233,44,M,2,Post-Graduate,Married,Ca,91750,No,Yes,No,Cellular,Govt,105329,4
778895883,44,M,4,Graduate,Married,Ny,91750,No,Yes,Yes,Cellular,Selfemployeed,62086,5
778899708,53,F,1,High School,Single,Ny,91750,No,Yes,No,Cellular,White-Collar,33559,4
778905033,63,F,1,Unknown,Married,Ny,91750,No,Yes,Yes,Cellular,Retirees,44446,5
778908783,55,F,4,Uneducated,Single,Ca,91750,No,No,No,Cellular,Blue-Collar,13828,5
778910883,49,F,4,Graduate,Single,Ny,91750,Yes,Yes,No,Cellular,Retirees,22861,5
778912683,46,M,4,Unknown,Single,Tx,91750,Yes,Yes,No,Cellular,Blue-Collar,78004,3
778915233,34,F,1,Graduate,Married,Fl,91750,No,Yes,No,Telephone,Businessman,26332,5
778919583,36,M,2,Graduate,Married,Nj,91750,No,No,No,Cellular,Blue-Collar,55276,4
778921908,43,M,5,Graduate,Married,Fl,91750,No,No,No,Cellular,White-Collar,68696,5
778924158,48,F,3,Graduate,Married,Mi,91750,Yes,No,No,Cellular,Govt,41473,5
778928283,41,F,2,Graduate,Married,Ny,91750,Yes,Yes,No,Cellular,Selfemployeed,13090,3
778929783,36,F,2,Graduate,Married,Fl,91750,No,Yes,No,Unknown,Selfemployeed,2565,5
778932633,39,M,3,Graduate,Unknown,Nj,91750,No,No,No,Cellular,White-Collar,84400,5
778933983,34,M,4,Unknown,Married,Nj,91750,No,No,No,Cellular,Blue-Collar,44296,3
778936008,55,M,3,Graduate,Married,Nj,91750,No,No,No,Cellular,Businessman,93150,5
778937583,48,M,3,Graduate,Single,Fl,91750,Yes,Yes,No,Cellular,Selfemployeed,59734,4
778939683,62,F,1,High School,Married,Fl,91750,No,Yes,No,Cellular,Selfemployeed,14379,5
778942233,46,F,1,Unknown,Single,Tx,91750,No,Yes,No,Unknown,Blue-Collar,10982,5
778943883,54,F,1,High School,Married,Ca,91750,No,No,No,Cellular,Retirees,19175,5
778949133,65,F,0,Uneducated,Single,Ca,91750,Yes,No,No,Unknown,Blue-Collar,37771,4
778952058,46,F,1,Graduate,Married,Tx,91750,No,Yes,Yes,Unknown,Govt,37336,5
778956033,56,F,2,Graduate,Single,Tx,91750,Yes,Yes,No,Unknown,Businessman,203270,3
778959258,35,M,4,Graduate,Married,Ny,91750,No,No,No,Cellular,White-Collar,30269,3
778965183,53,M,0,High School,Married,Fl,91750,No,No,No,Cellular,Businessman,52347,5
778968408,49,F,2,Uneducated,Married,Fl,91750,No,No,No,Cellular,White-Collar,19139,5
778971408,49,F,3,Unknown,Married,Fl,91750,Yes,Yes,No,Cellular,Retirees,19392,5
778973658,34,F,1,Uneducated,Unknown,Ny,91750,No,No,Yes,Cellular,Govt,24625,4
778984383,44,M,3,High School,Single,Tx,91750,No,No,No,Telephone,Blue-Collar,71492,5
778992108,44,F,3,High School,Married,Tx,91750,Yes,Yes,No,Cellular,Selfemployeed,14975,5
779008158,48,M,4,High School,Married,Ny,91750,No,Yes,No,Cellular,Blue-Collar,87621,4
779016408,37,F,3,Unknown,Single,Ca,91750,No,No,Yes,Cellular,Selfemployeed,14975,4
779018508,50,M,4,Graduate,Married,Ca,91750,No,Yes,No,Unknown,Selfemployeed,102117,4
779027733,62,F,1,High School,Married,Fl,91750,Yes,No,Yes,Cellular,Businessman,40956,5
779029458,36,F,1,Uneducated,Married,Ny,91750,No,No,No,Cellular,Retirees,31872,5
779031033,56,F,2,Uneducated,Single,Ca,91750,Yes,Yes,No,Telephone,Selfemployeed,10406,4
779032308,35,F,1,Uneducated,Married,Ca,91750,No,No,No,Cellular,Retirees,35864,5
779034708,52,M,2,High School,Single,Ny,91750,No,Yes,No,Telephone,Govt,86524,4
779037408,49,F,1,Graduate,Married,Tx,91750,No,No,No,Cellular,Businessman,177751,5
779040408,40,M,4,Doctorate,Single,Fl,91750,No,No,No,Unknown,Selfemployeed,14975,3
779041983,50,M,2,Graduate,Married,Ca,91750,No,No,No,Cellular,Selfemployeed,62663,4
779046408,43,F,3,Post-Graduate,Single,Ca,91750,Yes,Yes,No,Telephone,Blue-Collar,10549,4
779051808,37,M,2,Doctorate,Married,Fl,91750,No,No,No,Cellular,Businessman,51762,5
779055033,49,M,3,Post-Graduate,Single,Tx,91750,No,Yes,No,Cellular,Businessman,111190,4
779058108,60,F,0,Graduate,Unknown,Ca,91750,Yes,No,No,Cellular,Blue-Collar,14782,5
779065458,39,M,2,Uneducated,Single,Nj,91750,Yes,No,No,Cellular,Blue-Collar,53815,5
779067408,46,F,3,High School,Single,Ca,90250,Yes,No,No,Unknown,Businessman,160237,4
779070033,26,M,0,Post-Graduate,Married,Fl,91750,No,No,Yes,Cellular,Selfemployeed,46583,3
779072733,52,M,2,Graduate,Married,Ca,91750,No,No,No,Unknown,Selfemployeed,88445,5
779078733,40,F,1,Unknown,Married,Tx,91750,No,Yes,No,Cellular,Selfemployeed,14975,4
779082633,55,F,3,Graduate,Single,Tx,91750,No,Yes,No,Unknown,Businessman,176480,4
779084208,40,F,2,Graduate,Unknown,Ca,91750,No,No,No,Cellular,Businessman,25691,5
779090883,45,F,4,Graduate,Married,Fl,91750,No,No,No,Cellular,Businessman,37800,5
779098308,39,M,0,Graduate,Single,Ca,91750,Yes,No,No,Cellular,White-Collar,105320,5
779100408,57,F,2,Doctorate,Married,Wa,54101,Yes,Yes,No,Unknown,Govt,30997,5
779104608,44,F,1,Doctorate,Married,Ny,91750,No,No,No,Unknown,Govt,32734,5
779114283,60,M,1,Graduate,Single,Fl,91750,Yes,Yes,No,Cellular,White-Collar,66944,5
779116158,57,M,0,Uneducated,Married,Ny,91750,Yes,No,No,Cellular,Selfemployeed,58020,4
779118708,41,M,2,Graduate,Married,Ca,91750,No,Yes,No,Cellular,Govt,70240,3
779122908,55,M,3,High School,Single,Tx,91750,No,Yes,No,Cellular,White-Collar,66091,4
779126658,42,F,4,Graduate,Married,Ca,91750,Yes,Yes,No,Cellular,Selfemployeed,25491,4
779130108,32,M,0,Graduate,Unknown,Ca,91750,Yes,Yes,No,Cellular,Retirees,29215,5
779134458,38,M,1,Uneducated,Married,Ca,91750,No,No,No,Cellular,Blue-Collar,111359,4
779135808,62,M,0,Unknown,Married,Ca,91750,No,No,No,Cellular,Retirees,57659,5
779138883,31,F,1,Uneducated,Single,Tx,91750,Yes,Yes,No,Unknown,Selfemployeed,14975,4
779140533,37,M,2,Graduate,Married,Fl,91750,No,Yes,No,Unknown,Businessman,205530,5
779141658,41,M,4,Unknown,Single,Ny,91750,No,Yes,Yes,Cellular,Selfemployeed,88940,5
779149683,49,F,4,Graduate,Married,Ca,91750,Yes,Yes,No,Unknown,White-Collar,30280,3
779155158,49,F,3,Graduate,Married,Tx,91750,No,No,No,Cellular,Blue-Collar,10807,4
779158533,36,M,2,Post-Graduate,Single,Ny,91750,No,Yes,No,Cellular,Govt,77717,4
779164608,56,F,2,Uneducated,Single,Ca,91750,No,Yes,No,Cellular,Selfemployeed,54236,5
779166783,48,F,4,Uneducated,Married,Ca,91750,Yes,Yes,No,Cellular,Selfemployeed,46443,5
779170008,44,M,3,Graduate,Single,Fl,91750,Yes,No,No,Cellular,Businessman,70114,4
779174133,60,F,1,Doctorate,Single,Tx,91750,Yes,No,No,Unknown,Selfemployeed,14975,4
779183958,38,F,1,High School,Single,Ca,91750,No,No,No,Cellular,Retirees,28131,4
779187783,52,M,1,Graduate,Single,Fl,91750,Yes,Yes,No,Cellular,Businessman,114295,5
779192283,40,F,3,Uneducated,Single,Tx,91750,No,No,No,Telephone,Businessman,52069,4
779198133,58,F,1,High School,Married,Fl,91750,No,Yes,No,Unknown,Selfemployeed,38372,5
779209083,60,F,1,Uneducated,Single,Tx,91750,Yes,No,No,Cellular,Blue-Collar,14813,5
779210283,36,F,4,Uneducated,Married,Tx,91750,No,No,No,Cellular,Govt,51592,4
779216358,49,F,1,Graduate,Married,Ca,91750,Yes,Yes,No,Cellular,Selfemployeed,2565,5
779217333,44,F,4,High School,Single,Ny,91750,No,Yes,Yes,Cellular,Blue-Collar,45347,5
779218233,47,F,1,Uneducated,Single,Tx,91750,No,Yes,No,Cellular,Businessman,50674,4
779219208,45,M,1,Graduate,Single,Ca,91750,No,No,No,Cellular,Selfemployeed,79322,3
779223858,47,F,1,High School,Unknown,Ca,91750,No,Yes,No,Unknown,Govt,31374,5
779224758,43,F,3,High School,Unknown,Tx,91750,No,Yes,No,Cellular,Businessman,43100,3
779236083,46,F,3,Graduate,Single,Tx,91750,Yes,No,No,Unknown,Blue-Collar,27167,4
779241783,64,F,0,Graduate,Single,Tx,91750,Yes,No,No,Unknown,Selfemployeed,14975,5
779247483,64,M,1,Graduate,Single,Nj,91750,No,No,No,Cellular,Businessman,32168,5
779249583,52,F,3,Uneducated,Married,Ny,91750,Yes,No,No,Unknown,Selfemployeed,12837,3
779252283,47,M,2,Graduate,Married,Ca,91750,Yes,No,No,Cellular,Blue-Collar,95670,5
779257233,38,M,3,Graduate,Married,Fl,91750,No,No,No,Cellular,Businessman,103633,4
779261433,50,F,2,Unknown,Married,Ca,91750,No,No,No,Cellular,Selfemployeed,38701,4
779263533,33,M,2,Post-Graduate,Single,Ny,91750,No,Yes,No,Cellular,Govt,104953,4
779269158,52,F,0,Graduate,Single,Ny,91750,Yes,No,No,Cellular,Businessman,23966,3
779270883,54,F,3,Graduate,Single,Ca,91701,Yes,Yes,No,Cellular,Businessman,46756,4
779279883,46,F,5,Graduate,Unknown,Tx,91750,Yes,No,No,Cellular,Selfemployeed,14975,4
779281233,38,F,3,Uneducated,Single,Tx,91750,No,Yes,No,Unknown,White-Collar,58928,3
779284833,55,F,2,Unknown,Married,Ny,91750,Yes,No,No,Telephone,Govt,39132,4
779289033,46,F,3,High School,Married,Ny,91750,No,Yes,No,Telephone,Blue-Collar,36407,4
779293308,46,M,2,Uneducated,Married,Ny,91750,Yes,Yes,No,Unknown,Blue-Collar,113196,4
779296908,38,M,1,Graduate,Unknown,Ca,91750,Yes,No,No,Cellular,Businessman,93002,4
779299233,46,F,3,Graduate,Married,Fl,91750,Yes,Yes,No,Cellular,Retirees,38866,3
779302233,39,F,2,High School,Married,Tx,91750,No,Yes,No,Cellular,Blue-Collar,28619,5
779305008,49,M,0,High School,Single,Fl,91750,Yes,No,No,Cellular,Blue-Collar,86914,5
779307558,44,M,0,Graduate,Unknown,Tx,91750,Yes,Yes,No,Cellular,Retirees,79113,3
779310033,48,F,4,Uneducated,Married,Ca,91750,No,Yes,No,Unknown,White-Collar,15726,5
779315508,52,M,3,Graduate,Single,Ca,91750,No,No,No,Cellular,White-Collar,72204,5
779320008,44,F,4,Graduate,Married,Ny,91750,Yes,No,No,Unknown,Selfemployeed,23070,5
779320983,47,F,5,Unknown,Married,Tx,91750,Yes,No,No,Cellular,Selfemployeed,14975,4
779324358,40,M,5,Graduate,Unknown,Nj,91750,No,No,No,Cellular,Blue-Collar,47566,5
779327733,48,F,2,Doctorate,Married,Ny,91750,No,No,No,Cellular,Businessman,43827,4
779330208,39,F,4,Post-Graduate,Married,Ca,91750,Yes,No,No,Cellular,White-Collar,16202,4
779331558,51,F,3,Graduate,Married,Fl,91750,No,No,No,Unknown,Blue-Collar,30443,5
779333883,55,M,4,Graduate,Married,Fl,91750,Yes,No,No,Telephone,Blue-Collar,110893,4
779338683,50,F,1,Uneducated,Married,Ny,91750,No,Yes,No,Cellular,Blue-Collar,18210,5
779340183,33,F,1,Graduate,Single,Ny,91750,No,Yes,No,Cellular,White-Collar,56697,5
779342958,49,F,3,Uneducated,Single,Ca,91750,Yes,No,No,Cellular,White-Collar,39430,3
779348358,43,F,3,Doctorate,Single,Ny,91750,No,Yes,Yes,Cellular,Selfemployeed,34162,5
779349783,50,M,1,Unknown,Unknown,Tx,91750,No,No,No,Unknown,White-Collar,125090,3
779351208,43,F,2,Uneducated,Married,Fl,91750,Yes,Yes,No,Unknown,Govt,18122,5
779353083,34,F,2,Graduate,Single,Tx,91750,No,Yes,No,Cellular,Blue-Collar,12015,3
779360808,49,M,4,Post-Graduate,Single,Tx,91750,No,No,No,Cellular,Businessman,86486,4
779363283,65,F,0,Graduate,Married,Ca,91750,Yes,No,No,Cellular,Retirees,59492,5
779367858,35,F,3,Uneducated,Single,Fl,91750,No,No,Yes,Cellular,Govt,34212,4
779380908,45,F,2,High School,Single,Fl,91750,No,Yes,No,Cellular,Selfemployeed,14975,5
779397183,42,F,4,Unknown,Single,Nv,91750,No,No,No,Cellular,Blue-Collar,49343,4
779400183,53,F,3,Graduate,Single,Ca,91750,No,Yes,No,Cellular,Blue-Collar,28386,5
779401233,40,M,4,Graduate,Unknown,Ny,91750,Yes,Yes,Yes,Cellular,Blue-Collar,96017,5
779403558,41,M,2,Unknown,Single,Nj,91750,Yes,No,No,Cellular,Selfemployeed,70823,5
779404383,52,M,4,Graduate,Married,Ar,72076,No,No,No,Cellular,Blue-Collar,61926,4
779405133,54,F,0,Graduate,Single,Ny,91750,Yes,Yes,No,Cellular,Blue-Collar,59910,3
779412783,44,F,5,Unknown,Single,Ny,91750,No,Yes,No,Cellular,Selfemployeed,56906,3
779420583,42,M,2,Graduate,Married,Tx,91750,No,Yes,No,Cellular,White-Collar,73210,5
779422458,42,M,3,Graduate,Unknown,Fl,91750,Yes,No,No,Cellular,Businessman,233214,5
779425608,46,F,4,Unknown,Unknown,Ny,91750,No,Yes,No,Unknown,Govt,41550,5
779435883,51,M,3,Graduate,Married,Ca,91750,Yes,Yes,No,Unknown,Govt,108859,4
779438208,47,M,3,High School,Single,Ca,91750,No,No,No,Cellular,Retirees,70601,5
779442783,45,M,4,High School,Single,Tx,91750,Yes,Yes,No,Cellular,Selfemployeed,62940,3
779445108,41,F,2,Graduate,Single,Fl,91750,Yes,No,No,Unknown,Govt,32423,3
779447358,45,M,5,High School,Married,Fl,91750,Yes,Yes,No,Cellular,Blue-Collar,64825,5
779449308,57,F,2,Graduate,Married,Tx,91750,No,No,Yes,Cellular,Govt,35752,3
779450958,34,M,1,Uneducated,Married,Tx,91750,No,No,No,Cellular,Blue-Collar,76289,4
779456508,51,M,1,Uneducated,Single,Fl,91750,No,No,Yes,Cellular,Businessman,103911,3
779458383,55,F,2,Post-Graduate,Married,Nj,91750,No,No,No,Cellular,Selfemployeed,55151,5
779462433,46,F,2,Graduate,Single,Ny,91750,No,No,No,Cellular,Blue-Collar,23718,5
779465358,41,F,4,Post-Graduate,Single,Ny,91750,Yes,No,No,Cellular,Businessman,24085,5
779468808,45,M,3,Graduate,Married,Tx,91750,No,No,No,Cellular,Govt,87627,4
779471883,59,F,2,Unknown,Single,Ca,91750,No,Yes,No,Telephone,Selfemployeed,1250,4
779473308,51,F,3,Uneducated,Married,Ny,91750,Yes,Yes,No,Unknown,White-Collar,26971,5
779474958,44,F,4,Graduate,Single,Nj,91750,No,No,Yes,Cellular,Retirees,22453,4
779480658,45,F,4,Graduate,Single,Ny,91750,No,No,No,Unknown,Selfemployeed,15043,3
779484408,42,F,4,Post-Graduate,Married,Ma,91750,No,Yes,Yes,Cellular,Govt,33223,4
779486433,36,M,1,Unknown,Unknown,Tx,91750,Yes,No,No,Cellular,Businessman,53751,3
779491908,50,F,4,Unknown,Married,Tx,91750,Yes,No,No,Telephone,Selfemployeed,55988,4
779498058,46,F,3,Graduate,Single,Ca,91750,No,No,No,Telephone,Selfemployeed,20069,5
779499933,50,F,4,Uneducated,Married,Oh,91750,No,Yes,Yes,Unknown,Businessman,56874,3
779502333,64,M,1,Uneducated,Single,Ca,91750,Yes,No,No,Cellular,Selfemployeed,14975,5
779504058,38,M,1,Graduate,Married,Ca,91750,No,No,No,Cellular,Blue-Collar,10069,5
779506158,45,F,2,Graduate,Married,Ny,91750,Yes,No,Yes,Cellular,Govt,28929,5
779508333,26,M,0,High School,Single,Fl,91750,No,No,No,Cellular,White-Collar,40250,4
779509983,41,F,1,Uneducated,Single,Ca,91750,No,Yes,No,Unknown,Selfemployeed,5525,4
779514558,40,M,3,Uneducated,Single,Fl,91750,No,No,No,Cellular,White-Collar,139127,5
779519058,52,F,1,High School,Single,Wa,54101,No,Yes,Yes,Cellular,White-Collar,18635,3
779521533,53,F,1,Doctorate,Single,Nj,91750,No,No,No,Unknown,Govt,19576,5
779523258,48,M,1,Graduate,Married,Tx,91750,No,No,No,Cellular,White-Collar,70792,4
779524833,52,F,1,High School,Single,Tx,91750,Yes,Yes,No,Telephone,Businessman,39700,3
779528658,59,F,0,Unknown,Married,Nj,91750,Yes,Yes,No,Unknown,Blue-Collar,22114,5
779530908,44,F,1,Graduate,Married,Ny,91750,No,No,No,Cellular,Blue-Collar,18033,4
779533983,43,M,2,Uneducated,Single,Ny,91750,Yes,Yes,No,Cellular,White-Collar,61118,4
779536233,60,M,0,Post-Graduate,Married,Fl,91750,Yes,Yes,No,Cellular,Retirees,73506,4
779542608,36,F,3,High School,Single,Ca,91750,Yes,No,No,Cellular,Selfemployeed,14975,5
779544708,31,M,2,Graduate,Single,Fl,91750,No,Yes,No,Cellular,Selfemployeed,45480,5
779548008,46,M,3,Graduate,Married,Ca,91750,Yes,No,No,Cellular,White-Collar,107483,5
779551533,52,M,2,Graduate,Married,Tx,91750,No,No,Yes,Cellular,Blue-Collar,81632,3
779557533,50,F,1,Graduate,Married,Fl,91750,Yes,No,No,Cellular,Selfemployeed,14975,4
779558733,52,F,3,High School,Married,Mn,91750,Yes,Yes,No,Unknown,Selfemployeed,14975,5
779562633,35,F,4,Doctorate,Married,Ca,91750,Yes,Yes,No,Cellular,Blue-Collar,12992,4
779571708,43,M,3,Graduate,Married,Ca,91750,No,Yes,No,Cellular,Govt,109690,3
779577108,36,F,3,Graduate,Single,Ca,91750,No,No,No,Cellular,White-Collar,48825,3
779597133,36,M,2,Graduate,Single,Ca,91750,No,Yes,No,Cellular,White-Collar,57582,5
779598183,57,F,3,High School,Unknown,Ca,91750,Yes,Yes,No,Unknown,Businessman,37248,4
779601783,42,M,4,Graduate,Married,Ca,91750,No,No,No,Cellular,White-Collar,59174,5
779608083,32,M,3,High School,Single,Ny,91750,No,Yes,No,Cellular,Selfemployeed,40305,5
779610033,44,F,1,Unknown,Single,Tx,91750,No,Yes,Yes,Cellular,Selfemployeed,5225,4
779611008,46,F,2,Unknown,Married,Tx,91750,Yes,No,No,Cellular,Govt,17782,3
779612808,59,M,2,High School,Married,Ny,91750,No,No,No,Unknown,Blue-Collar,10896,4
779613933,48,M,4,Doctorate,Unknown,Fl,91750,No,No,No,Cellular,Businessman,91287,4
779618433,47,M,3,Graduate,Single,Tx,91750,No,Yes,No,Cellular,Retirees,61997,4
779625858,38,M,3,Unknown,Married,Ca,91750,Yes,No,No,Cellular,Selfemployeed,90755,3
779635533,42,M,3,Graduate,Married,Fl,91750,No,Yes,No,Cellular,Govt,94061,5
779638983,46,M,4,High School,Single,Ny,91750,No,No,No,Cellular,Govt,69970,5
779642733,46,M,4,Graduate,Married,Tx,91750,Yes,Yes,No,Cellular,White-Collar,79745,5
779643858,54,F,3,Graduate,Single,Fl,91750,No,No,No,Unknown,Govt,50295,5
779645658,47,F,3,Doctorate,Single,Tx,91750,No,Yes,No,Cellular,Retirees,39313,3
779647608,39,F,1,Graduate,Married,Ny,91750,No,Yes,No,Cellular,Govt,53448,4
779651058,44,M,3,Graduate,Single,Mo,91750,Yes,Yes,No,Cellular,Businessman,78625,4
779653458,45,F,1,Unknown,Married,Ca,91750,Yes,Yes,No,Unknown,Blue-Collar,25668,3
779655183,44,F,4,Graduate,Single,Ca,91750,No,No,No,Cellular,Blue-Collar,48879,5
779656908,59,M,1,Graduate,Single,Tx,91750,Yes,No,No,Cellular,Selfemployeed,14975,4
779658408,38,F,2,High School,Married,Ny,91750,Yes,No,No,Cellular,Retirees,54928,5
779661033,59,F,2,Uneducated,Single,Fl,91750,No,No,No,Unknown,Businessman,38060,4
779662308,48,M,2,Graduate,Unknown,Mo,91750,No,No,Yes,Cellular,White-Collar,42492,5
779667408,45,F,3,High School,Single,Ma,91750,Yes,No,No,Cellular,Businessman,54620,3
779670783,41,M,2,Graduate,Married,Ia,91750,No,Yes,Yes,Telephone,White-Collar,74706,5
779681433,38,F,3,High School,Married,Nj,91750,Yes,No,No,Cellular,Selfemployeed,14975,4
779683683,45,F,2,Unknown,Single,Tx,91750,No,No,No,Cellular,Govt,25970,4
779685558,47,F,5,Unknown,Single,Ny,91750,No,No,No,Unknown,Businessman,209269,5
779686683,44,F,3,Graduate,Married,Fl,91750,No,Yes,No,Cellular,White-Collar,21364,4
779689233,48,F,4,Unknown,Unknown,Tx,91750,No,Yes,No,Unknown,Selfemployeed,33423,3
779692608,56,F,2,High School,Unknown,Tx,91750,Yes,Yes,Yes,Cellular,Businessman,199930,5
779694183,49,F,5,High School,Married,Ny,91750,No,No,No,Cellular,Businessman,43237,5
779696883,32,F,1,High School,Married,Tx,91750,No,No,No,Unknown,Selfemployeed,16520,4
779701983,46,M,2,Uneducated,Single,Tx,91750,No,Yes,No,Cellular,Govt,72396,3
779703258,57,M,1,High School,Single,Ca,91750,No,No,Yes,Cellular,Govt,87713,5
779707308,51,F,2,Unknown,Single,Nj,91750,No,No,No,Cellular,Businessman,23887,3
779709033,55,M,3,Graduate,Single,Ca,91750,No,Yes,No,Cellular,Retirees,44937,3
779713608,42,F,4,Graduate,Single,Ca,91750,No,Yes,No,Cellular,Selfemployeed,14975,5
779715108,37,F,1,High School,Single,Mi,91750,No,No,No,Cellular,Govt,33586,3
779722308,54,F,3,High School,Married,Ca,91750,Yes,Yes,No,Cellular,Selfemployeed,5525,3
779725833,41,M,2,Unknown,Single,Ca,91750,No,Yes,No,Unknown,Businessman,86764,3
779727558,48,M,3,Graduate,Married,Fl,91750,Yes,No,No,Cellular,Govt,51831,4
779737233,59,F,0,Graduate,Single,Ny,91750,No,No,No,Cellular,Businessman,46481,5
779739783,39,F,1,Graduate,Single,Ca,91750,No,No,No,Cellular,Selfemployeed,38841,5
779741883,38,F,3,High School,Married,Ca,91750,Yes,Yes,No,Cellular,Govt,56088,5
779743908,56,F,4,Uneducated,Single,Ca,91750,No,No,No,Cellular,Selfemployeed,9535,5
779749908,35,F,3,Graduate,Single,Tx,91750,No,No,No,Unknown,Blue-Collar,12180,5
779751258,40,M,2,Graduate,Married,Fl,91750,Yes,No,No,Cellular,White-Collar,114215,4
779754408,36,M,3,Uneducated,Married,Ca,91750,No,No,No,Cellular,Govt,58710,4
779759058,47,F,3,Unknown,Married,Tx,91750,No,No,No,Unknown,Selfemployeed,14975,5
779765058,44,M,3,Unknown,Married,Ny,91750,No,No,No,Cellular,Govt,42664,3
779770683,41,M,2,Graduate,Married,Ny,91750,No,Yes,No,Cellular,Businessman,91345,5
779773533,59,F,1,Graduate,Single,Tx,91750,Yes,No,No,Cellular,Govt,12531,4
779779083,44,M,2,Graduate,Married,Mo,91750,No,No,No,Cellular,Govt,108591,3
779783508,43,F,5,Uneducated,Single,Ca,91750,Yes,No,No,Unknown,Govt,29775,4
779791008,47,F,3,Uneducated,Single,Nv,91750,No,Yes,No,Cellular,Selfemployeed,14975,4
779791908,44,M,1,Unknown,Unknown,Tx,91750,Yes,Yes,No,Unknown,Govt,88059,5
779803008,37,F,4,Graduate,Single,Ca,90250,Yes,No,No,Cellular,Businessman,145343,4
779804208,54,F,1,Graduate,Married,Nj,91750,Yes,No,No,Cellular,Selfemployeed,12662,5
779805408,51,M,4,Unknown,Married,Tx,91750,No,Yes,No,Cellular,Businessman,112206,5
779808333,52,F,1,Uneducated,Single,Sc,91750,No,No,No,Telephone,Businessman,216542,5
779809908,41,M,4,Unknown,Married,Tx,91750,Yes,Yes,No,Cellular,Businessman,119926,4
779811183,44,F,3,Uneducated,Single,Tx,91750,No,No,No,Cellular,Selfemployeed,14975,4
779833908,46,M,2,Post-Graduate,Single,Ny,91750,Yes,No,No,Cellular,White-Collar,50128,4
779837808,40,M,2,High School,Single,Fl,91750,Yes,Yes,No,Cellular,Selfemployeed,89902,5
779839758,49,M,5,Unknown,Single,Ny,91750,No,Yes,No,Cellular,Blue-Collar,72087,5
779841483,48,F,2,Graduate,Married,Tx,91750,Yes,Yes,No,Unknown,Blue-Collar,23968,4
779844408,59,F,0,Graduate,Single,Ny,91750,Yes,No,No,Cellular,Blue-Collar,22250,4
779848383,31,M,0,High School,Married,Nj,91750,No,Yes,No,Telephone,White-Collar,26058,5
779852133,34,F,2,High School,Married,Tx,91750,Yes,Yes,No,Cellular,Govt,34653,5
779856483,36,F,2,Post-Graduate,Single,Ny,91750,No,Yes,No,Cellular,Businessman,36737,5
779858058,39,M,3,Post-Graduate,Married,Tx,91750,No,No,Yes,Cellular,Selfemployeed,67076,5
779859558,65,F,1,Graduate,Married,Fl,91750,Yes,Yes,No,Cellular,Govt,26614,3
779862408,44,F,5,High School,Unknown,Fl,91750,No,Yes,No,Cellular,Selfemployeed,5525,5
779863533,45,F,4,Uneducated,Single,Oh,91750,No,Yes,No,Cellular,Selfemployeed,14975,5
779866458,52,F,0,Doctorate,Married,Tx,91750,No,No,No,Unknown,Businessman,38188,5
779870883,60,F,1,Unknown,Single,Ca,91750,No,No,No,Cellular,Retirees,41396,4
779873508,28,F,0,Graduate,Single,Fl,91750,No,Yes,No,Cellular,Blue-Collar,39321,5
779877858,59,M,2,Graduate,Single,Ca,91750,Yes,Yes,Yes,Telephone,Govt,61972,5
779882508,52,F,3,Unknown,Single,Fl,91750,No,No,Yes,Cellular,White-Collar,36695,3
779883933,60,F,1,Graduate,Married,Ny,91750,No,No,No,Unknown,Selfemployeed,14975,5
779885358,51,M,1,Graduate,Single,Ny,91750,No,Yes,No,Cellular,Retirees,69781,5
779888658,47,F,4,Doctorate,Single,Tx,91750,No,Yes,No,Cellular,Blue-Collar,13814,5
779890833,50,M,0,High School,Married,Ny,91750,Yes,No,No,Cellular,Blue-Collar,82193,4
779895108,63,F,0,Graduate,Single,Ca,91750,Yes,No,No,Cellular,Selfemployeed,14975,4
779900808,41,M,4,Unknown,Married,Ny,91750,Yes,Yes,No,Cellular,Businessman,190888,3
779905008,44,F,3,High School,Single,Ny,91750,Yes,No,No,Cellular,Blue-Collar,31264,5
779906658,43,F,3,High School,Single,Ca,91750,Yes,No,No,Cellular,Govt,35027,4
779912283,50,F,4,Unknown,Single,Tx,91750,Yes,No,No,Cellular,Selfemployeed,8250,5
779914383,43,F,3,Unknown,Single,Ca,90250,No,Yes,No,Unknown,Businessman,181277,4
779916408,44,M,4,Graduate,Single,Ct,91750,Yes,Yes,No,Cellular,Govt,86402,4
779920533,46,F,3,Graduate,Married,Ca,91010,No,Yes,No,Unknown,Businessman,205724,5
779922183,44,M,4,Uneducated,Married,Tx,91750,No,Yes,No,Cellular,Selfemployeed,77006,4
779925033,50,F,2,High School,Married,Tx,91750,Yes,Yes,No,Unknown,Selfemployeed,32656,5
779926608,42,M,1,Graduate,Single,Ny,91750,Yes,Yes,No,Cellular,Businessman,74549,4
779931783,35,F,3,High School,Married,Fl,91750,No,Yes,No,Cellular,Retirees,23582,5
779942808,40,M,4,Unknown,Single,Ca,91750,No,No,No,Cellular,Blue-Collar,64706,4
779945508,39,F,1,Graduate,Married,Fl,91750,Yes,No,No,Cellular,Retirees,42518,5
779947908,42,M,1,High School,Married,Fl,91750,Yes,Yes,No,Cellular,Govt,57886,4
779951058,48,F,1,Doctorate,Married,Nj,91750,Yes,Yes,No,Unknown,Selfemployeed,18275,4
779954658,54,M,2,High School,Married,Ca,91750,No,Yes,No,Cellular,Blue-Collar,75076,4
779956608,54,F,1,Graduate,Married,Ny,91750,Yes,No,No,Cellular,Selfemployeed,14975,4
779961408,54,M,1,Uneducated,Married,Nj,91750,No,No,No,Cellular,Businessman,81381,4
779974758,39,F,1,Uneducated,Single,Fl,91750,No,Yes,No,Cellular,Selfemployeed,35484,4
779978283,46,M,5,Uneducated,Single,Fl,91750,Yes,Yes,Yes,Cellular,White-Collar,61957,3
779980758,42,M,4,Doctorate,Single,Tx,91750,Yes,Yes,Yes,Telephone,Selfemployeed,76502,4
779993208,61,M,1,Graduate,Single,Fl,91750,Yes,Yes,Yes,Unknown,Selfemployeed,14975,5
779995833,52,F,3,Unknown,Married,Ca,91750,No,No,No,Cellular,White-Collar,38801,5
779998083,41,F,2,Graduate,Married,Ut,91750,No,No,No,Cellular,Businessman,49384,5
780000258,40,M,3,Uneducated,Single,Fl,91750,No,No,No,Cellular,Govt,52542,5
780006783,48,F,3,Post-Graduate,Married,Tx,91750,No,No,No,Cellular,Govt,34809,4
780008358,49,F,3,Graduate,Unknown,Ca,91750,Yes,Yes,Yes,Unknown,Govt,30427,4
780019908,47,M,4,Graduate,Married,Fl,91750,No,Yes,No,Cellular,Blue-Collar,72985,5
780025908,51,F,3,Graduate,Married,Nj,91750,No,No,No,Cellular,Selfemployeed,11404,4
780032208,44,F,1,Unknown,Single,Mi,91750,No,No,No,Cellular,Selfemployeed,23793,3
780034083,60,M,1,Unknown,Single,Fl,91750,No,No,No,Cellular,Retirees,70573,3
780036483,45,M,3,Uneducated,Married,Nj,91750,No,No,No,Telephone,Retirees,45455,4
780038058,27,F,0,Uneducated,Single,Tx,91750,Yes,Yes,No,Unknown,Blue-Collar,24839,4
780040758,36,F,1,Uneducated,Unknown,Ny,91750,No,No,No,Cellular,Selfemployeed,19946,4
780042633,37,M,2,Graduate,Married,Ny,91750,Yes,No,No,Unknown,Blue-Collar,103621,4
780045708,52,F,3,Unknown,Single,Tx,91750,Yes,No,Yes,Cellular,Blue-Collar,55634,5
780052008,47,M,3,Doctorate,Single,Ny,91750,No,Yes,No,Cellular,White-Collar,44314,5
780054258,53,F,2,High School,Married,Ca,91750,Yes,No,No,Cellular,Blue-Collar,12559,4
780055308,58,M,1,High School,Married,Ca,91750,Yes,No,No,Telephone,Businessman,64700,4
780056733,53,M,3,High School,Single,Ca,91750,No,No,No,Unknown,Blue-Collar,30974,3
780064983,52,M,2,Graduate,Single,Ny,91750,No,No,No,Cellular,White-Collar,105980,5
780067158,48,F,2,High School,Single,Fl,91750,No,No,No,Cellular,Blue-Collar,18256,4
780068283,54,F,4,Graduate,Unknown,Sc,91750,No,Yes,No,Cellular,Businessman,42888,5
780070833,55,F,3,Uneducated,Single,Tx,91750,No,No,Yes,Unknown,Selfemployeed,14975,4
780073158,51,M,0,Doctorate,Single,Tx,91750,Yes,No,No,Cellular,Blue-Collar,63381,4
780074733,42,M,5,Uneducated,Single,Ny,91750,No,Yes,No,Cellular,Retirees,66445,5
780076833,40,M,5,Graduate,Single,Tx,91750,No,Yes,No,Cellular,Businessman,49985,5
780078333,36,F,3,High School,Married,Tx,91750,No,No,No,Cellular,Selfemployeed,8250,5
780079833,44,M,4,High School,Single,Ny,91750,No,No,No,Cellular,Businessman,181779,5
780086658,65,F,0,Post-Graduate,Married,Tx,91750,No,Yes,No,Cellular,Govt,20919,4
780089658,49,M,3,Unknown,Married,Ny,91750,No,Yes,Yes,Cellular,Govt,100384,5
780094008,47,F,1,High School,Single,Ny,91750,Yes,No,No,Cellular,Selfemployeed,14975,5
780095808,26,F,0,High School,Single,Fl,91750,Yes,Yes,Yes,Unknown,Selfemployeed,5525,4
780097533,51,F,4,Uneducated,Single,Fl,91750,No,No,No,Cellular,Businessman,202227,4
780100533,45,F,2,Uneducated,Single,Ca,91750,No,Yes,No,Unknown,White-Collar,39109,4
780105483,65,F,0,Unknown,Single,Ca,91750,No,No,No,Unknown,Govt,32561,4
780106908,42,M,3,Uneducated,Unknown,Nj,91750,No,No,No,Cellular,Selfemployeed,12886,3
780108408,46,M,3,Doctorate,Married,Ca,91750,No,Yes,No,Cellular,White-Collar,107540,4
780114558,47,M,4,Post-Graduate,Married,Ca,91750,No,Yes,No,Cellular,Businessman,119765,4
780118158,58,F,3,High School,Married,Ny,91750,No,Yes,No,Unknown,Businessman,220908,4
780126033,35,F,4,Graduate,Married,Tx,91750,Yes,Yes,Yes,Cellular,White-Collar,21262,5
780143283,49,F,1,Graduate,Single,Ca,91750,Yes,Yes,No,Unknown,Businessman,31389,4
780146658,46,F,2,Post-Graduate,Single,Ny,91750,No,Yes,Yes,Cellular,Selfemployeed,14975,4
780168333,45,F,5,Graduate,Married,Ca,91750,No,Yes,No,Cellular,White-Collar,37550,4
780180033,38,M,1,High School,Single,Tx,91750,Yes,No,Yes,Cellular,White-Collar,60211,4
780197133,41,F,3,Uneducated,Married,Tx,91750,No,No,No,Cellular,Businessman,40663,4
780198258,39,F,3,Uneducated,Single,Tx,91750,Yes,No,No,Unknown,Selfemployeed,6550,5
780199233,50,M,2,Unknown,Married,Nj,91750,No,Yes,No,Cellular,Govt,64465,5
780200208,39,M,4,Post-Graduate,Single,Tx,91750,Yes,Yes,Yes,Cellular,Blue-Collar,116816,5
780201633,43,F,4,Graduate,Single,Tx,91750,Yes,No,No,Cellular,Retirees,23248,5
780202908,45,F,2,Uneducated,Married,Ca,91750,No,Yes,No,Unknown,White-Collar,32824,4
780203883,52,M,2,Graduate,Single,Ca,91750,No,No,No,Telephone,Retirees,59480,3
780206958,40,F,4,Graduate,Married,Ca,91750,No,Yes,Yes,Cellular,Retirees,54376,4
780219483,50,F,1,Graduate,Unknown,Ny,91750,No,No,No,Unknown,Selfemployeed,12150,4
780222408,41,M,2,High School,Married,Ny,91750,No,Yes,No,Cellular,Govt,62856,3
780230208,54,M,3,Unknown,Married,Tx,91750,No,Yes,No,Cellular,Retirees,77378,4
780237033,42,F,3,High School,Unknown,Ca,91750,No,Yes,No,Unknown,Selfemployeed,14975,4
780241758,42,F,4,High School,Married,Fl,91750,No,Yes,No,Unknown,Selfemployeed,38328,5
780251658,52,F,3,Post-Graduate,Single,Nj,91750,No,No,No,Unknown,White-Collar,26560,5
780253533,53,F,0,Graduate,Married,Ca,91750,No,Yes,Yes,Telephone,Selfemployeed,14975,5
780265458,34,M,3,Uneducated,Married,Ca,91750,Yes,No,No,Cellular,Selfemployeed,63957,5
780272208,45,F,1,Graduate,Single,Ca,91750,No,Yes,No,Cellular,Govt,51480,4
780276258,46,F,1,Unknown,Single,Tx,91750,Yes,No,No,Cellular,Selfemployeed,14364,3
780277458,47,M,3,Doctorate,Married,Ny,91750,No,No,No,Cellular,Blue-Collar,65650,4
780289308,52,F,2,Graduate,Single,Ca,91750,No,Yes,Yes,Cellular,Blue-Collar,27132,3
780292683,35,F,1,Unknown,Single,Ca,91750,Yes,Yes,No,Cellular,Selfemployeed,5225,4
780307233,64,F,1,Graduate,Unknown,Nj,91750,Yes,No,No,Unknown,Selfemployeed,38246,4
780322908,37,M,3,Graduate,Married,Ny,91750,No,No,No,Telephone,Blue-Collar,62177,5
780326883,54,F,3,Graduate,Married,Ca,91750,Yes,No,No,Cellular,Blue-Collar,22774,5
780336258,48,M,3,High School,Single,Fl,91750,Yes,Yes,No,Cellular,Retirees,66957,4
780338733,43,M,1,Graduate,Married,Nj,91750,Yes,No,No,Cellular,Govt,93088,4
780349833,43,F,2,Post-Graduate,Married,Ca,90025,Yes,No,No,Cellular,Businessman,207699,5
780360558,52,M,2,Unknown,Single,Ny,91750,Yes,No,No,Cellular,Retirees,74614,5
780371433,39,M,2,Graduate,Single,Ca,91750,Yes,No,No,Cellular,White-Collar,75496,4
780372408,48,F,3,Uneducated,Single,Tx,91750,Yes,No,No,Cellular,Blue-Collar,57572,5
780373233,41,M,3,Post-Graduate,Single,Ca,91750,No,No,Yes,Cellular,Businessman,88812,5
780374133,43,F,2,High School,Single,Tx,91750,No,Yes,No,Cellular,Retirees,26993,3
780376683,45,F,2,High School,Single,Tx,91750,Yes,Yes,No,Cellular,Selfemployeed,16520,4
780378633,46,F,3,Graduate,Single,Ca,91750,No,No,No,Cellular,Blue-Collar,37138,5
780382008,61,M,1,Unknown,Married,Ak,99504,Yes,No,No,Cellular,Blue-Collar,41871,5
780383358,57,M,2,Graduate,Married,Ny,91750,No,Yes,Yes,Cellular,Govt,74034,3
780384483,47,M,3,Uneducated,Single,Tx,91750,No,No,No,Cellular,Govt,99767,4
780390108,40,M,3,Post-Graduate,Single,Ca,91750,Yes,Yes,Yes,Cellular,Govt,92323,4
780416433,31,M,0,Uneducated,Single,Nj,91750,No,No,No,Cellular,Businessman,22853,5
780450708,40,M,2,High School,Unknown,Tx,91750,Yes,No,No,Telephone,Govt,82131,5
780462183,52,F,2,Unknown,Single,Ny,91750,No,No,No,Cellular,Govt,47974,5
780466533,49,F,4,Graduate,Married,Tx,91750,No,No,No,Cellular,Businessman,17521,4
780481308,59,F,1,Graduate,Married,Tx,91750,No,Yes,No,Unknown,Selfemployeed,14975,3
780496833,36,F,2,Post-Graduate,Married,Ny,91750,No,Yes,Yes,Cellular,White-Collar,21899,3
780497958,50,M,3,Unknown,Married,Fl,91750,No,No,No,Cellular,Businessman,109765,4
780511683,37,M,2,High School,Single,Tx,91750,Yes,Yes,No,Cellular,Govt,108580,3
780529908,49,M,3,High School,Married,Fl,91750,Yes,No,Yes,Cellular,Businessman,93029,4
780545133,53,M,2,Uneducated,Married,Nj,91750,Yes,Yes,No,Cellular,White-Collar,102692,5
780551733,34,M,0,Graduate,Single,Tx,91750,No,No,No,Cellular,Businessman,119853,3
780557658,36,F,3,Unknown,Single,Ca,91750,No,Yes,No,Unknown,Blue-Collar,13242,4
780567408,58,F,5,Unknown,Married,Ny,91750,Yes,Yes,No,Unknown,Businessman,45112,3
780581508,40,F,3,Graduate,Single,Tx,91750,Yes,Yes,No,Cellular,Blue-Collar,13480,4
780584658,30,F,1,Graduate,Single,Ca,91750,No,Yes,No,Cellular,Blue-Collar,21226,4
780588258,38,M,3,Graduate,Single,Ny,91750,No,No,No,Unknown,Businessman,174827,3
780598383,56,F,2,Graduate,Married,Fl,91750,No,No,No,Cellular,Blue-Collar,22820,4
780602733,59,F,0,Post-Graduate,Single,Ny,91750,No,Yes,No,Cellular,Businessman,35590,4
780604083,41,F,4,High School,Single,Ca,90250,No,Yes,No,Cellular,Businessman,234264,3
780605508,52,F,2,High School,Married,Fl,91750,Yes,No,No,Telephone,Selfemployeed,8250,5
780612558,40,F,2,Post-Graduate,Married,Fl,91750,No,No,No,Cellular,White-Collar,37184,3
780613758,53,F,2,Uneducated,Single,Ca,90250,No,No,No,Cellular,Businessman,237603,4
780620883,52,M,2,Unknown,Single,Nj,91750,Yes,Yes,Yes,Cellular,Businessman,103266,4
780633483,41,M,3,Post-Graduate,Unknown,Ca,91750,No,Yes,No,Cellular,Selfemployeed,87807,4
780638958,45,M,4,Graduate,Unknown,Ny,91750,Yes,No,No,Unknown,Govt,64724,5
780653208,43,F,4,Graduate,Unknown,Tx,91750,No,Yes,Yes,Cellular,White-Collar,42149,5
780657708,33,F,1,Uneducated,Married,Tx,91750,No,No,No,Cellular,Retirees,38236,5
780660183,58,F,1,Unknown,Single,Ny,91750,No,Yes,No,Unknown,White-Collar,30739,5
780662133,50,F,2,High School,Married,Ca,91750,No,Yes,No,Cellular,Selfemployeed,14975,5
780664758,43,M,3,Graduate,Single,Ny,91750,No,No,No,Cellular,Retirees,67316,4
780670083,54,F,1,Unknown,Married,Tx,91750,No,No,Yes,Unknown,Govt,30417,4
780684933,51,M,4,Uneducated,Married,Tx,91750,Yes,No,No,Cellular,Blue-Collar,83486,5
780686358,49,F,4,Graduate,Single,Tx,91750,No,No,No,Cellular,Govt,42351,3
780688383,41,F,3,High School,Single,Tx,91750,Yes,No,No,Unknown,Retirees,38448,3
780689733,54,F,3,Graduate,Married,Mi,91750,No,No,No,Cellular,Govt,32191,4
780704358,60,M,1,High School,Single,Ny,91750,No,No,No,Cellular,Selfemployeed,47662,5
780707733,46,M,1,Graduate,Single,Mi,91750,Yes,No,No,Cellular,Selfemployeed,101370,5
780710433,58,F,1,Unknown,Single,Ca,91750,Yes,No,No,Cellular,Businessman,54921,5
780713058,52,F,1,Uneducated,Married,Wa,54101,No,No,Yes,Telephone,Retirees,37951,5
780715683,46,F,4,Doctorate,Single,Ny,91750,No,No,No,Cellular,Selfemployeed,39067,5
780717483,42,M,3,High School,Single,Ny,91750,Yes,No,No,Cellular,Govt,76774,3
780720258,51,F,1,High School,Single,Ca,91750,No,Yes,Yes,Cellular,Selfemployeed,31476,5
780727833,36,M,3,Unknown,Married,Fl,91750,Yes,Yes,No,Cellular,Selfemployeed,66915,4
780730008,55,M,3,Unknown,Married,Fl,91750,No,No,No,Cellular,White-Collar,135243,4
780747033,46,M,2,High School,Single,Nj,91750,Yes,No,No,Cellular,White-Collar,51884,4
780769308,47,M,3,Uneducated,Married,Fl,91750,No,No,No,Cellular,Businessman,106463,5
780790008,38,M,2,Graduate,Single,Ca,91750,Yes,No,No,Cellular,Govt,46380,5
780814158,39,M,3,High School,Single,Ca,91750,Yes,No,No,Cellular,Govt,69282,5
780833058,42,F,3,Graduate,Single,Ca,91750,No,No,No,Cellular,White-Collar,43287,3
780865308,39,M,2,Graduate,Unknown,Tx,91750,Yes,No,Yes,Cellular,White-Collar,67905,4
780881358,37,F,4,Graduate,Married,Tx,91750,No,No,No,Cellular,Blue-Collar,29540,4
780897858,37,F,3,High School,Married,Ca,91750,No,No,No,Cellular,Selfemployeed,41827,4
780913308,36,F,2,Uneducated,Married,Ma,91750,Yes,No,No,Telephone,Selfemployeed,14975,4
780942633,45,F,3,Unknown,Single,Ca,91750,No,Yes,No,Cellular,Blue-Collar,38682,4
780971583,56,F,3,Uneducated,Married,Ca,91750,Yes,No,No,Cellular,Businessman,41844,5
780984408,65,F,0,Unknown,Married,Ny,91750,No,No,No,Cellular,Blue-Collar,49448,3
780998133,46,F,3,Graduate,Married,Tx,91750,No,No,No,Cellular,White-Collar,19610,5
781013958,54,F,2,Graduate,Married,Ca,91750,No,Yes,No,Cellular,Selfemployeed,12150,4
781073733,40,M,2,Graduate,Single,Tx,91750,Yes,Yes,No,Cellular,Retirees,78531,4
781089708,41,F,2,Graduate,Single,Tx,91750,Yes,No,No,Cellular,White-Collar,28535,5
781110408,32,M,2,Graduate,Single,Il,91750,Yes,No,No,Unknown,Govt,91432,4
781117533,47,F,1,High School,Unknown,Fl,91750,Yes,Yes,No,Cellular,Govt,32779,4
781131483,50,F,3,Graduate,Single,Nj,91750,No,Yes,No,Unknown,Businessman,22880,5
781137783,63,F,0,Graduate,Single,Fl,91750,Yes,No,No,Cellular,Retirees,28276,3
781143933,37,M,3,High School,Single,Ca,91750,Yes,Yes,Yes,Cellular,White-Collar,89721,5
781171908,29,M,1,Graduate,Married,Tx,91750,Yes,Yes,No,Cellular,White-Collar,119016,5
781183233,58,M,1,Unknown,Single,Ca,91750,No,Yes,No,Unknown,Blue-Collar,42420,5
781297983,42,F,1,Graduate,Married,Tx,91750,No,Yes,No,Cellular,Businessman,38302,5
781306758,53,F,1,Graduate,Single,Ny,91750,No,No,No,Cellular,White-Collar,16977,5
781320783,52,F,1,Graduate,Single,Ny,91750,No,No,Yes,Cellular,Selfemployeed,29238,4
781326483,37,F,3,Graduate,Married,Tx,91750,Yes,No,No,Unknown,Businessman,27889,4
781337658,58,M,3,Graduate,Married,Fl,91750,Yes,No,No,Telephone,White-Collar,100011,5
781391058,57,F,3,Uneducated,Married,Ny,91750,No,No,No,Unknown,Blue-Collar,19771,5
781675983,49,M,3,Unknown,Married,Fl,91750,No,Yes,No,Cellular,Govt,74820,4
781794708,56,F,1,Unknown,Married,Nj,91750,No,No,No,Cellular,Selfemployeed,1250,4
781923483,31,F,0,High School,Single,Tx,91750,No,Yes,No,Cellular,White-Collar,25336,5
781926633,49,M,1,High School,Married,Ca,91750,Yes,Yes,No,Cellular,Selfemployeed,73733,5
781930233,62,M,1,Graduate,Single,Tx,91750,No,No,Yes,Cellular,Govt,75249,3
781933983,43,F,3,Graduate,Married,Ny,91750,No,No,No,Unknown,Govt,33988,5
781942983,42,M,3,High School,Married,Ny,91750,No,Yes,No,Cellular,White-Collar,89848,5
782437008,38,M,2,Post-Graduate,Single,Ca,91750,No,No,No,Cellular,Businessman,75310,4
782548758,31,M,1,Graduate,Married,Ca,91750,No,No,No,Cellular,White-Collar,100466,5
782555058,36,M,2,Uneducated,Married,Ny,91750,Yes,No,No,Cellular,Govt,62299,5
782802033,46,F,2,Graduate,Married,Ca,91750,Yes,Yes,Yes,Telephone,Govt,21613,5
783020958,47,F,2,Graduate,Married,Fl,91750,Yes,No,No,Cellular,Blue-Collar,16695,4
783070833,39,M,3,Graduate,Single,Ca,91750,No,No,No,Cellular,Businessman,60800,3
783121008,55,M,2,Graduate,Single,Fl,91750,No,No,No,Telephone,Businessman,112911,5
783361533,57,F,3,Graduate,Single,Ca,91106,Yes,No,No,Cellular,Businessman,191161,5
783364233,53,F,1,Graduate,Married,Fl,91750,Yes,Yes,No,Unknown,Businessman,16030,5
783366483,48,F,2,Graduate,Married,Ny,91750,Yes,Yes,No,Cellular,Govt,35695,5
783381933,56,F,1,Graduate,Single,Tx,91750,Yes,No,No,Unknown,White-Collar,38174,5
783387783,51,F,2,High School,Single,Fl,91750,No,No,No,Unknown,Selfemployeed,14975,5
783393633,55,F,1,Graduate,Married,Fl,91750,Yes,Yes,No,Cellular,Blue-Collar,55513,4
783500283,48,M,3,High School,Single,Fl,91750,No,No,No,Cellular,Businessman,91071,4
783542133,59,F,0,Unknown,Married,Ny,91750,No,No,Yes,Unknown,White-Collar,21451,3
783554958,43,F,2,Graduate,Married,Ca,91750,No,No,No,Cellular,Blue-Collar,12561,4
783561558,42,F,3,High School,Married,Tx,91750,No,Yes,No,Cellular,Retirees,18476,4
783573408,53,M,2,Uneducated,Married,Fl,91750,No,No,Yes,Unknown,Retirees,97110,4
783625008,58,F,3,Graduate,Married,Fl,91750,Yes,No,Yes,Cellular,Businessman,37441,3
783910008,37,F,2,Graduate,Married,Ny,91750,Yes,No,No,Cellular,Retirees,19976,4
784263558,54,F,2,Graduate,Single,Tx,91750,No,Yes,No,Cellular,Businessman,35347,5
784560258,58,F,1,Unknown,Married,Fl,91750,No,Yes,No,Cellular,White-Collar,45593,4
784719708,55,F,1,Graduate,Married,Ca,91750,No,No,No,Unknown,Selfemployeed,14975,4
784725333,45,F,5,Unknown,Married,Nj,91750,No,No,No,Telephone,Selfemployeed,5225,5
784734258,40,F,4,Unknown,Married,Ca,91750,No,No,No,Cellular,White-Collar,49074,5
784789758,37,M,3,Uneducated,Married,Tx,91750,No,Yes,No,Cellular,Blue-Collar,46338,3
784795083,55,M,1,High School,Married,Ak,99504,No,No,Yes,Cellular,White-Collar,78548,4
784798683,43,F,3,Graduate,Married,Tx,91750,No,Yes,No,Cellular,Retirees,19901,5
784819758,43,M,2,High School,Married,Ny,91750,Yes,No,No,Cellular,Govt,108413,4
784827108,48,F,3,Uneducated,Single,Ny,91750,Yes,No,No,Cellular,Govt,48572,5
784868958,50,F,2,Unknown,Married,Ca,90266,No,Yes,No,Cellular,Businessman,146454,3
784880958,43,M,4,Graduate,Married,Tx,91750,No,No,No,Cellular,Retirees,41930,5
784891458,51,F,3,High School,Single,Ny,91750,Yes,No,No,Cellular,Selfemployeed,14975,4
784895358,31,F,1,Post-Graduate,Married,Tx,91750,Yes,Yes,No,Unknown,Selfemployeed,33197,4
784907658,41,M,2,High School,Married,Ny,91750,No,No,No,Cellular,Businessman,169356,5
784994883,30,M,0,Unknown,Married,Ny,91750,No,No,No,Cellular,Govt,76554,4
784998108,52,F,2,Graduate,Married,Tx,91750,No,No,Yes,Cellular,Blue-Collar,53593,3
785011383,54,F,2,Uneducated,Single,Tx,91750,Yes,Yes,No,Unknown,Selfemployeed,13488,5
785024808,61,M,2,High School,Single,Ca,91750,No,Yes,No,Telephone,Retirees,63906,4
785038908,51,F,4,Unknown,Single,Fl,91750,Yes,Yes,No,Unknown,Businessman,237695,3
785055108,59,F,0,Graduate,Single,Ny,91750,Yes,No,No,Cellular,Retirees,44476,5
785080308,49,F,4,Uneducated,Unknown,Ny,91750,Yes,Yes,No,Unknown,Retirees,25977,5
785106933,43,M,1,Post-Graduate,Single,Ny,91750,No,No,No,Cellular,Selfemployeed,65751,5
785114808,27,F,0,Graduate,Married,Fl,91750,No,No,Yes,Cellular,Blue-Collar,13636,3
785119833,43,F,3,Graduate,Single,Ca,91750,No,Yes,No,Cellular,Govt,36915,3
785134758,38,F,1,Graduate,Single,Ca,91750,Yes,Yes,No,Cellular,Govt,49668,5
785218458,65,F,0,High School,Single,Nj,91750,Yes,No,No,Cellular,Govt,58062,4
785230083,48,M,3,Graduate,Single,Ny,91750,Yes,Yes,No,Cellular,White-Collar,84769,4
785237958,45,F,3,Graduate,Married,Ny,91750,No,Yes,No,Unknown,Selfemployeed,31301,3
785262333,37,F,1,Graduate,Single,Tx,91750,No,Yes,No,Unknown,Blue-Collar,23816,3
785285883,59,M,2,Graduate,Single,Ma,91750,No,No,No,Telephone,White-Collar,30913,4
785311158,49,F,5,Graduate,Married,Fl,91750,No,Yes,No,Cellular,Blue-Collar,36409,3
785328408,53,F,3,Graduate,Married,Tx,91750,No,Yes,No,Cellular,Blue-Collar,20186,5
785351133,56,M,2,Graduate,Single,Ny,91750,No,Yes,No,Cellular,Govt,66481,5
785387883,44,F,3,Uneducated,Single,Ny,91750,No,Yes,No,Cellular,Selfemployeed,14975,4
785410158,46,M,4,Post-Graduate,Married,Tx,91750,Yes,Yes,No,Cellular,Businessman,52511,4
785432733,49,F,3,Uneducated,Single,Ny,91750,No,No,No,Unknown,Selfemployeed,5225,4
785487783,40,M,3,Graduate,Married,Fl,91750,Yes,No,No,Cellular,Retirees,98373,5
785500533,42,M,2,Graduate,Unknown,Tx,91750,No,Yes,No,Cellular,Businessman,49178,4
785515533,33,M,3,Graduate,Married,Tx,91750,No,No,Yes,Cellular,Govt,117490,3
785529708,58,M,1,Uneducated,Married,Ny,91750,No,Yes,Yes,Cellular,Blue-Collar,58054,5
786087633,38,F,2,Graduate,Married,Tx,91750,Yes,No,No,Unknown,Selfemployeed,14975,4
786097158,32,M,2,Uneducated,Single,Tx,91750,Yes,No,No,Cellular,Govt,115136,5
786480183,31,F,1,Unknown,Single,Ny,91750,No,No,No,Cellular,Govt,39445,4
786493908,43,F,2,Graduate,Single,Ny,91750,No,Yes,No,Cellular,White-Collar,36570,4
786509358,65,F,0,Graduate,Married,Ca,91750,No,Yes,No,Cellular,Retirees,20734,3
786536808,44,M,0,High School,Single,Fl,91750,Yes,No,No,Cellular,Businessman,45462,5
786546783,40,M,5,Post-Graduate,Single,Fl,91750,Yes,No,No,Cellular,Selfemployeed,63460,4
786557358,55,F,4,High School,Married,Ca,91750,No,No,No,Unknown,Blue-Collar,13759,4
786566733,54,F,2,Graduate,Married,Tx,91750,No,Yes,No,Cellular,Blue-Collar,41732,3
787226508,45,M,0,Unknown,Married,Ca,91750,Yes,Yes,No,Cellular,Govt,102164,4
787231233,53,F,4,Unknown,Married,Ca,91750,No,Yes,No,Cellular,Blue-Collar,27168,5
787261008,52,M,4,Uneducated,Married,Ny,91750,No,No,No,Telephone,White-Collar,62966,4
787268733,40,M,3,Graduate,Married,Fl,91750,Yes,Yes,No,Cellular,Blue-Collar,67630,3
787284858,46,F,4,Graduate,Married,Fl,91750,Yes,No,No,Cellular,Selfemployeed,14975,3
787291308,56,M,2,Graduate,Married,Ca,91750,No,No,Yes,Cellular,Retirees,59959,5
787301208,35,M,3,Graduate,Single,Ca,91750,No,Yes,No,Cellular,Selfemployeed,41701,5
787339158,44,F,2,High School,Single,Mi,91750,No,No,No,Telephone,Businessman,26166,5
787348608,41,F,2,Graduate,Married,Ca,91750,Yes,No,No,Cellular,Selfemployeed,10364,4
787361583,54,F,2,Graduate,Married,Fl,91750,No,Yes,No,Cellular,Blue-Collar,23500,3
787430733,48,F,2,Doctorate,Single,Ny,91750,No,No,No,Unknown,Selfemployeed,14975,4
787438983,30,F,0,Graduate,Single,Nj,91750,No,Yes,Yes,Cellular,Selfemployeed,14975,4
787441383,32,M,3,Graduate,Married,Tx,91750,No,No,Yes,Unknown,Govt,46892,5
787450758,45,M,4,Doctorate,Married,Ca,91750,Yes,No,No,Cellular,Govt,75004,4
787452333,58,F,3,Unknown,Married,Ca,91750,No,No,No,Cellular,Govt,33195,4
787454133,48,M,3,Doctorate,Married,Fl,91750,No,No,No,Telephone,Blue-Collar,77870,5
787456608,49,F,4,Uneducated,Unknown,Nj,91750,No,Yes,No,Cellular,Selfemployeed,14975,3
787457883,47,M,4,Graduate,Married,Ny,91750,Yes,No,No,Cellular,Blue-Collar,57807,4
787458783,40,M,3,Graduate,Married,Fl,91750,No,No,No,Unknown,White-Collar,78224,5
787460883,30,F,0,High School,Single,Tx,91750,No,Yes,No,Cellular,Blue-Collar,10472,3
787463508,26,F,1,High School,Unknown,Tx,91750,Yes,No,No,Telephone,Selfemployeed,5525,3
787464408,63,F,1,Graduate,Married,Tx,91750,No,Yes,No,Unknown,Selfemployeed,8250,4
787466808,45,M,3,Uneducated,Married,Ca,91750,No,Yes,No,Cellular,Govt,98071,4
787467858,36,F,3,Unknown,Married,Tx,91750,No,No,No,Cellular,Govt,49748,3
787472283,41,F,3,Graduate,Single,Ny,91750,Yes,No,No,Cellular,Selfemployeed,45294,3
787475433,49,M,2,High School,Married,Ca,91750,Yes,No,No,Cellular,Businessman,81504,3
787480158,40,F,3,Graduate,Married,Fl,91750,No,Yes,No,Unknown,Selfemployeed,14975,5
787481208,58,M,2,Uneducated,Married,Ny,91750,No,Yes,No,Cellular,White-Collar,89731,5
787482033,48,F,5,Graduate,Married,Ca,91750,No,No,No,Cellular,Retirees,24226,4
787488108,49,M,2,Unknown,Married,Ny,91750,No,Yes,No,Cellular,Retirees,19449,5
787489083,38,F,2,Graduate,Single,Tx,91750,No,No,Yes,Cellular,Selfemployeed,17806,5
787491483,40,F,4,High School,Unknown,Az,90025,No,Yes,No,Unknown,Govt,37586,4
787492908,33,F,4,Post-Graduate,Married,Nj,91750,Yes,Yes,No,Telephone,Retirees,59059,4
787493808,54,F,2,Graduate,Married,Ny,91750,No,No,No,Unknown,White-Collar,26594,5
787494783,42,M,3,High School,Unknown,Ma,91750,No,Yes,No,Unknown,Selfemployeed,22342,5
787496733,50,M,3,Uneducated,Single,Ca,91750,No,No,No,Cellular,Govt,107197,5
787500333,37,F,2,Uneducated,Single,Nj,91750,No,No,No,Unknown,White-Collar,20442,5
787501758,38,F,1,High School,Married,Ca,91750,Yes,No,No,Cellular,Businessman,52898,3
787502883,48,M,2,Unknown,Married,Fl,91750,No,Yes,No,Cellular,Businessman,103719,3
787504158,48,F,3,High School,Married,Ny,91750,No,Yes,No,Unknown,Selfemployeed,15054,4
787505133,41,M,4,Doctorate,Unknown,Ny,91750,No,No,No,Cellular,Businessman,30380,4
787506558,44,M,5,Uneducated,Married,Fl,91750,Yes,No,No,Telephone,Businessman,65876,5
787507833,48,M,4,Graduate,Married,Ny,91750,No,No,No,Cellular,Retirees,65774,4
787509408,55,F,5,High School,Single,Tx,91750,Yes,No,No,Cellular,Businessman,30394,4
787513533,49,F,2,Uneducated,Single,Tx,91750,No,Yes,No,Unknown,Blue-Collar,36554,4
787514433,46,M,2,Uneducated,Married,Fl,91750,No,No,No,Cellular,Businessman,92209,5
787515333,29,F,1,Graduate,Single,Ny,91750,No,Yes,No,Cellular,Selfemployeed,2565,5
787516908,39,F,2,Doctorate,Married,Tx,91750,No,No,No,Cellular,Selfemployeed,17653,4
787518258,53,M,2,Post-Graduate,Married,Ny,91750,No,No,No,Cellular,Businessman,118259,5
787519683,46,M,0,Unknown,Married,Nj,91750,No,No,No,Cellular,Govt,75623,5
787523283,37,F,1,Uneducated,Married,Ny,91750,Yes,No,No,Cellular,Selfemployeed,24991,5
787529583,42,F,4,Uneducated,Married,Ny,91750,Yes,Yes,No,Unknown,Selfemployeed,29712,3
787532808,48,F,4,Graduate,Unknown,Tx,91750,Yes,No,No,Cellular,Businessman,36096,4
787536933,47,M,2,Uneducated,Married,Ca,91750,Yes,Yes,No,Cellular,Blue-Collar,77448,5
787539333,40,M,4,Graduate,Single,Fl,91750,Yes,Yes,No,Cellular,Businessman,109466,4
787541883,43,F,2,Graduate,Married,Ny,91750,No,Yes,No,Unknown,Selfemployeed,6550,5
787543008,49,F,5,Graduate,Single,Ca,91750,Yes,No,No,Cellular,Govt,26067,3
787547208,43,F,4,High School,Unknown,Nv,91750,No,Yes,No,Cellular,Selfemployeed,17139,5
787550808,44,F,3,Graduate,Unknown,Ny,91750,Yes,No,Yes,Unknown,Blue-Collar,13707,5
787557258,33,M,1,Post-Graduate,Married,Ny,91750,No,No,No,Cellular,Govt,87420,4
787558683,35,F,1,Uneducated,Single,Ny,91750,Yes,Yes,No,Cellular,Blue-Collar,54569,5
787563858,56,F,1,Graduate,Single,Ca,91750,Yes,Yes,No,Unknown,Blue-Collar,38721,5
787565433,39,F,2,Graduate,Single,Ny,91750,No,Yes,Yes,Unknown,Selfemployeed,14975,5
787568433,52,M,2,Graduate,Married,Ca,91750,No,No,No,Cellular,Businessman,66478,5
787570758,57,F,2,Doctorate,Single,Tx,91750,Yes,No,No,Unknown,Selfemployeed,21111,4
787573683,51,F,1,Unknown,Married,Tx,91750,Yes,No,No,Cellular,Govt,52907,4
787578183,49,F,0,Unknown,Married,Fl,91750,No,Yes,No,Telephone,Businessman,35497,5
787581858,57,F,2,High School,Married,Nj,91750,No,No,No,Cellular,Blue-Collar,39366,5
787584108,51,F,2,Graduate,Single,Ca,91750,No,No,No,Unknown,Selfemployeed,6550,5
787587033,41,M,3,Doctorate,Single,Fl,91750,No,No,No,Cellular,Businessman,63823,3
787591008,38,M,2,Post-Graduate,Single,Ny,91750,No,Yes,No,Cellular,White-Collar,87187,4
787593558,49,F,3,Uneducated,Single,Mi,91750,Yes,Yes,No,Telephone,Businessman,41369,3
787595658,37,F,3,High School,Married,Fl,91750,No,Yes,No,Cellular,Selfemployeed,6550,5
787596558,60,M,0,High School,Married,Fl,91750,No,No,No,Cellular,Govt,76582,4
787599258,48,F,2,Unknown,Married,Mi,91750,No,Yes,No,Unknown,Selfemployeed,8250,5
787605558,26,M,0,Graduate,Single,Nj,91750,No,Yes,No,Cellular,Govt,37914,5
787617483,44,M,3,Graduate,Married,Ny,91750,No,Yes,No,Cellular,Blue-Collar,58109,4
787621158,36,F,5,High School,Married,Ca,91750,No,No,No,Cellular,Blue-Collar,23200,3
787623858,48,M,5,Uneducated,Married,Fl,91750,Yes,Yes,No,Cellular,Blue-Collar,10123,5
787638408,35,F,3,Graduate,Single,Ca,91750,No,No,No,Cellular,Blue-Collar,52251,5
787643658,38,F,3,High School,Single,Tx,91750,Yes,Yes,No,Unknown,Blue-Collar,13709,5
787655058,53,M,2,Graduate,Married,Fl,91750,No,No,No,Cellular,Businessman,55399,4
787659483,61,M,0,Post-Graduate,Married,Nj,91750,No,No,No,Cellular,Retirees,54191,5
787665258,56,F,3,Graduate,Married,Tx,91750,No,Yes,No,Unknown,White-Collar,26477,5
787669233,48,F,3,High School,Unknown,Ca,91750,No,Yes,No,Cellular,Businessman,37365,4
787685658,45,F,3,High School,Married,Ca,91750,Yes,No,No,Unknown,Selfemployeed,14258,5
787723758,47,M,3,Unknown,Single,Ny,91750,No,No,Yes,Cellular,Businessman,157258,5
787747308,49,F,2,Unknown,Married,Ca,91750,No,No,No,Cellular,White-Collar,28528,5
787770858,43,M,4,Graduate,Married,Ny,91750,No,Yes,No,Telephone,Retirees,44494,3
787800108,47,F,3,Uneducated,Married,Ny,91750,No,Yes,No,Cellular,Retirees,18149,3
787833333,52,F,2,Unknown,Married,Ny,91750,Yes,No,No,Cellular,Selfemployeed,14975,5
787849833,38,F,1,High School,Single,Ca,91750,No,Yes,No,Cellular,Retirees,53616,4
787868958,39,F,2,Uneducated,Married,Tx,91750,Yes,Yes,Yes,Cellular,Retirees,32067,4
787909158,54,M,3,Graduate,Married,Fl,91750,No,No,No,Cellular,White-Collar,119055,5
787918158,33,F,1,Graduate,Single,Ny,91750,Yes,No,No,Telephone,Businessman,50403,4
787921383,56,F,2,High School,Married,Tx,91750,No,Yes,No,Unknown,Blue-Collar,14587,3
787937058,56,F,0,Post-Graduate,Married,Nj,91750,No,Yes,No,Unknown,Selfemployeed,11373,5
787974108,63,F,1,High School,Married,Nj,91750,Yes,No,No,Telephone,Govt,26318,5
787983633,46,F,5,Uneducated,Single,Ny,91750,Yes,No,No,Cellular,White-Collar,21122,5
787999533,39,F,2,Graduate,Single,Ca,91750,No,Yes,No,Cellular,Businessman,39205,5
788019483,34,F,3,Uneducated,Single,Nj,91750,No,No,No,Unknown,Businessman,172321,4
788030208,59,F,1,High School,Single,Ny,91750,Yes,Yes,No,Unknown,Selfemployeed,18184,5
788038383,48,F,3,Unknown,Married,Fl,91750,No,No,No,Cellular,Selfemployeed,27509,4
788095158,53,F,3,Graduate,Married,Tx,91750,No,Yes,No,Cellular,Govt,30942,5
788107683,55,F,2,Unknown,Married,Ia,91750,No,No,Yes,Cellular,White-Collar,16394,4
788122533,40,F,3,Uneducated,Single,Ny,91750,Yes,Yes,No,Unknown,Blue-Collar,12102,5
788132208,41,M,3,High School,Single,Ny,91750,No,No,No,Cellular,Blue-Collar,92164,5
788142483,50,M,1,Graduate,Married,Mo,91750,No,No,Yes,Telephone,Blue-Collar,74629,4
788159433,54,M,3,High School,Married,Nj,91750,No,Yes,No,Cellular,Selfemployeed,43695,4
788194458,48,F,3,Graduate,Single,Tx,91750,No,Yes,No,Cellular,White-Collar,16853,4
788199858,40,M,5,Unknown,Married,Ny,91750,No,No,No,Cellular,White-Collar,100512,4
788210583,34,M,1,Graduate,Single,Ny,91750,No,Yes,No,Cellular,Blue-Collar,16920,5
788230158,35,M,3,Graduate,Married,Ny,91750,Yes,No,No,Cellular,Businessman,236119,4
788240358,58,M,2,Post-Graduate,Married,Fl,91750,No,No,No,Cellular,Blue-Collar,114599,4
788246958,44,F,1,Graduate,Single,Ny,91750,Yes,No,No,Cellular,Selfemployeed,59481,5
788252358,46,F,4,Graduate,Single,Ny,91750,No,No,No,Cellular,Businessman,38363,3
788259558,60,F,1,High School,Married,Ca,91750,Yes,No,Yes,Unknown,Blue-Collar,13872,3
788269158,43,F,2,Unknown,Married,Ca,91750,Yes,No,No,Cellular,Blue-Collar,29329,5
788275083,46,M,4,Graduate,Single,Fl,91750,Yes,No,No,Cellular,Selfemployeed,73865,5
788290383,43,M,2,High School,Married,Ny,91750,Yes,Yes,No,Cellular,Govt,62536,5
788327358,52,M,2,High School,Single,Ca,91750,Yes,No,No,Unknown,Govt,114392,4
788350908,42,F,3,High School,Married,Fl,91750,Yes,Yes,No,Unknown,Govt,38662,5
788360283,48,F,3,Unknown,Married,Ca,91750,No,Yes,Yes,Cellular,Selfemployeed,29658,5
788370258,36,F,3,Post-Graduate,Single,Il,91750,No,No,No,Cellular,Businessman,16601,3
788379933,46,M,5,Uneducated,Single,Ca,91750,No,No,No,Cellular,White-Collar,61693,3
788386908,42,F,3,Unknown,Unknown,Tx,91750,No,Yes,Yes,Cellular,Selfemployeed,7865,4
788407833,51,F,1,Graduate,Married,Tx,91750,Yes,Yes,No,Cellular,Businessman,47922,3
788418933,57,M,2,Graduate,Married,Ca,91750,Yes,No,No,Cellular,Govt,89402,5
788440083,43,F,2,Unknown,Single,Fl,91750,No,No,No,Cellular,Selfemployeed,42452,5
788465583,50,F,2,Uneducated,Single,Nj,91750,No,No,No,Cellular,Govt,34306,4
788474658,36,F,2,Graduate,Married,Fl,91750,No,No,No,Unknown,Businessman,16837,4
788485908,33,F,2,Graduate,Married,Ca,91750,No,No,Yes,Unknown,Blue-Collar,14686,3
788502858,53,M,1,Post-Graduate,Single,Ny,91750,No,Yes,No,Cellular,White-Collar,62189,4
788519958,32,M,1,High School,Single,Ny,91750,No,Yes,No,Cellular,Govt,79515,4
788528958,53,M,3,Graduate,Married,Fl,91750,No,Yes,No,Unknown,White-Collar,113724,5
788544108,40,F,2,Post-Graduate,Married,Ca,91750,Yes,No,No,Cellular,White-Collar,48287,3
788552658,43,M,5,Graduate,Unknown,Ny,91750,Yes,Yes,No,Cellular,Selfemployeed,68746,5
788595183,58,F,3,Graduate,Married,Tx,91750,Yes,Yes,No,Unknown,Govt,38028,4
788610258,53,M,1,Unknown,Single,Tx,91750,Yes,No,No,Unknown,Govt,41677,5
788618208,35,M,4,Graduate,Married,Fl,91750,Yes,Yes,No,Cellular,Businessman,111833,4
788620083,29,M,0,Post-Graduate,Married,Tx,91750,No,Yes,No,Cellular,Businessman,68841,5
788621658,40,F,3,Graduate,Single,Ny,91750,Yes,No,No,Cellular,Blue-Collar,14491,3
788630958,35,F,2,High School,Married,Ca,91750,No,Yes,No,Cellular,Businessman,35792,5
788633733,46,F,2,Graduate,Unknown,Fl,91750,Yes,Yes,No,Unknown,Businessman,232572,4
788638908,47,M,4,Unknown,Single,Nj,91750,Yes,No,No,Cellular,Blue-Collar,56256,4
788641758,33,F,2,Uneducated,Married,Mi,91750,Yes,Yes,No,Cellular,White-Collar,44024,5
788646858,60,M,0,Unknown,Single,Ca,91750,Yes,Yes,No,Unknown,Selfemployeed,56111,5
788658483,53,F,3,Uneducated,Married,Ca,91750,No,Yes,No,Unknown,Blue-Collar,13481,4
788661408,35,M,3,Graduate,Unknown,Ny,91750,Yes,Yes,No,Cellular,Businessman,76894,5
788667408,40,M,4,High School,Married,Tx,91750,Yes,No,No,Cellular,Blue-Collar,64324,4
788671608,53,F,3,High School,Married,Fl,91750,Yes,No,No,Cellular,Businessman,166924,4
788673708,57,F,3,Graduate,Married,Ca,91750,No,Yes,No,Unknown,Blue-Collar,10647,4
788675658,48,F,2,High School,Married,Tx,91750,No,Yes,No,Cellular,Selfemployeed,14975,5
788677533,50,F,1,Graduate,Married,Fl,91750,No,No,No,Cellular,Selfemployeed,14975,5
788684508,65,F,1,Graduate,Married,Nj,91750,Yes,Yes,No,Unknown,Govt,20835,5
788687133,41,M,2,Graduate,Married,Nj,91750,No,No,No,Telephone,White-Collar,137314,3
788694558,40,M,3,High School,Married,Ca,91750,No,No,No,Cellular,Blue-Collar,63822,3
788699808,35,F,2,Graduate,Single,Nj,91750,No,No,No,Cellular,Selfemployeed,14975,3
788701608,42,F,5,Unknown,Married,Ca,91750,Yes,Yes,Yes,Cellular,Blue-Collar,10837,4
788705358,34,M,2,Graduate,Married,Tx,91750,No,Yes,No,Cellular,White-Collar,46315,4
788709408,44,M,4,Graduate,Single,Tx,91750,No,Yes,No,Unknown,Businessman,184089,4
788715483,48,M,2,Graduate,Single,Tx,91750,No,Yes,No,Cellular,Blue-Collar,79110,3
788717358,45,F,1,High School,Married,Nj,91750,No,No,No,Cellular,Selfemployeed,37270,5
788719533,46,M,2,High School,Single,Ca,91750,Yes,No,No,Cellular,Govt,49078,5
788723133,41,F,4,Graduate,Married,Ca,91750,No,No,No,Cellular,White-Collar,24056,5
788725608,48,M,4,Graduate,Single,Tx,91750,Yes,Yes,No,Unknown,Govt,113884,5
788728608,46,F,4,Graduate,Married,Fl,91750,No,Yes,Yes,Unknown,Selfemployeed,14975,4
788730933,45,F,4,Unknown,Married,Tx,91750,Yes,No,Yes,Unknown,Selfemployeed,6550,5
788734158,44,M,5,High School,Single,Ca,91750,No,No,No,Cellular,Businessman,65154,4
788737083,51,M,1,Uneducated,Married,Fl,91750,No,No,No,Telephone,Businessman,68402,5
788739633,41,F,3,Graduate,Married,Ca,91750,Yes,Yes,Yes,Unknown,Retirees,22223,3
788741733,51,F,2,Uneducated,Married,Tx,91750,Yes,No,No,Cellular,Businessman,176831,5
788744058,47,M,4,Graduate,Unknown,Ny,91750,Yes,No,No,Cellular,Blue-Collar,65766,4
788747358,41,M,1,Graduate,Single,Ny,91750,Yes,Yes,No,Cellular,Blue-Collar,80281,4
788752833,34,M,2,Unknown,Married,Ca,91750,Yes,Yes,No,Cellular,Businessman,43753,5
788754108,34,F,3,Unknown,Married,Ny,91750,Yes,No,No,Cellular,White-Collar,30649,5
788755158,33,F,2,Doctorate,Single,Ca,91750,No,Yes,No,Telephone,Govt,34233,4
788756133,43,M,3,Graduate,Unknown,Ny,91750,No,No,No,Cellular,Blue-Collar,60412,5
788760633,58,F,4,Uneducated,Married,Oh,91750,No,Yes,No,Cellular,Retirees,38057,4
788761608,55,F,1,High School,Married,Tx,91750,No,Yes,Yes,Cellular,Govt,29775,5
788766933,37,M,2,Doctorate,Single,Tx,91750,No,Yes,Yes,Unknown,Businessman,159907,3
788767983,37,F,2,Graduate,Single,Tx,91750,No,No,No,Cellular,Govt,56064,3
788768883,54,M,1,Graduate,Married,Fl,91750,Yes,Yes,No,Cellular,White-Collar,73774,4
788769783,56,M,3,Graduate,Single,Fl,91750,Yes,No,No,Cellular,Govt,74824,5
788770908,45,M,4,Unknown,Married,Ny,91750,No,No,No,Cellular,Govt,56111,3
788771733,51,F,3,Graduate,Married,Fl,91750,Yes,Yes,No,Cellular,Blue-Collar,58946,5
788772708,48,M,4,Unknown,Married,Ca,91750,No,Yes,No,Cellular,Blue-Collar,62274,3
788776008,50,M,1,Graduate,Married,Nj,91750,Yes,No,No,Cellular,Govt,74090,4
788776908,53,F,4,Graduate,Unknown,Tx,91750,Yes,Yes,No,Unknown,Blue-Collar,38299,4
788778033,22,M,4,Graduate,Single,Fl,91750,No,Yes,No,Cellular,Businessman,225289,4
788779008,39,M,1,Graduate,Single,Ca,91750,Yes,No,No,Cellular,Blue-Collar,10079,5
788779983,37,F,1,High School,Married,Ca,90250,No,Yes,No,Cellular,Businessman,234249,3
788780958,60,F,1,Uneducated,Single,Tx,91750,No,Yes,No,Cellular,Selfemployeed,5525,5
788782008,61,F,0,Uneducated,Single,Ca,91750,Yes,No,No,Cellular,Businessman,51767,5
788783133,62,F,0,Graduate,Married,Nj,91750,No,No,No,Unknown,Selfemployeed,14975,4
788784258,37,M,1,Graduate,Single,Nj,91750,No,Yes,No,Unknown,Selfemployeed,14975,4
788785083,48,F,4,Doctorate,Married,Ca,91750,No,No,No,Cellular,White-Collar,57174,4
788786208,48,M,4,High School,Unknown,Ca,91750,Yes,No,No,Cellular,White-Collar,75498,5
788788758,47,F,3,Graduate,Married,Fl,91750,Yes,Yes,No,Cellular,Govt,20720,5
788789658,52,F,2,Graduate,Unknown,Tx,91750,No,Yes,Yes,Cellular,Retirees,14894,4
788791383,41,M,3,Graduate,Single,Ca,91750,Yes,No,No,Unknown,Retirees,81086,3
788792583,43,M,3,Unknown,Married,Nj,91750,No,No,No,Cellular,Businessman,63508,3
788794758,46,F,1,Unknown,Single,Ny,91750,No,No,No,Unknown,White-Collar,20931,5
788797983,52,M,1,Graduate,Married,Tx,91750,Yes,Yes,No,Cellular,White-Collar,82406,4
788802483,44,M,3,High School,Married,Ca,91750,Yes,No,No,Cellular,Businessman,77381,4
788805108,46,M,4,Graduate,Married,Ga,91750,Yes,No,No,Cellular,Blue-Collar,55606,3
788805858,36,M,3,Uneducated,Married,Sc,91750,Yes,No,No,Cellular,White-Collar,89256,4
788808633,59,F,1,Unknown,Married,Ca,91750,No,Yes,No,Unknown,Selfemployeed,14153,4
788810658,39,F,2,Graduate,Single,Tx,91750,Yes,No,No,Cellular,Govt,28658,4
788811558,41,M,4,High School,Married,Fl,91750,Yes,No,No,Cellular,Businessman,108350,5
788812608,55,M,3,Graduate,Single,Fl,91750,Yes,No,No,Cellular,Govt,110749,4
788813658,51,M,2,Graduate,Married,Fl,91750,Yes,No,No,Cellular,Businessman,76836,4
788814783,52,F,2,Uneducated,Single,Ny,91750,No,No,No,Telephone,White-Collar,16431,4
788820933,61,F,0,High School,Married,Ca,91750,Yes,Yes,Yes,Cellular,Retirees,38166,4
788824083,41,M,4,Graduate,Married,Ca,91750,Yes,No,No,Cellular,White-Collar,111985,5
788826408,43,F,2,Uneducated,Married,Ny,91750,Yes,Yes,No,Cellular,Govt,27441,5
788827308,45,F,3,High School,Married,Ny,91750,Yes,No,No,Cellular,Selfemployeed,15881,4
788830683,40,F,3,Doctorate,Single,Ny,91750,Yes,Yes,Yes,Unknown,Selfemployeed,14975,5
788832033,41,F,4,Doctorate,Single,Ny,91750,No,Yes,No,Telephone,White-Collar,34214,5
788835408,60,M,1,High School,Married,Ca,91750,Yes,Yes,No,Cellular,White-Collar,31166,4
788838033,37,F,4,High School,Single,Tx,91750,Yes,No,No,Telephone,Govt,32815,3
788840283,45,M,2,High School,Unknown,Ny,91750,No,No,No,Telephone,Govt,76413,5
788842008,47,M,2,Post-Graduate,Married,Ca,91750,Yes,Yes,No,Cellular,Blue-Collar,95204,3
788846508,42,M,2,Graduate,Single,Tx,91750,No,Yes,No,Cellular,Blue-Collar,68901,3
788848458,53,M,2,Unknown,Married,Ca,91750,Yes,No,No,Cellular,Govt,92692,4
788853258,39,F,3,Uneducated,Single,Ca,91750,Yes,No,No,Telephone,Selfemployeed,14975,3
788856408,34,M,3,Graduate,Married,Tx,91750,No,Yes,No,Cellular,Selfemployeed,55733,4
788862333,35,F,2,Uneducated,Single,Ca,91750,Yes,No,No,Unknown,Selfemployeed,14975,5
788864508,40,M,1,Uneducated,Married,Fl,91750,No,No,Yes,Cellular,Govt,89223,5
788866983,62,F,1,Graduate,Single,Ny,91750,Yes,Yes,No,Cellular,Businessman,36881,5
788868858,58,F,4,High School,Married,Ca,91750,No,Yes,Yes,Unknown,Selfemployeed,14975,5
788870283,37,M,1,High School,Single,Nj,91750,Yes,Yes,No,Cellular,Govt,42012,5
788874333,60,F,1,Unknown,Single,Tx,91750,Yes,Yes,No,Cellular,Retirees,57260,4
788876208,53,F,4,Graduate,Married,Nj,91750,Yes,No,No,Cellular,Businessman,43098,3
788885133,38,M,3,High School,Married,Fl,91750,No,Yes,Yes,Cellular,White-Collar,45076,4
788890533,57,F,4,Post-Graduate,Married,Ny,91750,No,No,No,Cellular,Businessman,140053,4
788896983,41,F,2,Unknown,Married,Ny,91750,No,Yes,Yes,Unknown,Selfemployeed,14975,5
788898933,48,M,4,Graduate,Married,Tx,91750,Yes,No,No,Telephone,Govt,95520,5
788900883,42,F,5,Graduate,Single,Ca,91750,No,Yes,No,Cellular,Blue-Collar,12565,5
788907033,40,M,4,Uneducated,Single,Tx,91750,No,Yes,No,Cellular,White-Collar,102647,5
788908308,55,M,2,Unknown,Single,Tx,91750,Yes,Yes,No,Cellular,Businessman,156915,4
788911458,48,F,0,Unknown,Single,Ny,91750,Yes,No,No,Unknown,Businessman,43465,4
788912658,47,F,3,High School,Single,Fl,91750,Yes,No,No,Cellular,Blue-Collar,35048,4
788915283,34,F,0,Unknown,Married,Tx,91750,No,Yes,No,Cellular,Selfemployeed,11080,4
788916933,51,M,2,Doctorate,Single,Tx,91750,No,No,No,Cellular,Blue-Collar,111082,5
788920308,50,M,4,Graduate,Married,Ny,91750,No,Yes,No,Cellular,Retirees,59273,5
788923758,43,F,1,High School,Single,Ny,91750,Yes,No,No,Cellular,Businessman,51447,5
788930358,38,F,4,Graduate,Married,Ak,99504,Yes,No,No,Cellular,Retirees,44577,4
788931558,47,M,1,Uneducated,Unknown,Nj,91750,Yes,Yes,Yes,Cellular,Govt,106685,5
788937933,57,F,1,High School,Married,Fl,91750,No,Yes,No,Unknown,Selfemployeed,38920,5
788939358,51,F,1,Graduate,Married,Tx,91750,Yes,Yes,No,Cellular,Selfemployeed,14975,4
788940558,37,F,2,Graduate,Single,Tx,91750,No,Yes,Yes,Cellular,Businessman,54235,5
788941983,54,F,2,Graduate,Married,Oh,91750,Yes,No,No,Cellular,Blue-Collar,27244,4
788943333,38,M,3,Graduate,Single,Ny,91750,Yes,Yes,No,Telephone,Govt,79296,4
788946783,39,F,3,Graduate,Unknown,Tx,91750,No,Yes,Yes,Telephone,Blue-Collar,16303,4
788950158,61,F,1,High School,Married,Ca,91750,No,No,No,Cellular,Selfemployeed,11222,5
788957358,43,F,5,Graduate,Married,Ny,91750,Yes,Yes,No,Cellular,Blue-Collar,54270,5
788959758,51,F,0,High School,Married,Ca,91750,No,No,No,Cellular,Selfemployeed,37550,4
788960658,38,M,2,Graduate,Single,Ny,91750,No,No,No,Cellular,Retirees,72544,5
788965683,44,F,1,Uneducated,Married,Ca,91750,Yes,No,No,Cellular,Selfemployeed,22880,5
788966958,44,M,3,Unknown,Married,Nj,91750,No,No,No,Cellular,Blue-Collar,70972,5
788971308,49,F,4,Graduate,Married,Ca,91750,No,Yes,No,Unknown,Blue-Collar,16248,4
788974608,47,F,1,High School,Married,Tx,91750,Yes,Yes,No,Unknown,Selfemployeed,14975,3
788977833,60,F,1,Uneducated,Married,Fl,91750,No,No,No,Cellular,White-Collar,17569,5
788979258,48,F,3,Post-Graduate,Married,Ca,91750,No,Yes,No,Cellular,Selfemployeed,11406,4
788980983,50,M,0,Graduate,Single,Ca,91750,No,Yes,Yes,Cellular,White-Collar,119528,5
788989083,61,M,1,Graduate,Married,Ia,91750,No,No,No,Cellular,Selfemployeed,67626,4
788990508,47,F,4,Uneducated,Unknown,Tx,91750,No,No,No,Cellular,Businessman,40946,5
788994783,40,M,4,High School,Married,Tx,91750,Yes,No,No,Cellular,White-Collar,66640,5
788996058,49,F,3,Doctorate,Single,Ny,91750,No,No,No,Cellular,Govt,43467,5
788997408,62,F,0,Graduate,Single,Ny,91750,Yes,No,No,Cellular,Retirees,53611,4
789008508,52,M,3,Graduate,Married,Tx,91750,Yes,Yes,Yes,Cellular,White-Collar,149402,4
789012633,56,F,4,High School,Single,Fl,91750,No,No,No,Unknown,Blue-Collar,33463,3
789013833,44,F,2,Uneducated,Married,Tx,91750,No,No,No,Cellular,White-Collar,21827,4
789016983,50,M,2,High School,Married,Tx,91750,Yes,Yes,No,Cellular,Govt,108200,4
789022233,56,M,3,Post-Graduate,Married,Tx,91750,No,Yes,No,Cellular,Retirees,63456,4
789023508,36,F,4,Graduate,Single,Ca,90250,Yes,No,No,Cellular,Businessman,214822,5
789025083,47,M,4,Doctorate,Married,Ak,99504,Yes,Yes,Yes,Cellular,Businessman,72880,5
789043008,50,F,3,High School,Married,Fl,91750,No,No,No,Unknown,Blue-Collar,20875,4
789047208,43,M,2,Graduate,Married,Nv,91750,Yes,No,No,Cellular,Govt,88610,4
789048858,41,F,1,Unknown,Married,Tx,91750,No,No,No,Cellular,Businessman,21773,4
789050883,38,F,1,High School,Married,Tx,91750,No,Yes,No,Unknown,Govt,31227,5
789052308,51,F,4,High School,Single,Ca,91750,No,No,No,Cellular,White-Collar,27797,5
789053883,54,F,2,Uneducated,Single,Ny,91750,Yes,No,No,Cellular,Retirees,40501,5
789059958,53,F,3,Graduate,Married,Ca,91750,No,No,No,Unknown,White-Collar,38993,4
789070233,42,F,4,Graduate,Married,Ny,91750,Yes,Yes,No,Cellular,Retirees,58249,5
789074358,50,F,2,High School,Single,Fl,91750,No,No,No,Cellular,Businessman,237052,5
789076083,43,M,4,Graduate,Single,Tx,91750,No,Yes,No,Cellular,Selfemployeed,70643,5
789079758,46,F,4,Graduate,Married,Fl,91750,No,No,No,Unknown,Selfemployeed,14975,5
789081408,57,F,1,Unknown,Single,Fl,91750,Yes,Yes,Yes,Unknown,Selfemployeed,29197,5
789082758,51,M,2,High School,Married,Ca,91750,No,Yes,No,Unknown,Retirees,88507,3
789087858,54,M,1,Graduate,Unknown,Ca,91750,No,Yes,No,Cellular,Retirees,69869,4
789089958,43,F,2,High School,Married,Wa,91750,No,Yes,No,Unknown,Businessman,40025,5
789095958,64,F,1,Graduate,Single,Ny,91750,Yes,No,No,Cellular,White-Collar,28576,4
789097833,42,F,4,Graduate,Married,Ny,91750,No,No,No,Cellular,Blue-Collar,54430,4
789099783,47,F,2,Graduate,Married,Fl,91750,No,No,No,Cellular,Govt,50754,4
789101883,44,F,1,High School,Single,Tx,91750,No,Yes,No,Cellular,Selfemployeed,31938,4
789105183,37,M,1,High School,Single,Nj,91750,Yes,No,No,Cellular,Blue-Collar,60426,4
789109983,43,M,3,Graduate,Single,Ny,91750,No,No,No,Cellular,Govt,44057,5
789111483,33,F,2,Uneducated,Unknown,Tx,91750,No,Yes,No,Cellular,Businessman,55420,3
789114408,47,M,3,Graduate,Married,Il,91750,No,No,No,Cellular,Blue-Collar,74417,4
789115833,53,M,1,High School,Single,Tx,91750,Yes,No,No,Cellular,Blue-Collar,10692,3
789121233,42,M,4,High School,Married,Ca,91750,Yes,Yes,No,Cellular,Selfemployeed,70669,5
789122808,57,F,0,High School,Married,Fl,91750,Yes,Yes,No,Cellular,Govt,33448,5
789124683,49,F,2,Unknown,Single,Ca,91750,No,No,No,Cellular,Selfemployeed,6550,4
789125733,44,F,4,Graduate,Married,Ca,91750,No,No,No,Cellular,Govt,21737,3
789127533,37,F,4,Uneducated,Married,Nj,91750,Yes,No,No,Unknown,Selfemployeed,34212,4
789129033,31,F,2,Post-Graduate,Unknown,Ca,91750,Yes,No,No,Unknown,Selfemployeed,7865,5
789138258,47,M,1,Graduate,Married,Tx,91750,No,Yes,No,Unknown,Govt,78804,5
789140283,45,F,3,Graduate,Single,Ca,91750,No,Yes,No,Cellular,Selfemployeed,11270,5
789143283,40,M,2,High School,Married,Ca,91750,Yes,No,No,Cellular,Retirees,82247,5
789144633,35,F,3,Graduate,Single,Tx,91750,No,No,No,Cellular,Businessman,19966,5
789150633,48,F,4,Graduate,Married,Fl,91750,No,No,No,Cellular,Retirees,40343,5
789151983,41,M,4,Unknown,Married,Ny,91750,Yes,No,No,Cellular,White-Collar,96873,3
789154833,40,M,4,High School,Unknown,Tx,91750,No,No,Yes,Cellular,Govt,51418,4
789158433,41,F,3,Graduate,Married,Ca,91750,Yes,No,No,Unknown,White-Collar,33588,4
789161358,38,F,2,Graduate,Single,Ny,91750,No,Yes,Yes,Cellular,White-Collar,31333,4
789164283,37,M,3,Graduate,Married,Ca,91750,No,No,No,Telephone,Selfemployeed,75594,5
789167658,54,F,2,Graduate,Married,Ca,91750,No,No,No,Cellular,Selfemployeed,14975,5
789170283,38,F,1,High School,Married,Tx,91750,Yes,Yes,No,Unknown,Businessman,34628,5
789172683,49,F,3,Graduate,Single,Fl,91750,Yes,Yes,No,Cellular,Selfemployeed,14975,4
789173958,49,F,4,Uneducated,Married,Fl,91750,No,No,Yes,Cellular,Govt,56380,3
789175683,39,M,1,Unknown,Single,Fl,91750,No,Yes,No,Cellular,White-Collar,113490,4
789177333,45,F,4,Graduate,Unknown,Ca,91750,No,No,No,Unknown,Blue-Collar,21531,4
789179583,47,M,1,Graduate,Single,Ca,91750,No,No,No,Unknown,Govt,82162,5
789180933,50,M,3,Graduate,Single,Ny,91750,Yes,Yes,No,Cellular,White-Collar,66795,3
789182358,40,F,2,Graduate,Unknown,Tx,91750,No,No,No,Unknown,White-Collar,46959,3
789185508,52,F,1,Uneducated,Married,Nj,91750,Yes,No,No,Cellular,Blue-Collar,45287,4
789186858,39,M,2,High School,Single,Tx,91750,Yes,No,No,Cellular,Selfemployeed,107981,5
789187908,43,F,4,High School,Unknown,Fl,91750,No,No,No,Cellular,Selfemployeed,14273,5
789191358,41,F,3,High School,Married,Fl,91750,Yes,Yes,Yes,Telephone,Govt,48201,4
789193383,26,M,0,Unknown,Unknown,Tx,91750,Yes,No,No,Cellular,White-Collar,38006,3
789196158,47,M,3,Post-Graduate,Unknown,Tx,91750,Yes,Yes,No,Unknown,Selfemployeed,14975,4
789197508,51,F,3,Graduate,Single,Ca,91750,No,Yes,Yes,Cellular,Selfemployeed,14975,4
789198708,44,F,4,Graduate,Single,Fl,91750,No,No,No,Cellular,Selfemployeed,6550,4
789200208,46,F,3,Graduate,Single,Tx,91750,No,No,No,Unknown,White-Collar,133174,5
789204933,45,M,5,High School,Married,Fl,91750,Yes,No,No,Cellular,White-Collar,66080,5
789209283,33,M,1,Unknown,Married,Fl,91750,No,No,No,Cellular,Selfemployeed,66483,5
789212883,50,F,1,Graduate,Unknown,Ca,91750,Yes,No,Yes,Cellular,Selfemployeed,29280,5
789218433,46,M,2,Graduate,Married,Ny,91750,Yes,Yes,No,Cellular,Selfemployeed,66992,3
789220008,53,F,3,Uneducated,Married,Fl,91750,No,Yes,No,Cellular,Blue-Collar,13768,4
789226683,52,F,1,Unknown,Married,Ca,91750,Yes,Yes,No,Cellular,White-Collar,44222,3
789228108,60,F,0,Graduate,Married,Ny,91750,Yes,No,Yes,Cellular,Retirees,59579,4
789231858,51,M,2,Graduate,Single,Ca,91750,No,Yes,No,Cellular,White-Collar,95290,3
789233808,56,M,1,Graduate,Married,Ak,99504,No,No,Yes,Cellular,Retirees,68945,4
789235383,49,F,2,Graduate,Married,Tx,91750,Yes,No,No,Cellular,Selfemployeed,21843,5
789237333,47,F,3,Graduate,Married,Nj,91750,Yes,No,No,Cellular,Businessman,196532,5
789238683,42,M,4,Graduate,Unknown,Nj,91750,No,No,No,Cellular,Retirees,69712,4
789240258,44,M,4,Uneducated,Single,Ca,91750,No,No,No,Cellular,Blue-Collar,84655,3
789241308,33,F,4,Graduate,Married,Ny,91750,Yes,No,No,Cellular,White-Collar,22458,5
789244308,54,M,2,Unknown,Married,Mn,91750,No,No,No,Cellular,Retirees,46787,5
789247458,48,F,1,Graduate,Married,Ny,91750,No,No,No,Cellular,Blue-Collar,28068,4
789248958,48,M,1,Post-Graduate,Single,Tx,91750,Yes,No,No,Cellular,White-Collar,97056,5
789261558,65,F,2,Graduate,Single,Fl,91750,Yes,Yes,Yes,Cellular,Blue-Collar,13011,5
789262683,48,F,4,Graduate,Married,Ny,91750,No,No,No,Unknown,Selfemployeed,11759,3
789266208,60,F,0,Graduate,Single,Tx,91750,No,Yes,No,Cellular,Blue-Collar,13404,4
789267633,46,M,2,Graduate,Married,Nj,91750,No,No,No,Cellular,Selfemployeed,60698,5
789270033,34,F,4,Doctorate,Married,Ny,91750,No,No,No,Cellular,Selfemployeed,6550,3
789271533,38,M,1,High School,Married,Ny,91750,Yes,No,No,Cellular,Retirees,72792,4
789280683,43,F,3,Unknown,Married,Tx,91750,Yes,No,No,Cellular,Businessman,147132,5
789282333,44,F,3,High School,Single,Ca,91750,No,No,No,Unknown,Blue-Collar,12375,4
789289383,50,M,2,Unknown,Single,Tx,91750,No,Yes,No,Cellular,Businessman,177583,5
789291633,57,F,2,Uneducated,Married,Ny,91750,No,No,Yes,Cellular,Selfemployeed,14975,4
789293358,39,M,2,High School,Married,Nj,91750,Yes,No,No,Cellular,White-Collar,98039,4
789296133,45,M,2,Uneducated,Married,Mo,91750,Yes,No,No,Cellular,Govt,70371,5
789297558,49,F,0,Uneducated,Single,Ny,91750,Yes,Yes,No,Cellular,Businessman,30553,5
789298833,36,F,1,Graduate,Single,Ny,91750,No,No,No,Cellular,White-Collar,104861,3
789300408,38,F,2,High School,Married,Tx,91750,Yes,No,No,Cellular,White-Collar,56642,4
789301458,46,M,3,Graduate,Married,Tx,91750,No,Yes,No,Cellular,Govt,73709,5
789304983,44,M,1,High School,Unknown,Ca,91750,No,No,No,Unknown,White-Collar,116532,3
789307833,52,F,1,High School,Married,Ny,91750,Yes,Yes,No,Cellular,Blue-Collar,17085,3
789309558,30,F,2,Uneducated,Married,Fl,91750,No,Yes,No,Cellular,Govt,29945,3
789310833,50,F,3,High School,Single,Fl,91750,No,No,No,Cellular,White-Collar,35237,3
789312033,40,M,3,Post-Graduate,Married,Nj,91750,Yes,Yes,No,Cellular,Selfemployeed,85529,3
789314133,44,F,3,High School,Married,Ca,91750,No,No,No,Cellular,Retirees,15049,3
789317883,55,F,2,Unknown,Married,Il,91750,No,No,No,Cellular,Selfemployeed,9535,4
789319458,40,F,5,Graduate,Married,Tx,91750,No,Yes,No,Telephone,Blue-Collar,53961,3
789322833,58,F,1,Graduate,Married,Fl,91750,No,Yes,No,Unknown,Selfemployeed,1250,3
789325008,45,F,4,Graduate,Married,Ny,91750,Yes,No,No,Cellular,Retirees,39800,5
789326808,61,F,1,Graduate,Single,Tx,91750,Yes,No,No,Cellular,Retirees,18450,3
789328083,49,F,2,Graduate,Married,Tx,91750,No,Yes,Yes,Cellular,Blue-Collar,32792,5
789331908,50,M,1,Unknown,Married,Nj,91750,No,No,No,Cellular,Retirees,98147,3
789334458,32,M,0,Post-Graduate,Single,Ny,91750,No,No,No,Cellular,Retirees,53360,5
789337233,54,F,2,Unknown,Single,Ca,91750,Yes,No,No,Cellular,Selfemployeed,11885,3
789338583,51,F,2,Uneducated,Married,Fl,91750,No,No,No,Cellular,White-Collar,19717,5
789339633,35,F,3,Graduate,Single,Ca,91750,No,Yes,No,Cellular,Businessman,41209,4
789344358,50,F,2,Graduate,Married,Tx,91750,No,No,No,Cellular,Selfemployeed,14975,5
789345408,48,M,4,Graduate,Married,Fl,91750,No,No,No,Cellular,Retirees,88573,5
789347133,37,M,3,Graduate,Married,Fl,91750,No,Yes,No,Unknown,Selfemployeed,74284,3
789351783,40,M,4,Unknown,Married,Fl,91750,No,No,No,Cellular,Govt,66494,5
789354783,47,F,3,High School,Single,Nm,91750,Yes,Yes,No,Cellular,Selfemployeed,56480,5
789358908,44,F,4,Uneducated,Married,Ia,91750,Yes,No,No,Cellular,Businessman,29730,4
789362058,39,M,2,Graduate,Married,Ny,91750,No,Yes,No,Cellular,Selfemployeed,47309,4
789363408,48,M,4,Doctorate,Single,Nj,91750,No,No,No,Cellular,Retirees,103619,5
789365508,46,F,5,High School,Single,Tx,91750,No,No,No,Unknown,Selfemployeed,14386,4
789367083,39,F,2,Graduate,Single,Ca,91750,Yes,No,No,Cellular,Selfemployeed,41949,3
789368658,44,F,3,Graduate,Single,Tx,91750,No,Yes,No,Cellular,Blue-Collar,14787,4
789370383,55,F,3,Post-Graduate,Married,Ny,91750,Yes,No,No,Unknown,Selfemployeed,12150,3
789373683,36,M,2,Graduate,Single,Ca,91750,No,No,No,Cellular,Businessman,88293,4
789382758,35,F,1,Graduate,Single,Ca,91750,Yes,Yes,No,Cellular,Selfemployeed,20730,5
789392883,40,M,2,Uneducated,Married,Ny,91750,No,No,No,Cellular,Retirees,72587,5
789394833,55,M,2,High School,Single,Ca,91010,No,Yes,No,Cellular,White-Collar,127578,3
789396783,48,M,3,Graduate,Unknown,Ny,91750,No,Yes,No,Cellular,Selfemployeed,75809,5
789398733,51,F,4,Graduate,Single,Ny,91750,Yes,No,No,Cellular,Businessman,230464,5
789407958,39,M,2,Graduate,Single,Mi,91750,No,No,No,Cellular,Blue-Collar,49118,5
789412458,43,M,2,Graduate,Married,Tx,91750,No,Yes,No,Cellular,Blue-Collar,85094,4
789413958,55,F,1,Graduate,Unknown,Fl,91750,Yes,No,No,Unknown,Businessman,18850,5
789415983,59,M,0,Uneducated,Married,Ca,91750,No,Yes,No,Unknown,Retirees,17849,5
789417708,49,M,2,High School,Married,Ny,91750,No,Yes,No,Cellular,Govt,88938,4
789419658,46,M,5,Graduate,Married,Ny,91750,No,Yes,No,Cellular,Govt,65647,5
789420933,37,F,3,Post-Graduate,Married,Ny,91750,Yes,No,No,Cellular,Selfemployeed,51189,5
789430083,57,M,3,Post-Graduate,Married,Ca,91750,No,No,No,Cellular,Blue-Collar,64142,5
789432033,51,M,3,High School,Married,Tx,91750,No,Yes,No,Cellular,Selfemployeed,108236,4
789433758,40,F,2,High School,Single,Ca,91750,No,Yes,No,Cellular,Selfemployeed,14975,5
789435783,49,F,5,Graduate,Married,Tx,91750,No,No,Yes,Unknown,Selfemployeed,14975,5
789450408,44,F,4,Doctorate,Married,Mi,91750,No,Yes,No,Cellular,Businessman,200174,5
789454683,54,M,1,Graduate,Married,Nj,91750,Yes,Yes,No,Cellular,Govt,91315,3
789466008,57,F,3,High School,Married,Ca,91750,No,Yes,Yes,Unknown,Retirees,39050,5
789467508,52,F,1,High School,Married,Ia,91750,No,Yes,No,Unknown,Selfemployeed,18834,5
789469083,44,M,3,Uneducated,Married,Ca,91750,Yes,Yes,No,Cellular,Blue-Collar,108513,4
789472833,37,F,3,Graduate,Single,Ny,91750,Yes,No,No,Cellular,Selfemployeed,59545,5
789477483,40,F,2,Graduate,Married,Ca,91750,No,No,No,Cellular,Selfemployeed,43587,4
789479058,51,M,2,Unknown,Single,Ca,91750,No,No,No,Cellular,White-Collar,63590,4
789481233,51,F,4,Uneducated,Single,Ny,91750,No,Yes,No,Unknown,White-Collar,33070,5
789483333,43,F,2,High School,Single,Tx,91750,No,Yes,Yes,Cellular,Blue-Collar,10745,4
789485433,43,F,1,Graduate,Unknown,Nj,91750,No,No,No,Cellular,Selfemployeed,14975,5
789487308,44,F,4,Graduate,Married,Ca,91750,No,Yes,No,Cellular,Businessman,50421,5
789491058,40,M,3,Unknown,Single,Ny,91750,Yes,No,Yes,Cellular,Businessman,69056,4
789492558,42,M,3,High School,Married,Fl,91750,No,No,No,Cellular,Blue-Collar,85923,3
789494133,35,F,2,Unknown,Married,Nj,91750,Yes,Yes,No,Unknown,Blue-Collar,27545,4
789497283,38,M,4,High School,Single,Fl,91750,Yes,Yes,No,Cellular,Govt,105064,3
789502308,36,F,4,Unknown,Single,Ca,91750,Yes,Yes,No,Cellular,Businessman,26360,5
789504183,59,F,2,Uneducated,Married,Fl,91750,No,Yes,No,Cellular,Retirees,30072,5
789507408,35,M,3,Post-Graduate,Single,Ny,91750,No,No,Yes,Unknown,Blue-Collar,95685,5
789508758,53,F,1,Uneducated,Married,Nj,91750,No,No,No,Cellular,Blue-Collar,40118,3
789513858,42,F,4,Unknown,Married,Nj,91750,No,No,No,Cellular,Selfemployeed,2565,3
789515283,49,M,3,Post-Graduate,Single,Ny,91750,No,No,No,Cellular,Govt,78213,5
789520533,59,M,1,High School,Single,Ca,91750,Yes,Yes,No,Cellular,White-Collar,68361,4
789523683,55,F,1,Uneducated,Married,Ca,91750,Yes,No,No,Telephone,Selfemployeed,58599,3
789525408,43,M,4,Graduate,Single,Tx,91750,Yes,No,No,Cellular,Govt,109621,5
789526458,37,F,4,High School,Single,Ca,91750,No,No,No,Cellular,Retirees,46308,3
789528183,63,F,0,Graduate,Single,Tx,91750,Yes,No,No,Cellular,Blue-Collar,30241,5
789529158,38,M,2,Uneducated,Married,Nj,91750,Yes,No,No,Cellular,Govt,115009,4
789530208,52,F,3,Doctorate,Single,Fl,91750,No,Yes,No,Cellular,Selfemployeed,14975,3
789531633,48,M,4,Graduate,Married,Ny,91750,No,Yes,No,Cellular,Govt,96091,4
789533133,48,F,4,High School,Married,Ca,91750,Yes,No,No,Cellular,Govt,59994,3
789535233,29,M,2,High School,Married,Nj,91750,No,Yes,No,Cellular,White-Collar,119424,4
789539058,46,F,4,Graduate,Married,Ca,90025,Yes,No,No,Unknown,Businessman,237352,3
789540108,60,M,1,Uneducated,Single,Ca,91750,No,No,No,Cellular,Retirees,77200,4
789541458,35,M,2,Graduate,Married,Ny,91750,Yes,Yes,No,Cellular,Govt,80728,4
789550458,51,M,2,Uneducated,Single,Ca,90250,No,Yes,No,Unknown,Businessman,157185,5
789551883,38,F,1,High School,Single,Fl,91750,Yes,No,No,Cellular,Businessman,168388,3
789556533,35,M,2,Graduate,Married,Nj,91750,No,No,No,Cellular,Blue-Collar,110765,5
789560433,35,M,3,High School,Unknown,Ny,91750,No,No,No,Cellular,White-Collar,94516,4
789562383,51,F,1,Graduate,Married,Ca,91750,Yes,Yes,No,Cellular,Blue-Collar,10781,3
789563658,36,M,2,Graduate,Single,Fl,91750,Yes,Yes,No,Cellular,Businessman,71243,4
789575583,46,M,3,High School,Single,Ca,91750,Yes,Yes,Yes,Cellular,Selfemployeed,62558,4
789577833,50,F,2,Graduate,Single,Ny,91750,Yes,Yes,No,Cellular,Selfemployeed,5225,5
789579033,57,M,4,Unknown,Single,Ca,91750,Yes,Yes,No,Cellular,White-Collar,90147,4
789580908,59,M,1,High School,Unknown,Ny,91750,No,Yes,No,Unknown,Retirees,48935,4
789582483,42,M,2,Graduate,Single,Ca,91750,Yes,Yes,No,Unknown,Businessman,106829,4
789586833,56,F,4,High School,Single,Ar,72023,No,Yes,No,Cellular,Govt,48849,3
789588933,47,F,4,Graduate,Unknown,Fl,91750,No,No,No,Cellular,Businessman,45113,4
789593058,37,F,2,Post-Graduate,Married,Fl,91750,No,No,No,Cellular,Blue-Collar,36286,4
789594108,50,M,1,Graduate,Married,Tx,91750,No,Yes,No,Telephone,White-Collar,151832,5
789597408,48,M,2,Doctorate,Single,Tx,91750,Yes,Yes,No,Cellular,Blue-Collar,75023,3
789599283,38,F,2,Graduate,Married,Fl,91750,No,Yes,No,Unknown,Retirees,37051,5
789601308,26,F,1,Graduate,Single,Nj,91750,Yes,No,No,Cellular,Selfemployeed,54388,5
789603183,42,M,3,High School,Single,Nj,91750,Yes,Yes,No,Cellular,Businessman,41595,5
789605658,48,F,3,Graduate,Married,Tx,91750,No,No,No,Cellular,Selfemployeed,5525,4
789607983,50,F,4,Graduate,Married,Ca,91750,Yes,No,Yes,Unknown,Selfemployeed,15291,4
789611283,49,F,2,Uneducated,Married,Ca,91750,Yes,Yes,Yes,Cellular,Selfemployeed,12150,3
789613083,42,M,3,Post-Graduate,Married,Tx,91750,Yes,Yes,No,Cellular,Govt,93503,4
789616158,26,M,0,Graduate,Single,Ny,91750,Yes,No,No,Unknown,White-Collar,37436,5
789625383,59,M,1,Uneducated,Single,Ca,91750,No,No,No,Cellular,Businessman,38597,3
789627258,44,F,3,High School,Married,Tx,91750,Yes,Yes,No,Cellular,Businessman,28592,5
789631908,46,M,3,Uneducated,Married,Tx,91750,No,No,No,Cellular,Blue-Collar,74289,5
789634983,51,M,3,Graduate,Married,Ca,91750,No,Yes,No,Cellular,Selfemployeed,85154,5
789637308,45,F,5,Graduate,Single,Ny,91750,No,Yes,No,Cellular,Selfemployeed,30199,4
789643383,61,F,1,Uneducated,Married,Fl,91750,Yes,No,No,Cellular,Selfemployeed,38998,5
789646158,40,F,3,Graduate,Married,Ny,91750,No,Yes,No,Unknown,Blue-Collar,36137,5
789656358,41,F,3,High School,Married,Tx,91750,No,Yes,No,Cellular,Businessman,46136,5
789662283,39,F,0,Graduate,Single,Tx,91750,Yes,No,No,Unknown,White-Collar,33510,5
789666333,57,F,4,Graduate,Married,Ny,91750,No,Yes,No,Cellular,Businessman,219197,4
789670533,56,F,4,Doctorate,Single,Ca,91750,No,Yes,Yes,Cellular,Retirees,56845,5
789678483,48,M,4,High School,Married,Ca,91750,Yes,No,No,Cellular,Selfemployeed,77707,4
789681708,54,M,1,Post-Graduate,Single,Nj,91750,No,No,No,Cellular,Govt,107587,5
789684258,57,M,2,Uneducated,Single,Fl,91750,No,No,No,Cellular,Selfemployeed,108233,3
789690483,43,F,4,Graduate,Unknown,Ca,91750,No,Yes,No,Cellular,Blue-Collar,35000,4
789692283,61,M,0,Graduate,Single,Tx,91750,Yes,No,Yes,Telephone,White-Collar,72857,5
789698733,55,M,2,Graduate,Married,Ca,91750,No,No,No,Cellular,Selfemployeed,62596,5
789701658,38,F,3,Graduate,Single,Tx,91750,Yes,Yes,No,Cellular,Blue-Collar,23071,4
789705408,52,M,4,Graduate,Married,Ny,91750,No,No,No,Cellular,Blue-Collar,41342,3
789707433,53,F,1,Graduate,Married,Tx,91750,No,Yes,No,Telephone,White-Collar,59286,4
789713208,51,F,2,Graduate,Married,Tx,91750,Yes,No,No,Unknown,Blue-Collar,31558,4
789717708,40,F,3,High School,Single,Ny,91750,No,Yes,No,Cellular,Govt,52699,3
789731433,49,M,3,Graduate,Single,Tx,91750,No,No,No,Cellular,Retirees,30537,5
789733008,44,F,2,High School,Unknown,Ca,91750,No,No,Yes,Cellular,Govt,33672,5
789744033,52,F,2,High School,Single,Ca,91750,No,No,No,Cellular,Blue-Collar,35327,4
789749433,43,M,4,Doctorate,Unknown,Tx,91750,No,Yes,No,Cellular,White-Collar,75914,5
789760233,43,F,5,Uneducated,Single,Ca,91750,Yes,Yes,No,Telephone,Blue-Collar,27446,5
789772983,51,F,4,High School,Married,Ny,91750,Yes,No,No,Cellular,White-Collar,42351,4
789775308,52,M,2,Post-Graduate,Married,Ca,91750,Yes,No,No,Cellular,Govt,82872,5
789777408,42,F,4,Unknown,Married,Tx,91750,Yes,No,No,Cellular,Selfemployeed,6550,4
789780033,33,M,2,Graduate,Married,Ny,91750,Yes,No,No,Unknown,Businessman,154776,4
789786258,42,F,3,High School,Married,Nv,91750,No,No,No,Cellular,Govt,21805,5
789791808,48,F,2,High School,Married,Va,91750,No,Yes,No,Unknown,Businessman,185693,4
789800358,41,M,3,Unknown,Married,Ny,91750,No,No,No,Cellular,Blue-Collar,75814,5
789804933,49,M,2,Unknown,Single,Ny,91750,No,No,No,Unknown,Businessman,29410,5
789817833,55,M,4,Post-Graduate,Married,Fl,91750,Yes,Yes,No,Cellular,Govt,101298,4
789820308,52,M,1,Uneducated,Married,Ia,91750,No,No,No,Cellular,Businessman,45138,3
789823383,47,M,1,Doctorate,Married,Ar,72120,Yes,Yes,No,Cellular,Retirees,67242,3
789827208,50,M,2,High School,Single,Fl,91750,No,No,No,Cellular,Blue-Collar,107688,4
789830058,44,F,2,Uneducated,Single,Ny,91750,No,No,No,Cellular,Selfemployeed,12934,5
789833583,60,M,2,High School,Married,Ny,91750,Yes,No,No,Unknown,Selfemployeed,14975,4
789842283,38,F,0,Graduate,Married,Fl,91750,No,Yes,No,Cellular,Selfemployeed,1250,4
789849108,37,F,2,Unknown,Single,Ny,91750,No,Yes,No,Unknown,Retirees,24985,5
789853533,37,F,3,Graduate,Married,Ny,91750,No,No,No,Cellular,Selfemployeed,5525,3
789859833,49,F,5,High School,Married,Ca,91750,Yes,Yes,Yes,Cellular,Retirees,59927,5
789863208,46,F,0,Graduate,Single,Ny,91750,Yes,Yes,No,Unknown,Selfemployeed,14975,4
789866133,47,M,3,Unknown,Unknown,Ny,91750,No,No,No,Cellular,White-Collar,120565,4
789871233,46,F,3,Graduate,Married,Tx,91750,No,Yes,Yes,Cellular,Govt,57550,4
789875883,65,F,1,Uneducated,Single,Fl,91750,No,Yes,No,Cellular,Selfemployeed,13165,5
789878283,48,F,5,Post-Graduate,Single,Tx,91750,Yes,Yes,No,Cellular,White-Collar,136280,4
789880533,56,F,1,High School,Single,Ny,91750,Yes,No,No,Cellular,Govt,26794,5
789886533,56,F,2,Graduate,Unknown,Ca,91750,Yes,No,No,Cellular,Selfemployeed,6550,5
789890958,44,F,4,High School,Married,Ny,91750,No,No,No,Unknown,Businessman,231584,4
789893808,43,F,2,Graduate,Married,Ca,91750,No,Yes,No,Cellular,Govt,21510,5
789900633,51,M,2,Doctorate,Single,Nj,91750,Yes,Yes,Yes,Cellular,Selfemployeed,56521,3
789903708,40,F,5,Unknown,Married,Fl,91750,Yes,No,No,Telephone,Selfemployeed,46423,3
789907533,37,F,3,Graduate,Married,Tx,91750,Yes,No,No,Unknown,Govt,34744,3
789911808,61,F,1,Graduate,Single,Ga,91750,Yes,No,No,Cellular,White-Collar,28399,5
789917208,54,M,1,Graduate,Married,Ny,91750,Yes,No,No,Cellular,Retirees,92584,4
789920883,45,F,3,Unknown,Married,Tx,91750,No,Yes,No,Cellular,Blue-Collar,33822,5
789923058,58,F,1,Graduate,Married,Ca,91750,No,Yes,Yes,Cellular,Blue-Collar,28198,5
789925833,46,M,1,Graduate,Single,Ny,91750,Yes,Yes,Yes,Cellular,Retirees,60543,3
789937683,51,M,1,Graduate,Married,Ny,91750,No,No,Yes,Unknown,Businessman,217709,4
789939558,48,M,4,Unknown,Single,Fl,91750,Yes,No,No,Telephone,White-Collar,93843,3
789942033,28,F,0,Uneducated,Single,Ny,91750,Yes,Yes,No,Unknown,Businessman,23967,5
789945933,51,F,1,Doctorate,Single,Ca,91750,Yes,No,Yes,Cellular,Selfemployeed,38807,4
789948408,29,M,0,Unknown,Married,Tx,91750,No,Yes,No,Cellular,Blue-Collar,96179,4
789952158,42,F,4,Uneducated,Married,Ny,91750,No,No,Yes,Cellular,Blue-Collar,31509,4
789953733,45,M,3,Graduate,Married,Ny,91750,No,Yes,Yes,Cellular,Businessman,66640,4
789959283,56,F,3,Graduate,Single,Ca,91750,No,Yes,No,Cellular,Selfemployeed,14975,5
789960783,49,M,4,Unknown,Unknown,Ca,91750,No,Yes,No,Cellular,Govt,106832,4
789963033,60,F,1,Graduate,Single,Ny,91750,No,Yes,Yes,Unknown,Selfemployeed,14975,5
789964983,43,F,1,Graduate,Single,Fl,91750,No,Yes,No,Cellular,Selfemployeed,14975,5
789968058,59,F,1,Unknown,Married,Nj,91750,No,No,No,Cellular,Selfemployeed,6550,4
789970233,45,F,3,High School,Married,Ny,91750,Yes,Yes,No,Unknown,Blue-Collar,14415,5
789973308,46,F,4,Graduate,Married,Fl,91750,No,Yes,Yes,Unknown,Selfemployeed,12150,4
789983133,54,M,2,Post-Graduate,Single,Fl,91750,No,No,No,Cellular,Businessman,154116,5
789987183,41,F,2,Graduate,Married,Tx,91750,Yes,Yes,Yes,Unknown,Selfemployeed,13513,4
789990333,33,M,1,Unknown,Married,Fl,91750,No,Yes,No,Cellular,Selfemployeed,64017,4
789992733,60,M,1,Post-Graduate,Single,Nj,91750,Yes,No,No,Unknown,Businessman,86471,4
789996783,37,M,2,Unknown,Single,Ny,91750,No,Yes,No,Cellular,Blue-Collar,77527,5
790000608,41,F,5,High School,Single,Ny,91750,Yes,Yes,Yes,Cellular,Businessman,43428,5
790002783,45,M,4,Graduate,Single,Tx,91750,No,No,No,Cellular,Businessman,49701,4
790004883,45,F,3,Doctorate,Single,Tx,91750,Yes,Yes,No,Cellular,Blue-Collar,12218,5
790006383,45,F,3,Graduate,Single,Fl,91750,Yes,No,Yes,Telephone,Selfemployeed,54096,3
790017858,42,M,3,Graduate,Single,Tx,91750,No,Yes,Yes,Cellular,Businessman,70189,5
790021233,35,M,3,High School,Married,Tx,91750,Yes,Yes,No,Cellular,White-Collar,56510,4
790023408,51,F,3,Unknown,Single,Fl,91750,No,No,No,Cellular,Businessman,48299,5
790048158,46,F,3,Graduate,Single,Tx,91750,No,No,Yes,Unknown,Retirees,31020,3
790051758,63,M,0,Graduate,Single,Ca,91750,No,Yes,Yes,Cellular,Govt,78815,3
790069233,54,F,3,Uneducated,Single,Fl,91750,Yes,Yes,No,Cellular,Selfemployeed,56546,5
790082508,43,F,4,Graduate,Married,Ca,91750,No,Yes,No,Unknown,Businessman,33654,4
790096533,49,F,0,Unknown,Single,Tx,91750,No,Yes,No,Cellular,Selfemployeed,14975,5
790099758,42,F,2,Graduate,Married,Nj,91750,Yes,No,No,Cellular,Selfemployeed,5225,4
790102008,52,F,3,Graduate,Married,Tx,91750,Yes,No,No,Unknown,Retirees,36256,5
790108908,47,F,4,Uneducated,Single,Ny,91750,No,No,No,Cellular,Govt,48569,4
790112133,46,F,2,Unknown,Married,Ny,91750,No,Yes,No,Cellular,Retirees,59938,3
790115358,26,M,0,High School,Single,Fl,91750,No,Yes,Yes,Cellular,Blue-Collar,69839,4
790119408,46,F,5,Graduate,Single,Ca,91750,No,No,No,Cellular,Retirees,27376,4
790123983,48,F,3,Unknown,Married,Tx,91750,No,Yes,Yes,Telephone,Govt,56797,3
790128033,64,F,0,Unknown,Married,Ca,91750,Yes,No,No,Unknown,Selfemployeed,11539,3
790131033,42,M,2,Unknown,Single,Ny,91750,No,No,No,Cellular,Businessman,157242,4
790134408,40,F,2,High School,Married,Ny,91750,No,No,No,Cellular,Selfemployeed,11165,5
790139583,53,F,3,Unknown,Married,Ca,91750,No,No,No,Cellular,Businessman,59812,4
790141308,46,F,2,Unknown,Married,Ny,91750,No,No,Yes,Cellular,Businessman,62501,5
790145733,43,F,3,Unknown,Single,Ny,91750,Yes,Yes,No,Cellular,Selfemployeed,6550,5
790149483,43,F,4,Graduate,Single,Tx,91750,No,No,No,Cellular,Govt,53318,3
790164408,52,M,3,Graduate,Married,Fl,91750,No,Yes,No,Cellular,Blue-Collar,82361,5
790168083,43,M,3,Graduate,Married,Ny,91750,Yes,Yes,No,Unknown,Businessman,114369,3
790174608,60,F,1,Unknown,Single,Ca,91750,No,Yes,No,Unknown,Selfemployeed,31291,5
790186458,50,F,4,Doctorate,Married,Ny,91750,No,No,No,Cellular,Selfemployeed,14975,4
790201158,58,M,2,Graduate,Married,Fl,91750,No,No,No,Cellular,White-Collar,134377,5
790204983,38,M,2,Graduate,Married,Fl,91750,No,Yes,No,Cellular,White-Collar,65798,5
790221633,49,M,2,Unknown,Married,Tx,91750,No,No,No,Cellular,Blue-Collar,71667,3
790225758,47,F,4,Post-Graduate,Single,Ny,91750,No,Yes,No,Cellular,Retirees,24412,5
791730183,43,M,4,Graduate,Single,Fl,91750,Yes,No,No,Cellular,Businessman,92135,5
791754258,32,M,0,Graduate,Single,Fl,91750,No,Yes,No,Cellular,Retirees,58396,4
791822733,53,M,3,Graduate,Single,Ny,91750,No,Yes,No,Cellular,White-Collar,84658,4
791839233,59,F,1,Graduate,Single,Ny,91750,No,No,Yes,Cellular,Blue-Collar,13487,5
791856033,45,F,3,High School,Married,Ny,91750,No,Yes,No,Cellular,Selfemployeed,5525,4
792098883,55,F,1,Graduate,Single,Ca,91750,No,Yes,No,Cellular,Businessman,40596,4
792139308,59,M,1,Graduate,Single,Ca,91701,No,Yes,Yes,Cellular,Businessman,130029,4
792152283,58,M,3,Graduate,Married,Nj,91750,No,No,No,Cellular,Businessman,166510,3
792272658,36,F,2,Unknown,Single,Fl,91750,No,Yes,No,Cellular,Retirees,41606,5
792300858,60,M,0,Doctorate,Unknown,Ny,91750,Yes,No,No,Cellular,Blue-Collar,52673,5
792345258,55,M,3,Graduate,Married,Ca,91750,No,No,No,Cellular,Retirees,71328,4
792402483,62,F,0,Unknown,Single,Ca,91750,No,Yes,Yes,Cellular,Selfemployeed,55679,4
792524358,43,M,4,Uneducated,Single,Fl,91750,Yes,No,No,Cellular,Blue-Collar,108940,4
792565908,43,F,3,Uneducated,Single,Ca,91750,No,Yes,No,Unknown,Selfemployeed,26036,5
792695808,49,M,0,Doctorate,Married,Ca,91750,Yes,No,Yes,Cellular,Businessman,77813,4
792795933,34,F,4,Graduate,Single,Tx,91750,No,Yes,No,Cellular,Businessman,43550,4
792864858,30,F,0,High School,Single,Mi,91750,No,No,No,Cellular,Selfemployeed,25417,4
792912708,58,F,1,Graduate,Married,Fl,91750,No,No,No,Unknown,Selfemployeed,35335,4
792995808,42,F,1,Graduate,Married,Ca,91750,No,No,No,Unknown,Blue-Collar,37739,5
793015083,49,M,2,Graduate,Single,Fl,91750,Yes,No,No,Cellular,Retirees,64696,3
793059108,44,F,3,Graduate,Married,Mi,91750,No,Yes,No,Cellular,Selfemployeed,2565,5
793222008,64,F,0,Graduate,Married,Fl,91750,No,No,No,Cellular,Govt,20850,5
793269933,34,M,1,High School,Married,Nj,91750,Yes,No,No,Cellular,Businessman,67814,5
793336383,56,M,1,Uneducated,Married,Fl,91750,No,No,No,Cellular,Govt,85253,5
793345008,44,F,2,High School,Married,Tx,91750,Yes,No,No,Cellular,Selfemployeed,56496,5
793355508,39,F,3,Graduate,Single,Ny,91750,No,No,No,Unknown,Retirees,31238,5
793379058,55,M,3,Graduate,Married,Nj,91750,No,No,No,Cellular,White-Collar,92487,3
793395933,34,M,3,Post-Graduate,Single,Tx,91750,Yes,No,No,Cellular,Selfemployeed,53688,4
793412958,48,M,3,Graduate,Married,Ca,91750,No,Yes,No,Cellular,Retirees,59734,5
793428408,45,M,3,Graduate,Married,Fl,91750,No,No,No,Cellular,Govt,96566,5
793449333,51,M,2,Graduate,Single,Fl,91750,No,Yes,Yes,Cellular,Businessman,205228,4
793456983,44,F,3,Post-Graduate,Married,Ny,91750,No,Yes,No,Cellular,Businessman,139578,4
793461933,32,F,1,High School,Married,Tx,91750,No,Yes,No,Cellular,White-Collar,32860,5
793473033,43,F,5,Graduate,Married,Fl,91750,Yes,Yes,No,Cellular,Blue-Collar,12171,5
793543758,47,M,3,Unknown,Single,Ca,91750,Yes,Yes,No,Cellular,Govt,70422,5
793550958,48,F,4,Uneducated,Single,Ca,91750,No,Yes,No,Cellular,Selfemployeed,14975,5
793560033,42,M,4,High School,Single,Fl,91750,Yes,No,No,Cellular,Businessman,233820,5
793581933,60,F,2,Graduate,Married,Tx,91750,Yes,Yes,Yes,Telephone,Businessman,17624,3
793597833,50,M,0,Uneducated,Married,Fl,91750,No,No,No,Cellular,Selfemployeed,63951,5
793608258,36,M,2,High School,Married,Tx,91750,No,No,No,Cellular,Selfemployeed,85031,5
793616883,36,M,2,Graduate,Single,Ca,91750,No,No,No,Cellular,Businessman,95698,3
793625583,53,M,3,Uneducated,Single,Fl,91750,Yes,No,No,Cellular,Retirees,73659,4
793630083,49,F,1,Graduate,Married,Tx,91750,No,Yes,No,Cellular,Selfemployeed,16106,5
793636308,49,F,3,Doctorate,Single,Ca,91750,Yes,No,No,Unknown,Selfemployeed,8250,3
793656633,38,M,4,Uneducated,Married,Tx,91750,Yes,Yes,No,Cellular,White-Collar,93055,5
793678608,49,F,2,Unknown,Single,Tx,91750,No,No,No,Cellular,Businessman,38926,4
793712658,57,F,1,Graduate,Single,Tx,91750,Yes,Yes,No,Cellular,Selfemployeed,16433,5
793717608,56,F,2,Uneducated,Single,Fl,91750,No,Yes,No,Unknown,Businessman,39167,3
793720908,46,F,4,High School,Single,Ca,91750,No,No,No,Unknown,Selfemployeed,39613,3
793736958,39,M,4,High School,Married,Fl,91750,No,No,No,Cellular,Selfemployeed,61057,4
793842558,49,M,3,Uneducated,Single,Ny,91750,No,Yes,Yes,Cellular,Retirees,65847,4
793889508,52,F,3,Graduate,Single,Tx,91750,Yes,No,No,Unknown,Blue-Collar,10514,5
793952133,38,F,2,Unknown,Married,Tx,91750,No,Yes,No,Cellular,Selfemployeed,14975,5
794054058,48,M,2,Post-Graduate,Married,Tx,91750,No,No,No,Unknown,Retirees,47477,5
794068308,36,M,4,Unknown,Single,Nj,91750,Yes,No,No,Cellular,White-Collar,51579,5
794113758,62,M,1,Graduate,Unknown,Tx,91750,No,No,Yes,Cellular,Businessman,16461,4
794124708,34,M,2,High School,Married,Ny,91750,No,No,No,Cellular,Businessman,101682,4
794132808,57,F,1,Unknown,Married,Nj,91750,Yes,No,No,Cellular,Businessman,176223,4
794160408,58,M,4,Graduate,Married,Fl,91750,No,Yes,No,Cellular,White-Collar,76555,5
794172033,50,F,2,High School,Married,Ak,72023,Yes,Yes,No,Unknown,Selfemployeed,26038,4
794191008,33,M,1,Unknown,Married,Ca,91750,Yes,Yes,No,Cellular,Retirees,104738,5
794217108,41,F,2,High School,Married,Ny,91750,Yes,No,Yes,Cellular,Retirees,40532,4
794227308,42,M,3,Graduate,Married,Ca,91750,No,No,No,Cellular,Blue-Collar,65176,4
794253108,38,F,4,Graduate,Married,Nj,91750,Yes,No,No,Cellular,Selfemployeed,43640,5
794273283,54,F,3,Graduate,Single,Tx,91750,Yes,Yes,No,Cellular,Selfemployeed,31725,4
794293908,48,F,2,Doctorate,Married,Ny,91750,Yes,No,No,Unknown,Blue-Collar,32970,4
794340033,54,F,2,Post-Graduate,Married,Ny,91750,No,No,No,Cellular,Blue-Collar,16414,4
794462133,47,F,3,Uneducated,Single,Ca,91750,No,No,No,Unknown,Selfemployeed,14975,5
794475483,49,M,4,High School,Single,Ca,91750,No,Yes,No,Cellular,Blue-Collar,72844,3
794482158,29,M,1,Graduate,Married,Fl,91750,Yes,No,No,Cellular,Govt,105328,3
794485158,46,F,2,Unknown,Married,Ny,91750,No,Yes,No,Cellular,White-Collar,27661,4
794490858,48,M,4,Post-Graduate,Married,Tx,91750,Yes,Yes,No,Cellular,Selfemployeed,77849,5
794494308,49,M,4,Graduate,Single,Ny,91750,No,No,No,Cellular,Businessman,141021,3
794496033,53,F,4,Graduate,Single,Tx,91750,Yes,Yes,No,Telephone,Selfemployeed,11540,4
794498733,42,F,5,High School,Single,Ny,91750,No,No,No,Telephone,Selfemployeed,14975,5
794504658,46,F,2,High School,Married,Ca,91750,No,No,No,Unknown,Selfemployeed,14975,5
794507133,41,F,2,Uneducated,Single,Ny,91750,Yes,Yes,No,Unknown,Businessman,33271,5
794510358,44,F,2,Graduate,Single,Nj,91750,Yes,Yes,Yes,Cellular,Businessman,41569,4
794514108,48,F,3,Graduate,Single,Tx,91750,Yes,Yes,No,Cellular,Govt,48809,5
794516508,54,M,5,High School,Married,Ny,91750,No,Yes,Yes,Cellular,Blue-Collar,80456,4
794524833,42,M,2,Uneducated,Married,Ny,91750,No,No,No,Cellular,Blue-Collar,47457,5
794528283,61,F,0,Unknown,Married,Tx,91750,Yes,No,No,Cellular,Selfemployeed,36884,5
794530608,46,M,3,High School,Married,Ca,90660,No,Yes,No,Unknown,Businessman,127568,4
794540883,45,M,2,Graduate,Married,Tx,91750,No,No,Yes,Telephone,White-Collar,77935,5
794543958,46,F,4,Uneducated,Single,Ny,91750,Yes,No,No,Unknown,Selfemployeed,14975,5
794545983,42,F,4,High School,Married,Ca,91750,No,No,No,Cellular,Blue-Collar,13423,4
794551383,47,M,3,Uneducated,Single,Tx,91750,Yes,No,No,Cellular,Selfemployeed,67550,5
794554683,50,F,0,High School,Unknown,Tx,91750,No,Yes,No,Cellular,Businessman,33599,4
794556333,43,M,2,High School,Married,Tx,91750,Yes,Yes,Yes,Cellular,Govt,96647,3
794558658,41,M,4,High School,Married,Nj,91750,Yes,No,No,Cellular,Govt,78182,4
794560833,44,F,4,High School,Single,Tx,91750,No,Yes,No,Cellular,White-Collar,18370,5
794562783,43,F,3,Graduate,Married,Ca,91750,Yes,Yes,No,Cellular,Govt,29288,5
794567133,51,M,1,Uneducated,Married,Ca,91750,Yes,No,No,Cellular,Businessman,84312,5
794571108,46,M,1,Uneducated,Married,Ny,91750,No,No,Yes,Cellular,White-Collar,74316,5
794573883,45,F,4,Doctorate,Single,Tx,91750,No,Yes,No,Telephone,Businessman,209872,4
794576058,42,M,3,Unknown,Married,Fl,91750,Yes,No,No,Cellular,Businessman,49476,5
794579658,48,F,4,Post-Graduate,Married,Fl,91750,Yes,No,No,Cellular,Businessman,38513,3
794581533,42,M,3,Unknown,Married,Ny,91750,No,Yes,No,Cellular,Selfemployeed,44301,5
794627208,54,F,3,Doctorate,Single,Ny,91750,Yes,No,No,Cellular,Govt,18794,3
794632308,47,F,4,Post-Graduate,Married,Ny,91750,Yes,Yes,No,Unknown,Selfemployeed,14975,3
794637333,53,F,2,High School,Single,Fl,91750,Yes,No,No,Telephone,Blue-Collar,44291,5
794649858,43,F,4,Graduate,Married,Sc,91750,Yes,No,No,Cellular,Selfemployeed,11285,4
794653983,39,M,4,Graduate,Married,Ca,91750,Yes,No,No,Telephone,Blue-Collar,96873,3
794664183,50,F,1,Doctorate,Single,Ca,91750,Yes,No,No,Cellular,Selfemployeed,14975,4
794665608,32,M,0,Post-Graduate,Married,Ny,91750,Yes,No,No,Cellular,Blue-Collar,66000,5
794675058,59,F,2,Post-Graduate,Single,Ca,91750,No,No,No,Unknown,White-Collar,28453,4
794682483,45,F,3,Graduate,Married,Ca,91750,No,Yes,No,Cellular,Govt,34732,5
794692158,48,F,3,Graduate,Married,Tx,91750,Yes,Yes,No,Unknown,Businessman,211378,5
794707083,58,F,0,Graduate,Single,Tx,91750,Yes,No,No,Cellular,Selfemployeed,22046,4
794719983,50,F,3,Uneducated,Married,Ny,91750,Yes,No,No,Unknown,Govt,30137,4
794740458,53,F,1,Unknown,Married,Fl,91750,No,Yes,No,Cellular,White-Collar,149631,4
794771208,39,F,4,Graduate,Single,Ca,91750,Yes,Yes,No,Telephone,Blue-Collar,41095,5
794784633,47,M,3,Uneducated,Married,Ca,91750,No,Yes,No,Cellular,Retirees,64421,3
794818833,42,F,3,Doctorate,Married,Ny,91750,No,No,No,Cellular,Selfemployeed,31307,4
794831733,46,F,1,Graduate,Married,Tx,91750,No,No,No,Telephone,Selfemployeed,12150,5
794843883,30,F,2,Graduate,Single,Ca,91750,Yes,Yes,No,Unknown,Blue-Collar,12294,4
794856033,49,F,5,Graduate,Married,Ca,91750,No,No,No,Cellular,Businessman,57086,5
794866983,59,F,0,Unknown,Single,Tx,91750,No,No,No,Cellular,White-Collar,42593,3
794947683,50,M,0,Uneducated,Married,Ny,91750,Yes,No,No,Cellular,Blue-Collar,67843,3
794962983,46,M,4,Graduate,Single,Ny,91750,Yes,No,No,Unknown,Businessman,176220,4
794965233,45,F,3,High School,Single,Ny,91750,Yes,No,No,Cellular,White-Collar,18628,5
794967408,50,M,2,Graduate,Single,Tx,91750,No,No,No,Cellular,Retirees,43991,5
794977533,41,F,4,Graduate,Unknown,Tx,91750,No,Yes,No,Cellular,Selfemployeed,2565,4
795052083,48,F,1,Uneducated,Single,Ny,91750,Yes,No,Yes,Cellular,Retirees,39492,4
795155433,54,F,2,High School,Married,Tx,91750,Yes,Yes,No,Telephone,Selfemployeed,14975,3
795218883,27,F,0,Graduate,Single,Ca,90250,No,No,No,Unknown,Businessman,210208,4
795232683,51,F,2,Graduate,Married,Tx,91750,Yes,No,No,Unknown,Blue-Collar,14078,3
795237183,38,F,1,Graduate,Unknown,Tx,91750,No,Yes,No,Unknown,White-Collar,20583,4
795266208,42,M,3,Graduate,Married,Va,91750,Yes,No,Yes,Cellular,Businessman,65171,5
795343683,50,M,1,Uneducated,Married,Ca,91750,No,Yes,No,Cellular,Blue-Collar,45525,4
795392433,53,M,4,Unknown,Single,Ca,91750,Yes,No,No,Cellular,Govt,72632,4
795573333,46,F,3,Graduate,Single,Ca,91750,No,No,No,Cellular,White-Collar,51585,4
795599883,48,F,3,Graduate,Single,Ny,91750,No,Yes,No,Unknown,Blue-Collar,28821,3
795613233,54,M,0,Graduate,Single,Ca,91750,No,No,No,Cellular,Blue-Collar,86928,4
795684783,54,F,0,Unknown,Married,Nj,91750,Yes,Yes,No,Unknown,White-Collar,35066,4
795713058,56,F,5,Graduate,Single,Ca,91750,No,Yes,No,Cellular,Selfemployeed,56624,5
795784008,51,F,3,Uneducated,Married,Ny,91750,No,No,No,Cellular,Selfemployeed,14975,5
795795408,37,F,3,Unknown,Single,Fl,91750,Yes,Yes,No,Unknown,Selfemployeed,14975,5
795810633,51,F,1,Graduate,Married,Nv,91750,Yes,No,No,Unknown,Blue-Collar,10471,3
795823383,45,F,5,Graduate,Single,Ca,91750,Yes,Yes,No,Cellular,Businessman,44401,5
795844983,33,M,2,Uneducated,Single,Ny,91750,No,No,No,Cellular,Govt,45253,4
795855258,49,F,4,Graduate,Married,Ca,91750,Yes,Yes,No,Cellular,White-Collar,91271,5
795869583,58,F,1,Graduate,Single,Ny,91750,No,No,No,Cellular,Businessman,205911,5
795904233,43,F,3,High School,Unknown,Ca,91750,No,No,No,Cellular,Selfemployeed,14975,3
795920358,47,F,2,Doctorate,Married,Ny,91750,Yes,Yes,No,Cellular,Govt,31400,3
795979833,43,F,3,Graduate,Married,Ca,91750,No,Yes,Yes,Unknown,Selfemployeed,5525,5
795991758,42,F,3,Graduate,Married,Ca,91750,Yes,Yes,No,Cellular,Blue-Collar,49704,4
795997908,56,F,2,Graduate,Single,Ca,91750,Yes,No,Yes,Unknown,Govt,35570,5
796029483,39,F,3,Doctorate,Unknown,Ny,91750,Yes,Yes,No,Cellular,Retirees,44543,5
796083783,49,F,1,Graduate,Married,Tx,91750,Yes,No,No,Cellular,Selfemployeed,24721,4
796145133,43,M,3,Graduate,Unknown,Ca,91750,No,No,No,Cellular,Selfemployeed,67007,4
796170933,53,F,4,Unknown,Single,Ca,91750,No,Yes,No,Cellular,Businessman,39274,4
796174983,52,M,1,Uneducated,Married,Tx,91750,Yes,Yes,No,Cellular,Selfemployeed,107133,3
796196733,42,M,3,Graduate,Single,Ca,91750,No,Yes,No,Cellular,Blue-Collar,59980,4
796236258,43,F,3,Graduate,Single,Tx,91750,No,Yes,No,Cellular,Retirees,48110,3
796326483,39,M,4,High School,Married,Ca,91750,Yes,Yes,No,Cellular,Blue-Collar,99060,5
796330983,30,M,0,High School,Married,Fl,91750,No,Yes,No,Cellular,White-Collar,78241,4
796336833,55,F,2,High School,Single,Fl,91750,No,No,No,Telephone,Govt,30894,4
796343058,49,F,3,Graduate,Married,Va,91750,Yes,No,Yes,Cellular,Blue-Collar,10933,4
796532958,51,F,3,Graduate,Married,Tx,91750,Yes,Yes,Yes,Cellular,Retirees,19529,3
796544133,55,M,1,Doctorate,Married,Nj,91750,No,Yes,No,Cellular,Govt,64004,4
796791258,49,F,1,Post-Graduate,Single,Ca,91750,Yes,Yes,No,Cellular,Retirees,47410,5
796903083,39,F,2,Uneducated,Married,Ny,91750,Yes,No,No,Cellular,White-Collar,30249,5
796931508,40,F,3,Graduate,Single,Ca,91750,Yes,No,No,Cellular,Govt,30369,5
796990908,49,F,5,Graduate,Married,Il,91750,No,Yes,No,Cellular,Blue-Collar,23835,5
797138883,47,F,3,Graduate,Married,Fl,91750,No,No,No,Cellular,Blue-Collar,46340,3
797150733,44,F,2,Graduate,Married,Tx,91750,No,Yes,No,Cellular,Selfemployeed,15042,4
797166633,31,F,0,High School,Single,Tx,91750,No,Yes,No,Cellular,Businessman,31578,4
797169633,48,F,3,High School,Married,Fl,91750,No,No,No,Unknown,Blue-Collar,34927,4
797218233,45,M,1,Uneducated,Married,Tx,91750,Yes,No,No,Cellular,Businessman,68316,4
797228883,54,F,1,High School,Married,Fl,91750,No,No,No,Cellular,Businessman,165025,5
797232183,58,M,3,Uneducated,Unknown,Ca,91750,No,No,No,Cellular,Blue-Collar,90078,4
797234508,63,M,0,Graduate,Single,Ny,91750,No,No,No,Cellular,Selfemployeed,14975,5
797238108,45,F,3,High School,Single,Wa,91750,No,No,No,Cellular,Blue-Collar,45183,3
797241108,45,M,2,Graduate,Married,Ny,91750,No,No,No,Cellular,Blue-Collar,65524,4
797389758,58,F,2,Graduate,Single,Ny,91750,Yes,No,No,Telephone,Govt,54528,4
797410983,39,M,2,Post-Graduate,Unknown,Tx,91750,Yes,Yes,Yes,Cellular,White-Collar,90096,5
797414733,33,F,3,Graduate,Married,Ca,91750,No,No,No,Cellular,Blue-Collar,27499,5
797466033,56,F,1,Graduate,Married,Tx,91750,No,No,Yes,Cellular,Businessman,33294,4
797468658,37,F,1,Graduate,Single,Nj,91750,Yes,No,No,Unknown,Selfemployeed,14975,4
797488158,43,F,3,Graduate,Single,Tx,91750,No,No,No,Cellular,Selfemployeed,11727,3
797491683,40,F,1,Graduate,Married,Tx,91750,Yes,Yes,No,Cellular,Blue-Collar,23926,5
797495958,40,F,4,Graduate,Single,Tx,91750,No,Yes,No,Cellular,Govt,56214,4
797638383,46,F,3,Graduate,Married,Tx,91750,No,No,No,Cellular,White-Collar,38823,4
797641683,36,F,3,Graduate,Single,Nj,91750,No,No,No,Cellular,Businessman,232465,5
797643708,43,F,3,High School,Unknown,Tx,91750,No,Yes,No,Unknown,White-Collar,15522,5
797666358,43,M,4,Graduate,Single,Ca,91750,No,No,No,Cellular,Businessman,63139,3
797668983,42,M,2,Graduate,Single,Nj,91750,No,Yes,No,Cellular,Blue-Collar,60132,5
797707008,39,F,2,Doctorate,Married,Ca,91750,No,No,No,Unknown,Selfemployeed,5225,4
797743233,37,M,1,Graduate,Single,Ny,91750,No,No,No,Cellular,Blue-Collar,67869,4
797748708,46,M,2,Unknown,Married,Ny,91750,No,Yes,No,Cellular,Blue-Collar,89466,4
797753283,51,F,2,Unknown,Single,Ca,91750,No,No,No,Unknown,Govt,18611,4
797757333,39,M,2,Post-Graduate,Single,Tx,91750,No,No,No,Telephone,Businessman,51893,4
797898858,52,M,1,Graduate,Married,Ny,91750,Yes,No,No,Unknown,White-Collar,102449,5
797998158,64,M,0,Graduate,Single,Ny,91750,No,No,No,Unknown,Businessman,39807,4
798007308,50,F,4,Graduate,Single,Fl,91750,Yes,No,Yes,Unknown,Selfemployeed,8250,3
798011733,41,M,2,Uneducated,Married,Ny,91750,No,No,No,Telephone,Retirees,69166,5
798022683,46,F,4,Graduate,Single,Tx,91750,Yes,Yes,No,Cellular,Govt,28732,3
798030933,53,M,4,Graduate,Unknown,Ca,91750,No,Yes,No,Cellular,Businessman,76513,5
798035358,54,F,3,Graduate,Single,Tx,91750,No,No,No,Unknown,Selfemployeed,10256,4
798041508,42,F,4,Graduate,Unknown,Ca,91750,No,No,No,Cellular,White-Collar,17642,4
798045708,29,M,0,High School,Single,Tx,91750,Yes,No,No,Cellular,Govt,52727,5
798047583,48,M,3,Post-Graduate,Single,Ca,91750,Yes,No,No,Telephone,Selfemployeed,70078,5
798110358,62,F,1,Unknown,Single,Ca,91750,No,Yes,No,Unknown,Selfemployeed,13594,4
798114033,65,M,1,High School,Married,Nj,91750,No,Yes,No,Unknown,White-Collar,36634,5
798120858,50,F,4,Uneducated,Single,Ny,91750,No,No,Yes,Cellular,White-Collar,29582,4
798140283,39,F,1,Graduate,Married,Nj,91750,Yes,No,No,Cellular,Selfemployeed,8250,4
798158808,45,F,1,Doctorate,Single,Ca,91750,No,No,No,Cellular,Selfemployeed,20279,4
798238008,48,M,3,Graduate,Married,Ca,91750,No,No,No,Cellular,Retirees,72475,5
798280683,42,M,3,High School,Unknown,Mo,91750,No,No,No,Telephone,White-Collar,75119,5
798281808,43,M,3,Graduate,Married,Tx,91750,Yes,No,No,Cellular,Businessman,94932,4
798308058,36,M,3,Graduate,Married,Tx,91750,Yes,No,Yes,Cellular,Selfemployeed,61111,4
798451908,45,M,3,Graduate,Married,Ny,91750,Yes,Yes,No,Cellular,White-Collar,119607,3
798457833,44,M,4,Graduate,Single,Ca,91750,No,Yes,No,Cellular,Blue-Collar,67475,5
798473808,35,F,3,Unknown,Single,Ca,91750,No,Yes,No,Cellular,Selfemployeed,8250,5
798481383,52,F,1,Graduate,Single,Fl,91750,No,Yes,No,Cellular,Businessman,31464,4
798489258,45,M,2,Graduate,Single,Fl,91750,Yes,No,No,Cellular,Blue-Collar,100090,4
798546408,36,M,3,Unknown,Unknown,Ny,91750,No,Yes,No,Cellular,Retirees,104814,4
798553158,52,M,4,Graduate,Married,Ca,91750,No,No,No,Telephone,White-Collar,99567,5
798558783,39,F,3,Post-Graduate,Married,Ny,91750,Yes,No,No,Cellular,Businessman,41161,5
798687258,46,M,4,High School,Single,Tx,91750,No,No,No,Cellular,Govt,51286,3
798699033,52,M,1,High School,Single,Tx,91750,No,Yes,No,Cellular,Businessman,60799,5
798717783,45,M,3,Graduate,Married,Ny,91750,No,Yes,Yes,Cellular,Retirees,76690,5
798769458,50,F,3,Graduate,Single,Ca,91750,No,No,No,Cellular,Selfemployeed,34193,5
798773208,52,F,1,Unknown,Single,Fl,91750,No,Yes,Yes,Cellular,Retirees,40478,4
798777708,57,M,2,High School,Single,Fl,91750,Yes,No,No,Cellular,Blue-Collar,96670,5
798783858,47,M,3,Graduate,Single,Fl,91750,No,Yes,No,Cellular,White-Collar,123663,3
798786333,41,F,3,Unknown,Unknown,Ny,91750,Yes,Yes,No,Unknown,Govt,36998,5
798788958,41,F,3,High School,Married,Tx,91750,No,No,No,Cellular,Businessman,170693,5
798792408,31,F,1,Graduate,Married,Ca,91750,Yes,Yes,No,Cellular,Selfemployeed,2565,5
798796233,54,F,3,Doctorate,Married,Ny,91750,No,No,No,Cellular,Selfemployeed,14975,3
798917883,59,M,2,Graduate,Single,Tx,91750,No,No,No,Cellular,Govt,71347,4
798962058,45,F,0,Unknown,Single,Ny,91750,Yes,No,No,Unknown,Govt,16701,5
798972183,48,M,2,Graduate,Single,Fl,91750,No,Yes,Yes,Unknown,Blue-Collar,29035,5
798983508,46,F,4,Graduate,Married,Ca,91750,Yes,Yes,No,Cellular,Selfemployeed,14975,4
798988983,62,F,0,Graduate,Single,Fl,91750,Yes,Yes,No,Unknown,Blue-Collar,38756,5
798996183,59,F,1,Uneducated,Married,Tx,91750,No,Yes,Yes,Cellular,Retirees,49413,3
799000008,45,F,2,Graduate,Unknown,Ca,91750,No,No,No,Cellular,Blue-Collar,10577,5
799011558,36,F,4,Doctorate,Single,Ca,90025,Yes,No,No,Unknown,Businessman,222523,4
799020258,35,M,5,Uneducated,Single,Ny,91750,No,No,No,Cellular,White-Collar,78630,5
799026633,39,F,2,Graduate,Married,Ny,91750,Yes,Yes,No,Cellular,Retirees,28622,4
799031958,50,F,2,Graduate,Married,Tx,91750,No,No,No,Telephone,Selfemployeed,50916,5
799224108,43,F,3,Uneducated,Single,Tx,91750,No,Yes,No,Cellular,Selfemployeed,14975,5
799239033,41,F,3,Unknown,Single,Ca,91750,No,Yes,No,Cellular,Govt,24731,4
799242033,59,M,1,Graduate,Single,Ny,91750,Yes,Yes,No,Cellular,Retirees,70313,5
799249833,33,F,2,Graduate,Married,Tx,91750,No,No,No,Cellular,Selfemployeed,33045,3
799253808,39,M,4,Post-Graduate,Married,Ca,90706,Yes,No,No,Cellular,White-Collar,144402,3
799468083,39,M,4,Uneducated,Married,Fl,91750,No,Yes,No,Unknown,Businessman,165743,4
799471833,41,F,4,High School,Married,Ny,91750,No,Yes,Yes,Unknown,Blue-Collar,14049,4
799475658,61,M,0,Unknown,Single,Nj,91750,No,No,No,Telephone,Selfemployeed,65807,5
799486158,62,F,0,Unknown,Married,Nj,91750,Yes,No,No,Cellular,Govt,54132,4
799498158,64,F,0,Graduate,Married,Ny,91750,No,No,No,Unknown,Selfemployeed,14975,4
799700208,55,F,2,Graduate,Married,Tx,91750,Yes,Yes,No,Cellular,Retirees,41177,4
799707858,51,F,2,Doctorate,Married,Nj,91750,No,No,Yes,Telephone,Retirees,39079,5
799711833,51,M,0,High School,Unknown,Ny,91750,No,No,Yes,Cellular,Govt,108907,5
799717458,58,F,1,Unknown,Married,Ma,91750,No,Yes,No,Cellular,Govt,47916,5
799720158,53,M,3,Uneducated,Married,Ny,91750,No,Yes,No,Cellular,Govt,75581,5
799723908,65,M,0,Graduate,Married,Fl,91750,No,Yes,No,Unknown,Blue-Collar,10144,4
799731033,48,F,2,Graduate,Single,Ny,91750,No,Yes,No,Cellular,Govt,34349,5
799825758,65,M,0,High School,Married,Ny,91750,No,No,No,Telephone,Blue-Collar,10629,5
800164083,46,F,3,Unknown,Married,Ny,91750,No,Yes,No,Cellular,Blue-Collar,42742,5
800758233,56,M,2,Doctorate,Single,Fl,91750,Yes,No,No,Cellular,Blue-Collar,115738,3
800869758,51,F,3,High School,Single,Tx,91750,No,No,No,Unknown,White-Collar,46414,5
801036033,59,F,2,Graduate,Single,Tx,91750,No,No,No,Cellular,Businessman,239639,4
801037833,34,M,1,High School,Single,Ca,91750,Yes,No,No,Cellular,Businessman,54642,4
801048483,43,F,4,Graduate,Married,Tx,91750,No,No,No,Cellular,Govt,31165,3
801053208,46,M,2,Graduate,Married,Ca,91750,No,No,Yes,Cellular,Selfemployeed,53442,5
801056358,54,F,1,Uneducated,Single,Ny,91750,Yes,Yes,Yes,Cellular,Blue-Collar,43639,4
801064833,36,M,0,Graduate,Married,Fl,91750,Yes,Yes,Yes,Cellular,White-Collar,109176,5
801083133,61,F,0,Uneducated,Single,Ca,91750,No,Yes,No,Cellular,Blue-Collar,40476,3
801363633,37,M,2,Graduate,Married,Tx,91750,Yes,Yes,No,Cellular,White-Collar,95558,4
801366783,47,M,2,Graduate,Married,Fl,91750,No,Yes,No,Cellular,White-Collar,57981,5
801369258,65,F,1,Graduate,Single,Nj,91750,No,No,No,Cellular,Selfemployeed,15266,4
801373833,63,F,2,Graduate,Married,Fl,91750,No,No,No,Cellular,Govt,33559,5
801380808,44,M,2,Unknown,Married,Ca,91750,Yes,No,No,Unknown,Govt,80985,3
801383808,47,F,4,High School,Unknown,Mi,91750,Yes,Yes,No,Cellular,Selfemployeed,9535,3
801385458,38,M,1,Uneducated,Single,Tx,91750,No,No,Yes,Cellular,Retirees,47728,4
801497508,59,M,0,High School,Single,Il,91750,Yes,Yes,No,Cellular,White-Collar,53547,3
801499908,43,F,5,Uneducated,Single,Ca,91750,No,No,No,Unknown,Selfemployeed,10433,5
801502008,53,F,0,High School,Single,Ny,91750,Yes,No,No,Telephone,Businessman,160924,4
801508383,52,M,2,Graduate,Single,Fl,91750,Yes,Yes,No,Cellular,White-Collar,65446,5
801516183,63,M,1,Unknown,Single,Ny,91750,Yes,No,No,Cellular,Retirees,70799,5
801518958,63,M,0,Uneducated,Single,Ca,91723,No,No,No,Cellular,Govt,51486,5
801700233,46,F,4,Unknown,Single,Tx,91750,No,No,No,Cellular,Blue-Collar,35021,4
801709308,47,M,3,Uneducated,Single,Ny,91750,No,Yes,No,Cellular,Retirees,68665,5
801715383,49,F,4,Graduate,Married,Fl,91750,Yes,No,No,Unknown,Businessman,23695,3
801726933,44,F,5,Unknown,Single,Nj,91750,No,No,No,Cellular,Businessman,18058,3
801728658,48,F,3,Post-Graduate,Married,Fl,91750,No,No,No,Cellular,Selfemployeed,15524,5
801783108,44,M,1,Unknown,Married,Ny,91750,No,No,No,Cellular,Blue-Collar,79971,5
801786483,49,M,4,High School,Married,Ca,91750,Yes,Yes,No,Cellular,White-Collar,86258,3
801977733,53,M,2,Unknown,Single,Tx,91750,Yes,No,No,Cellular,Businessman,64697,4
801989733,32,M,1,High School,Married,Ny,91750,No,No,No,Cellular,Govt,45220,4
801994458,54,F,2,Graduate,Married,Ny,91750,No,No,Yes,Unknown,Businessman,35234,4
802002858,35,F,4,Graduate,Married,Ca,91750,Yes,No,Yes,Cellular,Selfemployeed,2565,4
802013583,63,F,1,Uneducated,Single,Tx,91750,No,No,No,Cellular,Selfemployeed,7865,5
802031583,26,F,0,Unknown,Single,Nj,91750,Yes,Yes,No,Telephone,Blue-Collar,40913,4
802087683,38,F,4,Graduate,Married,Ca,91750,No,Yes,No,Cellular,Retirees,27861,5
802101858,53,M,2,Uneducated,Married,Ca,91750,Yes,Yes,No,Cellular,Selfemployeed,54033,4
802243458,46,F,3,Graduate,Married,Ca,91750,Yes,No,No,Cellular,White-Collar,15322,5
802247658,53,F,1,Graduate,Single,Mn,91750,No,Yes,No,Unknown,Govt,30447,5
802276683,47,F,4,Unknown,Unknown,Ca,91750,No,Yes,No,Cellular,Businessman,15919,5
802449933,57,F,3,Graduate,Married,Tx,91750,Yes,No,No,Cellular,Businessman,189681,3
802455633,46,M,1,High School,Single,Ny,91750,Yes,No,No,Cellular,Blue-Collar,59307,5
802460433,35,M,2,Unknown,Single,Tx,91750,No,No,No,Cellular,Selfemployeed,30585,4
802464033,57,F,2,High School,Single,Tx,91750,No,Yes,No,Unknown,Businessman,17612,5
802600233,41,F,4,Uneducated,Unknown,Tx,91750,No,No,No,Cellular,White-Collar,50967,3
802622733,47,F,4,Graduate,Single,Ca,91010,Yes,No,No,Cellular,Businessman,185228,3
802662858,43,F,4,Graduate,Single,Fl,91750,No,Yes,No,Unknown,White-Collar,38006,4
802666083,29,F,0,High School,Single,Ca,91750,No,No,No,Cellular,Retirees,39942,4
802668333,54,F,1,Graduate,Single,Ca,91750,No,Yes,No,Cellular,Selfemployeed,38173,3
802673508,46,F,2,Graduate,Married,Fl,91750,No,Yes,No,Cellular,Govt,27916,5
802675983,53,M,1,Graduate,Single,Fl,91750,No,No,No,Unknown,Blue-Collar,108583,3
802795608,46,M,0,High School,Single,Ca,91750,No,No,No,Unknown,Selfemployeed,88492,4
802817358,55,F,3,Graduate,Single,Ny,91750,No,Yes,No,Telephone,Govt,25626,4
802822833,45,F,2,Uneducated,Unknown,Ny,91750,No,No,No,Cellular,Govt,43092,5
802834158,50,F,1,High School,Married,Ca,91750,No,Yes,No,Telephone,Businessman,18733,5
802856508,57,F,1,Graduate,Married,Ny,91750,No,Yes,No,Cellular,White-Collar,59167,4
802867683,29,M,2,Graduate,Married,Fl,91750,No,Yes,No,Cellular,White-Collar,51245,5
802875333,50,F,3,Unknown,Single,Ca,91750,Yes,No,No,Cellular,Blue-Collar,36797,5
802878408,43,M,4,High School,Married,Ca,91750,Yes,No,No,Cellular,Businessman,50714,3
802884933,56,F,3,Uneducated,Single,Ny,91750,No,No,No,Cellular,Selfemployeed,14975,3
802890333,35,F,2,Unknown,Single,Ny,91750,Yes,No,No,Telephone,Selfemployeed,14975,4
802937058,38,M,0,Graduate,Married,Fl,91750,No,Yes,No,Cellular,Govt,64642,4
803026008,49,F,3,Unknown,Single,Ca,91750,No,No,No,Unknown,Govt,37665,4
803028858,58,F,1,Doctorate,Married,Ny,91750,Yes,No,No,Unknown,Retirees,20447,3
803043933,44,F,2,High School,Married,Nj,91750,No,No,No,Cellular,Selfemployeed,14975,5
803097333,55,M,1,Graduate,Single,Fl,91750,No,No,No,Cellular,White-Collar,92745,5
803113383,38,F,4,Graduate,Married,Ny,91750,Yes,No,No,Cellular,Selfemployeed,23790,5
803115258,44,F,3,Doctorate,Married,Ak,99504,No,Yes,No,Cellular,Govt,21724,3
803124408,44,F,2,Graduate,Unknown,Fl,91750,No,No,No,Unknown,White-Collar,18616,5
803132733,38,F,1,High School,Single,Ca,91750,Yes,Yes,No,Unknown,Selfemployeed,12150,5
803148033,42,F,2,Uneducated,Married,Nj,91750,No,Yes,No,Cellular,Selfemployeed,14975,3
803197833,53,F,3,Graduate,Married,Tx,91750,Yes,No,No,Cellular,Blue-Collar,39639,5
803205258,33,F,3,Unknown,Single,Ny,91750,No,Yes,No,Cellular,Govt,58665,3
803214108,50,M,2,Uneducated,Single,Tx,91750,Yes,No,No,Cellular,Govt,91626,3
803216433,43,M,3,Graduate,Single,Fl,91750,No,No,No,Cellular,Businessman,79042,4
803231058,50,M,4,Unknown,Married,Ny,91750,Yes,No,No,Cellular,Govt,56645,4
803319633,43,F,2,Graduate,Married,Tx,91750,No,Yes,No,Cellular,Blue-Collar,46848,5
803335008,41,F,3,Unknown,Married,Tx,91750,No,Yes,Yes,Telephone,Businessman,147098,3
803339583,45,M,3,Graduate,Unknown,Fl,91750,No,No,No,Cellular,Businessman,84460,5
803342358,65,M,0,High School,Single,Ny,91750,No,No,No,Unknown,Govt,36833,4
803347908,62,F,1,Unknown,Single,Ia,91750,No,Yes,Yes,Unknown,Blue-Collar,25724,5
803355408,47,M,4,Unknown,Married,Tx,91750,No,No,No,Cellular,White-Collar,79385,3
803366358,50,F,4,High School,Single,Tx,91750,No,No,No,Unknown,Selfemployeed,11480,5
803380383,39,M,4,High School,Married,Fl,91750,Yes,Yes,No,Cellular,Selfemployeed,71058,4
803398983,61,M,0,Post-Graduate,Single,Ny,91750,Yes,Yes,No,Cellular,White-Collar,79741,3
803406558,67,M,1,Uneducated,Married,Va,91750,Yes,Yes,Yes,Cellular,Govt,52931,4
803408733,44,F,2,Doctorate,Married,Ca,91750,Yes,Yes,Yes,Cellular,Selfemployeed,28054,5
803415183,47,M,4,Unknown,Unknown,Tx,91750,Yes,No,No,Cellular,Retirees,70983,5
803418783,42,M,3,Doctorate,Single,Ca,91750,Yes,No,No,Cellular,Selfemployeed,73968,3
803421108,55,M,3,Uneducated,Single,Ca,90275,Yes,Yes,Yes,Telephone,Businessman,165920,3
803587533,48,F,1,High School,Single,Fl,91750,No,No,No,Unknown,Businessman,36329,5
803595858,47,F,3,Unknown,Single,Tx,91750,Yes,Yes,Yes,Unknown,Selfemployeed,1250,4
803606958,39,F,2,Graduate,Married,Ny,91750,No,Yes,No,Cellular,Businessman,45838,4
803648508,51,F,3,Post-Graduate,Married,Fl,91750,No,No,No,Telephone,Selfemployeed,14975,5
803652633,44,M,2,Graduate,Unknown,Ny,91750,Yes,No,No,Cellular,Businessman,93963,4
803655333,45,M,3,Graduate,Unknown,Tx,91750,No,No,No,Cellular,White-Collar,119437,3
803657133,52,M,2,High School,Single,Fl,91750,No,No,No,Cellular,Govt,76870,4
803665983,50,F,0,High School,Single,Fl,91750,Yes,No,No,Cellular,Businessman,43171,5
803776533,30,F,0,Graduate,Married,Ny,91750,No,Yes,No,Unknown,Businessman,21817,5
803796708,49,F,3,High School,Single,Ny,91750,Yes,Yes,No,Cellular,Selfemployeed,6550,4
803800533,52,F,3,Unknown,Single,Ca,91750,No,Yes,No,Cellular,Govt,33141,3
803805483,49,M,1,High School,Unknown,Ca,91750,No,No,No,Unknown,Govt,74514,5
803833608,33,F,2,Graduate,Single,Tx,91750,Yes,Yes,No,Unknown,Selfemployeed,11841,5
803880108,61,M,0,High School,Single,Ct,91750,Yes,Yes,No,Cellular,Govt,64298,4
803938908,31,M,0,High School,Married,Tx,91750,No,No,No,Cellular,Retirees,68161,3
803952408,53,F,1,High School,Married,Tx,91750,No,Yes,No,Cellular,Selfemployeed,46834,4
803957508,50,F,2,Graduate,Single,Tx,91750,No,Yes,No,Unknown,Blue-Collar,13970,3
803963808,41,F,3,Post-Graduate,Unknown,Ca,91750,No,Yes,No,Cellular,Govt,41695,5
803968233,46,M,5,High School,Married,Fl,91750,No,Yes,No,Unknown,Businessman,130328,5
803973483,46,M,4,Graduate,Married,Nj,91750,Yes,Yes,No,Cellular,Selfemployeed,65289,5
803977008,39,F,2,Unknown,Married,Ny,91750,Yes,No,No,Telephone,Selfemployeed,14975,4
804045933,47,M,3,High School,Single,Fl,91750,No,No,No,Cellular,White-Collar,56423,4
804158583,32,M,2,Graduate,Single,Tx,91750,Yes,No,No,Unknown,Businessman,234897,5
804310758,38,F,4,Graduate,Married,Tx,91750,No,Yes,No,Cellular,Selfemployeed,20040,5
804337233,57,M,1,Graduate,Married,Oh,91750,Yes,Yes,Yes,Unknown,Govt,83746,5
804344733,65,M,0,Unknown,Single,Ca,91750,Yes,No,No,Cellular,Retirees,56986,5
804359133,45,F,2,High School,Single,Fl,91750,Yes,Yes,No,Cellular,Selfemployeed,14975,5
804371733,60,M,0,High School,Single,Ny,91750,No,No,No,Cellular,Retirees,46968,5
804403908,48,F,2,Unknown,Married,Tx,91750,No,No,Yes,Cellular,Govt,16168,3
804413508,55,M,2,Doctorate,Married,Ca,91750,No,No,Yes,Telephone,Retirees,65772,5
804415083,40,F,2,Unknown,Single,Tx,91750,No,Yes,No,Unknown,White-Collar,30655,3
804424383,49,F,2,Uneducated,Married,Tx,91750,No,Yes,No,Cellular,Businessman,18197,5
804426858,41,F,2,Graduate,Single,Tx,91750,No,No,No,Cellular,White-Collar,19506,4
804428958,55,M,1,Graduate,Single,Ut,91750,Yes,Yes,No,Cellular,Govt,81007,4
804431283,52,F,2,Graduate,Single,Tx,91750,Yes,No,No,Cellular,Businessman,179489,4
804434058,33,M,3,Graduate,Married,Ca,91750,No,No,No,Cellular,Blue-Collar,73123,4
804437658,44,M,0,Uneducated,Married,Nj,91750,No,No,No,Cellular,Businessman,37157,5
804462633,41,F,2,Unknown,Unknown,Ca,91750,No,Yes,Yes,Cellular,Govt,24954,5
804481608,42,F,5,Graduate,Married,Fl,91750,Yes,No,No,Cellular,Selfemployeed,32784,4
804577833,51,F,2,Unknown,Unknown,Ca,91750,Yes,Yes,No,Cellular,Govt,46596,5
804583833,49,F,1,Graduate,Married,Ca,91750,Yes,Yes,No,Cellular,Selfemployeed,57554,4
804595158,39,F,3,Uneducated,Married,Tx,91750,Yes,Yes,No,Cellular,Selfemployeed,6550,4
804598908,48,F,1,Graduate,Married,Ca,91750,No,No,No,Cellular,White-Collar,23975,5
804601833,42,M,2,Graduate,Married,Nj,91750,No,Yes,No,Unknown,Retirees,104155,4
804606033,62,F,0,Doctorate,Single,Fl,91750,No,Yes,No,Cellular,Businessman,34882,4
804610908,48,F,1,Unknown,Single,Ny,91750,No,Yes,No,Unknown,Blue-Collar,36126,3
804649833,37,F,2,Graduate,Married,Ca,91750,No,Yes,Yes,Cellular,Govt,37366,4
804658833,41,F,4,Graduate,Single,Ca,91750,Yes,Yes,No,Cellular,Govt,49377,4
804661083,47,M,3,Unknown,Married,Tx,91750,Yes,No,No,Cellular,Selfemployeed,79692,5
804663258,53,F,2,Graduate,Single,Ca,91750,No,Yes,No,Cellular,Retirees,18170,5
804668658,50,F,2,High School,Married,Tx,91750,Yes,No,No,Unknown,Selfemployeed,5225,4
804670758,50,F,4,High School,Single,Tx,91750,No,Yes,No,Cellular,Businessman,225646,4
804673308,41,F,3,Graduate,Single,Tx,91750,No,No,No,Cellular,Blue-Collar,17290,4
804708633,46,M,4,High School,Married,Ny,91750,No,No,No,Cellular,Businessman,73424,4
804820233,43,F,4,Graduate,Married,Ny,91750,No,No,No,Unknown,Businessman,32283,5
804829533,42,F,3,High School,Single,Tx,91750,No,No,No,Cellular,Selfemployeed,33113,4
804833058,40,F,4,Unknown,Single,Fl,91750,No,Yes,No,Cellular,Businessman,16611,5
804840033,35,F,1,Unknown,Married,Tx,91750,Yes,No,No,Cellular,Govt,19227,4
804847308,36,M,2,Graduate,Married,Nj,91750,No,No,No,Cellular,Selfemployeed,47755,5
804867183,44,F,3,Graduate,Married,Ca,91750,No,No,No,Cellular,Govt,30473,5
805229133,32,M,0,High School,Single,Ny,91750,No,Yes,No,Cellular,White-Collar,66302,3
805254708,32,F,1,Graduate,Single,Ca,91750,No,No,No,Cellular,Govt,23880,4
805259733,54,F,0,Unknown,Married,Tx,91750,Yes,No,No,Cellular,Selfemployeed,14975,4
805261983,58,F,1,Graduate,Single,Tx,91750,Yes,Yes,No,Cellular,Businessman,32956,5
805282908,57,M,2,Uneducated,Single,Tx,91750,Yes,Yes,No,Cellular,Blue-Collar,60463,3
805313808,45,F,5,Uneducated,Married,Ca,91750,Yes,Yes,No,Unknown,White-Collar,26899,4
805453908,36,M,2,Doctorate,Single,Fl,91750,No,No,No,Cellular,Blue-Collar,58977,3
805458933,48,M,3,Graduate,Married,Ny,91750,No,Yes,No,Cellular,Govt,75671,5
805461783,44,M,1,Graduate,Single,Fl,91750,No,No,No,Cellular,Govt,76163,4
805485933,38,M,1,Unknown,Married,Ny,91750,Yes,Yes,No,Unknown,Businessman,165242,5
805516608,31,M,1,Graduate,Married,Nj,91750,No,No,No,Cellular,Blue-Collar,107590,3
805522758,43,F,4,Graduate,Unknown,Ca,91750,Yes,Yes,Yes,Cellular,Selfemployeed,14975,4
805524708,32,F,0,High School,Married,Fl,91750,No,No,No,Cellular,Blue-Collar,30481,4
805534608,49,F,4,Graduate,Single,Ca,91750,Yes,No,No,Cellular,White-Collar,42649,4
805543158,45,F,3,High School,Married,Ca,91750,No,Yes,No,Unknown,Selfemployeed,14975,5
805546308,42,M,4,High School,Unknown,Ca,91750,Yes,Yes,No,Telephone,Govt,68513,4
806140383,52,F,2,Graduate,Married,Nj,91750,No,Yes,No,Unknown,Blue-Collar,31242,4
806160108,32,F,1,High School,Single,Ca,91750,No,Yes,No,Unknown,Blue-Collar,12095,5
806165208,56,F,2,Unknown,Married,Ak,72023,No,Yes,No,Unknown,Selfemployeed,8250,5
806170158,41,F,4,Graduate,Single,Tx,91750,No,Yes,No,Cellular,Retirees,44767,5
806179683,44,M,2,Unknown,Single,Fl,91750,No,Yes,No,Cellular,Govt,62307,4
806189658,41,M,4,High School,Single,Ca,91750,Yes,Yes,Yes,Cellular,Govt,71809,3
806219808,58,M,0,High School,Married,Ny,91750,No,No,No,Telephone,Businessman,94492,5
806226933,30,F,2,Post-Graduate,Single,Fl,91750,No,No,No,Cellular,Blue-Collar,39982,4
806232408,43,M,4,Uneducated,Single,Ca,91750,No,Yes,No,Cellular,Selfemployeed,47846,4
806244183,58,M,2,High School,Married,Tx,91750,No,Yes,No,Cellular,White-Collar,68047,4
806250783,42,F,4,Unknown,Single,Fl,91750,Yes,Yes,No,Cellular,White-Collar,32052,4
806256333,49,F,3,Graduate,Single,Ny,91750,No,Yes,No,Cellular,Businessman,15712,4
806264958,57,F,3,Unknown,Unknown,Ny,91750,Yes,No,Yes,Cellular,Selfemployeed,35539,5
806392908,52,M,3,High School,Single,Ny,91750,Yes,No,Yes,Cellular,Blue-Collar,10109,4
806407308,37,F,2,Post-Graduate,Single,Tx,91750,No,No,No,Unknown,Selfemployeed,20644,3
806415183,46,M,3,Graduate,Married,Ny,91750,No,No,No,Cellular,Businessman,67514,5
806428908,44,M,3,Graduate,Married,Fl,91750,Yes,No,No,Telephone,Businessman,91434,3
806432433,43,M,4,Unknown,Married,Fl,91750,No,No,No,Cellular,Businessman,109906,5
806619333,58,M,2,Uneducated,Single,Ny,91750,No,Yes,No,Cellular,Govt,94712,4
806624208,39,F,4,Graduate,Single,Ny,91750,Yes,No,No,Unknown,Selfemployeed,5525,4
806634783,33,F,1,Graduate,Single,Ny,91750,Yes,Yes,No,Cellular,Blue-Collar,55777,4
806637558,52,F,4,Graduate,Married,Ca,91750,Yes,Yes,No,Unknown,Selfemployeed,14975,4
806641683,55,F,1,Doctorate,Married,Ne,91750,No,Yes,No,Unknown,Govt,37176,5
806649333,43,M,3,Graduate,Single,Fl,91750,Yes,No,No,Unknown,White-Collar,147814,4
806652483,45,M,4,Unknown,Married,Fl,91750,Yes,Yes,No,Telephone,Govt,60073,5
806656083,35,F,2,Graduate,Married,Fl,91750,No,No,No,Cellular,Retirees,49183,4
806694333,49,M,3,High School,Married,Ca,91750,Yes,No,No,Cellular,Businessman,112603,3
806752533,58,F,0,Unknown,Married,Tx,91750,Yes,Yes,No,Cellular,Blue-Collar,29573,5
806824908,56,M,1,Graduate,Married,Nj,91750,No,No,No,Cellular,Blue-Collar,75263,5
806889633,37,F,1,Graduate,Single,Ny,91750,No,No,No,Cellular,Govt,33439,4
806894133,38,F,2,High School,Single,Ca,91750,No,No,No,Cellular,Govt,29515,3
806900508,52,F,1,Graduate,Married,Ca,91750,Yes,Yes,No,Cellular,Govt,52252,5
806908608,45,M,2,Uneducated,Married,Tx,91750,Yes,Yes,No,Cellular,Blue-Collar,45738,3
806914158,48,F,3,High School,Married,Tx,91750,No,Yes,No,Unknown,Selfemployeed,22135,5
806917983,40,M,2,Unknown,Single,Fl,91750,Yes,No,No,Unknown,Businessman,205774,4
806947308,45,F,4,Graduate,Married,Ca,91750,Yes,Yes,No,Cellular,Selfemployeed,14975,4
806970033,56,M,0,Graduate,Single,Tx,91750,Yes,Yes,Yes,Cellular,Businessman,69818,4
806989008,39,F,2,Graduate,Married,Tx,91750,Yes,Yes,No,Cellular,Govt,50508,5
806992533,36,M,3,Unknown,Married,Ny,91750,No,Yes,No,Unknown,White-Collar,124439,5
806995683,46,F,2,Graduate,Unknown,Ca,91750,No,Yes,No,Cellular,Blue-Collar,33203,4
807014583,35,F,2,Graduate,Married,Fl,91750,Yes,Yes,No,Cellular,White-Collar,58026,3
807030858,60,F,2,High School,Married,Tx,91750,No,No,No,Cellular,Selfemployeed,15979,5
807044958,52,F,2,High School,Single,Ca,91750,Yes,No,No,Unknown,Businessman,22924,4
807136758,44,F,3,High School,Unknown,Ca,91750,No,Yes,No,Cellular,Businessman,26984,5
807137808,45,F,2,High School,Single,Ca,91750,Yes,No,No,Cellular,Blue-Collar,38005,4
807141183,54,F,2,Graduate,Married,Fl,91750,No,No,No,Unknown,Blue-Collar,18643,5
807149058,46,M,4,Graduate,Single,Ny,91750,Yes,Yes,No,Telephone,White-Collar,76686,5
807157833,32,M,0,Uneducated,Single,Fl,91750,No,No,No,Cellular,Blue-Collar,56419,4
807161508,58,F,0,High School,Married,Fl,91750,Yes,No,No,Cellular,White-Collar,32616,3
807165033,47,F,4,Graduate,Single,Ny,91750,Yes,No,No,Telephone,Selfemployeed,38431,5
807173358,54,M,3,High School,Married,Ny,91750,No,Yes,No,Unknown,Blue-Collar,99001,4
807209808,45,F,2,High School,Married,Nj,91750,Yes,No,No,Cellular,White-Collar,41363,3
807226683,57,F,1,High School,Married,Tx,91750,No,No,No,Unknown,Selfemployeed,14975,3
807237783,54,M,1,Graduate,Married,Ca,91750,Yes,Yes,No,Cellular,Businessman,52333,5
807244983,56,F,1,Graduate,Single,Ny,91750,Yes,No,No,Unknown,Selfemployeed,24875,5
807275733,45,F,4,Unknown,Single,Ny,91750,No,Yes,No,Unknown,White-Collar,28587,5
807349158,31,F,0,Graduate,Single,Ny,91750,No,No,No,Cellular,Blue-Collar,24104,5
807369708,65,M,0,High School,Single,Ny,91750,No,Yes,No,Telephone,Businessman,47476,5
807379833,51,F,3,Unknown,Single,Ca,91750,No,No,No,Cellular,Retirees,29759,4
807393558,35,M,2,Uneducated,Single,Fl,91750,Yes,Yes,No,Cellular,Govt,71094,5
807426033,49,F,0,Doctorate,Unknown,Tx,91750,No,No,Yes,Unknown,Selfemployeed,37655,4
807523008,50,F,1,Uneducated,Married,Tx,91750,No,Yes,Yes,Cellular,Govt,28183,4
807584958,42,F,5,High School,Married,Ca,91750,No,No,No,Cellular,Selfemployeed,17698,4
807587433,63,F,0,Uneducated,Single,Ca,91750,No,No,Yes,Cellular,Blue-Collar,23847,3
807589908,38,F,3,High School,Single,Tx,91750,Yes,No,No,Cellular,Retirees,52914,3
807593058,55,F,2,Graduate,Single,Ca,91750,No,Yes,No,Unknown,Retirees,19984,3
807596358,53,M,2,Unknown,Married,Ny,91750,Yes,No,No,Cellular,Selfemployeed,72580,4
807600633,45,M,3,Graduate,Married,Fl,91750,No,No,No,Cellular,Blue-Collar,98894,4
807604233,50,M,2,High School,Married,Ca,91750,No,Yes,Yes,Cellular,White-Collar,91268,4
807722658,55,M,2,Post-Graduate,Single,Ca,91750,No,No,No,Cellular,White-Collar,77236,4
807915408,32,M,0,Post-Graduate,Married,Tx,91750,No,No,No,Cellular,Govt,64538,3
807946833,55,F,1,Graduate,Single,Tx,91750,No,No,No,Cellular,Selfemployeed,32334,5
807964908,62,M,1,Graduate,Married,Nj,91750,No,No,No,Cellular,Selfemployeed,14975,4
807971658,57,M,2,Unknown,Single,Ca,91701,No,No,No,Unknown,Businessman,145800,4
807977808,57,M,1,High School,Single,Ca,90250,No,Yes,No,Telephone,White-Collar,136576,4
807986133,48,F,4,Graduate,Single,Fl,91750,No,Yes,Yes,Cellular,Blue-Collar,12315,4
807990108,50,F,2,Graduate,Married,Fl,91750,Yes,Yes,No,Telephone,White-Collar,35422,5
808045833,53,F,3,Uneducated,Married,Ca,90250,Yes,No,No,Unknown,Businessman,224579,5
808169358,37,F,3,Graduate,Married,Tx,91750,No,Yes,No,Unknown,Selfemployeed,14975,4
808273533,51,F,3,High School,Married,Fl,91750,Yes,Yes,No,Cellular,White-Collar,20790,5
808279158,38,M,2,Graduate,Married,Ca,91750,No,Yes,No,Cellular,Businessman,117352,3
808281483,44,M,3,Post-Graduate,Married,Tx,91750,No,Yes,No,Cellular,Selfemployeed,55159,4
808284783,43,F,3,High School,Unknown,Ny,91750,Yes,No,Yes,Cellular,Retirees,19028,5
808287408,63,M,2,High School,Married,Fl,91750,Yes,Yes,No,Cellular,Businessman,114207,4
808292958,54,F,1,Doctorate,Unknown,Ca,91750,Yes,No,Yes,Unknown,Selfemployeed,29509,4
808527183,60,M,1,High School,Single,Tx,91750,No,Yes,No,Cellular,White-Collar,73524,4
808669083,56,M,4,Unknown,Married,Fl,91750,No,Yes,Yes,Cellular,White-Collar,89957,5
808675083,43,M,4,High School,Married,Tx,91750,No,Yes,No,Cellular,White-Collar,43842,5
808681158,65,F,0,High School,Single,Pa,91750,Yes,No,No,Unknown,Selfemployeed,12150,5
808705758,50,F,2,Graduate,Single,Tx,91750,No,No,No,Telephone,Selfemployeed,14975,4
808732458,44,F,3,Uneducated,Single,Ca,91750,Yes,No,No,Cellular,White-Collar,32900,5
808743558,43,M,4,Uneducated,Married,Ny,91750,No,No,Yes,Cellular,Retirees,79058,5
808747233,44,F,3,Uneducated,Married,Tx,91750,No,Yes,No,Cellular,Blue-Collar,29998,5
808750458,44,F,2,Post-Graduate,Married,Ca,91750,No,No,Yes,Cellular,Retirees,23290,5
808753758,48,F,1,Uneducated,Unknown,Tx,91750,No,Yes,No,Cellular,Govt,50528,5
808756458,48,F,3,Graduate,Single,Ny,91750,Yes,Yes,No,Cellular,Selfemployeed,42845,4
808796208,46,F,2,Graduate,Married,Tx,91750,No,Yes,No,Cellular,Selfemployeed,14975,3
808891983,55,F,2,Graduate,Married,Fl,91750,No,Yes,No,Cellular,White-Collar,48489,4
808897683,45,F,3,Unknown,Single,Tx,91750,No,No,No,Cellular,Selfemployeed,35630,4
808903308,52,F,3,Graduate,Single,Ca,91750,Yes,No,No,Cellular,Govt,29007,5
808909008,49,F,2,Graduate,Married,Nj,91750,No,Yes,No,Unknown,Selfemployeed,14272,4
808950108,53,M,0,Unknown,Single,Ca,91750,Yes,Yes,No,Cellular,Govt,60855,5
808964433,60,F,1,Doctorate,Single,Ny,91750,Yes,Yes,No,Cellular,Selfemployeed,14975,4
808967883,45,M,2,Graduate,Married,Tx,91750,No,No,Yes,Cellular,Businessman,92084,3
808981608,45,F,3,Unknown,Married,Ny,91750,No,Yes,No,Cellular,Selfemployeed,53997,5
809068983,43,M,3,Graduate,Single,Tx,91750,No,Yes,No,Cellular,Blue-Collar,96710,3
809071083,36,M,2,Uneducated,Married,Nj,91750,No,No,No,Cellular,Selfemployeed,70005,4
809092458,37,M,3,Doctorate,Single,Fl,91750,No,Yes,No,Cellular,Businessman,95840,5
809127858,44,M,3,Graduate,Single,Ny,91750,Yes,No,No,Cellular,White-Collar,79187,5
809147283,51,F,1,Graduate,Married,Tx,91750,No,Yes,Yes,Cellular,Businessman,197655,5
809164083,36,F,1,Unknown,Single,Ca,91750,No,No,No,Cellular,Selfemployeed,14319,4
809169858,56,M,1,Uneducated,Married,Ny,91750,No,Yes,Yes,Cellular,Govt,107252,4
809276808,44,M,5,Graduate,Married,Fl,91750,Yes,Yes,No,Cellular,Govt,73879,3
809290308,39,M,1,Graduate,Married,Tx,91750,No,No,No,Unknown,Retirees,18361,5
809292483,41,F,3,Unknown,Married,Ca,91750,Yes,Yes,No,Cellular,Selfemployeed,10340,5
809296308,58,F,0,Graduate,Single,Ny,91750,Yes,Yes,No,Unknown,Selfemployeed,11733,4
809307108,51,F,1,Graduate,Married,Ny,91750,Yes,Yes,No,Cellular,Blue-Collar,53754,4
809311758,49,M,3,Uneducated,Unknown,Ny,91750,Yes,Yes,Yes,Cellular,Selfemployeed,62038,4
809320908,42,M,3,Post-Graduate,Married,Ny,91750,No,Yes,No,Cellular,Govt,52222,5
809342208,42,F,2,Doctorate,Married,Fl,91750,No,No,No,Cellular,Selfemployeed,20032,5
809358708,62,F,1,Graduate,Single,Tx,91750,No,No,No,Unknown,White-Collar,38192,5
809360883,36,F,3,Graduate,Single,Tx,91750,No,Yes,No,Unknown,Businessman,35177,4
809363958,52,M,1,Graduate,Single,Fl,91750,Yes,No,Yes,Cellular,Govt,52641,5
809378133,55,M,1,Graduate,Single,Tx,91750,No,Yes,No,Cellular,White-Collar,82924,5
809425533,33,M,1,Graduate,Single,Ny,91750,No,No,No,Cellular,Businessman,111135,4
809440008,38,F,1,Graduate,Single,Tx,91750,No,No,Yes,Cellular,Selfemployeed,31745,4
809445858,40,M,3,Graduate,Single,Tx,91750,No,Yes,No,Cellular,White-Collar,89370,3
809452383,60,M,2,Graduate,Single,Ca,91750,Yes,Yes,No,Cellular,Govt,76002,5
809459733,43,M,2,High School,Single,Ny,91750,No,Yes,No,Unknown,Businessman,129222,4
809464608,57,F,3,Graduate,Single,Tx,91750,No,No,Yes,Cellular,Selfemployeed,31547,4
809538783,47,M,1,Uneducated,Married,Ny,91750,No,Yes,No,Telephone,Govt,50528,4
809540733,51,M,2,Uneducated,Single,Nj,91750,Yes,No,No,Telephone,Businessman,163579,4
809559933,50,F,4,Graduate,Single,Tx,91750,No,No,Yes,Cellular,Selfemployeed,29167,5
809565183,40,F,5,Graduate,Unknown,Tx,91750,Yes,Yes,No,Cellular,Retirees,31188,4
809582058,62,M,1,Uneducated,Married,Nj,91750,Yes,No,No,Cellular,Selfemployeed,60939,4
809589783,43,M,4,Graduate,Single,Ca,90029,No,Yes,No,Unknown,White-Collar,147581,3
809599158,39,F,3,High School,Single,Tx,91750,No,Yes,No,Unknown,Selfemployeed,14975,4
809608533,51,F,4,Graduate,Married,Ca,91750,Yes,No,No,Unknown,Selfemployeed,14129,5
809616108,55,F,3,Graduate,Married,Ny,91750,No,No,No,Unknown,Blue-Collar,32690,4
809620833,53,F,2,High School,Single,Tx,91750,No,Yes,Yes,Unknown,Retirees,25531,5
809626983,29,F,1,Graduate,Married,Sc,91750,Yes,Yes,No,Cellular,Govt,32510,3
809631483,43,M,3,Unknown,Married,Fl,91750,Yes,Yes,No,Cellular,Businessman,63157,5
809797158,42,F,2,High School,Single,Tx,91750,No,Yes,No,Unknown,Retirees,39478,4
809809008,36,M,2,Graduate,Married,Ny,91750,Yes,Yes,No,Cellular,Businessman,69033,4
809811858,62,F,0,Unknown,Married,Ca,91750,Yes,No,No,Cellular,Govt,29251,5
809818008,38,F,1,Graduate,Single,Fl,91750,No,Yes,No,Unknown,White-Collar,25106,4
809825358,41,F,2,Doctorate,Married,Tx,91750,No,Yes,No,Cellular,Selfemployeed,7865,4
809844108,35,M,0,Doctorate,Single,Ny,91750,No,No,No,Cellular,Blue-Collar,77770,5
809846283,37,F,2,Unknown,Married,Ca,91750,No,No,No,Cellular,White-Collar,51997,5
809849358,52,F,3,Post-Graduate,Single,Ny,91750,Yes,No,Yes,Cellular,Blue-Collar,31796,4
809855808,38,F,1,High School,Married,Tx,91750,No,Yes,No,Cellular,Blue-Collar,12149,4
809937933,56,F,1,Graduate,Unknown,Ca,91750,Yes,Yes,No,Cellular,Selfemployeed,59766,3
809941233,49,F,4,Doctorate,Single,Ny,91750,No,No,Yes,Cellular,Selfemployeed,12776,3
809951133,35,F,2,Graduate,Married,Tx,91750,Yes,Yes,No,Unknown,Govt,21755,4
809954133,35,M,3,Uneducated,Married,Ny,91750,No,Yes,No,Cellular,White-Collar,96203,3
809959683,50,F,1,Graduate,Married,Fl,91750,No,No,No,Cellular,Blue-Collar,16353,3
809962908,55,F,3,Graduate,Single,Ny,91750,No,No,No,Telephone,Retirees,18302,5
809966058,52,M,0,Unknown,Married,Fl,91750,No,No,No,Cellular,Businessman,69002,4
809967783,60,F,2,Graduate,Married,Ca,91750,No,Yes,Yes,Cellular,Selfemployeed,23250,5
809976033,53,F,2,Post-Graduate,Single,Nv,91750,Yes,No,No,Unknown,Selfemployeed,14975,4
809978733,50,M,2,Graduate,Married,Tx,91750,No,No,Yes,Cellular,Retirees,61269,4
809984133,33,F,3,Graduate,Married,Ca,91750,No,No,No,Cellular,Govt,31960,4
809990883,45,F,4,Unknown,Married,Ca,91750,No,Yes,No,Cellular,Selfemployeed,20552,5
810040908,50,F,5,Post-Graduate,Married,Ca,90025,Yes,No,No,Cellular,Businessman,231576,5
810201783,43,F,4,Uneducated,Married,Fl,91750,No,No,No,Cellular,Selfemployeed,32041,5
810220833,37,F,3,High School,Married,Tx,91750,Yes,Yes,Yes,Telephone,Selfemployeed,14975,4
810261633,53,F,2,High School,Single,Ny,91750,Yes,Yes,No,Cellular,Businessman,193105,4
810271083,44,F,3,Unknown,Married,Tx,91750,Yes,No,No,Cellular,Selfemployeed,22759,4
810321933,46,F,2,Graduate,Single,Ca,91750,No,No,No,Cellular,White-Collar,18037,5
810347208,42,F,4,Uneducated,Single,Ny,91750,No,No,No,Cellular,Blue-Collar,12047,3
810449883,36,F,3,High School,Married,Ca,91750,Yes,Yes,No,Unknown,Selfemployeed,11022,5
810493458,45,F,3,Graduate,Unknown,Nj,91750,No,Yes,Yes,Cellular,Selfemployeed,59935,3
810545733,50,M,3,Uneducated,Married,Mn,91750,No,No,No,Unknown,Retirees,54366,4
810586833,36,F,0,Unknown,Married,Ca,91750,No,No,No,Cellular,Businessman,37254,5
810667158,49,F,2,High School,Married,Ca,91750,Yes,No,No,Cellular,Blue-Collar,58467,4
810789708,61,M,0,Post-Graduate,Single,Tx,91750,No,No,No,Cellular,White-Collar,69776,3
810856833,56,F,3,Graduate,Married,Ca,91750,No,No,No,Cellular,Govt,18264,4
810868758,44,F,2,Uneducated,Single,Ny,91750,No,Yes,No,Cellular,Businessman,26400,5
810875958,53,F,4,Graduate,Married,Ca,91750,No,No,No,Cellular,Blue-Collar,28173,4
810974958,55,F,1,Graduate,Married,Ca,91750,No,Yes,Yes,Cellular,Businessman,27616,4
810986883,46,M,2,Uneducated,Unknown,Ny,91750,Yes,No,No,Cellular,Retirees,79204,4
811005858,54,F,2,Doctorate,Single,Ca,91750,No,No,No,Cellular,Govt,33503,5
811013658,43,F,5,Graduate,Single,Mi,91750,Yes,No,No,Cellular,Selfemployeed,35598,3
811035483,44,F,3,Graduate,Married,Ca,91750,No,No,No,Unknown,Selfemployeed,14975,3
811076883,50,M,1,Graduate,Married,Fl,91750,No,No,No,Cellular,White-Collar,91644,5
811081083,60,F,1,Graduate,Single,Ny,91750,Yes,No,No,Cellular,Selfemployeed,59107,4
811095483,36,F,4,Unknown,Single,Ca,91750,Yes,No,No,Unknown,Selfemployeed,14975,5
811111083,35,F,2,Graduate,Single,Ca,91750,No,No,No,Cellular,Blue-Collar,14537,5
811140933,41,M,4,Graduate,Unknown,Nj,91750,No,Yes,No,Cellular,Govt,96094,4
811457058,35,F,4,High School,Married,Ca,91750,No,Yes,No,Cellular,Businessman,18680,5
811463283,64,F,0,Doctorate,Married,Fl,91750,No,Yes,No,Cellular,Blue-Collar,36006,5
811467708,40,F,5,Graduate,Married,Ca,91750,Yes,Yes,No,Unknown,Businessman,26464,5
811475733,42,F,2,Graduate,Unknown,Ca,91750,Yes,Yes,Yes,Unknown,Retirees,27405,3
811527933,42,F,3,Uneducated,Married,Ny,91750,No,No,No,Telephone,Blue-Collar,24988,5
811532208,55,F,3,Graduate,Single,Fl,91750,No,No,Yes,Cellular,White-Collar,39546,5
811534983,43,F,4,Graduate,Married,Ca,91750,No,No,No,Cellular,Blue-Collar,18917,5
811554708,42,F,5,High School,Married,Wa,53010,No,No,Yes,Cellular,White-Collar,39360,5
811571733,50,F,0,Uneducated,Married,Ca,91750,Yes,Yes,No,Cellular,Blue-Collar,30965,3
811604133,36,F,0,Uneducated,Single,Ny,91750,No,Yes,No,Unknown,Selfemployeed,6550,3
811697958,29,M,0,Unknown,Married,Nj,91750,Yes,No,No,Cellular,Selfemployeed,63126,4
811700058,46,M,4,Graduate,Single,Nj,91750,Yes,No,No,Cellular,Blue-Collar,79693,4
811705233,60,M,0,Uneducated,Married,Tx,91750,No,Yes,No,Cellular,Govt,50262,4
811713408,56,M,3,High School,Single,Fl,91750,No,No,No,Cellular,Selfemployeed,84367,5
811721133,47,F,3,Graduate,Married,Tx,91750,No,Yes,Yes,Unknown,Selfemployeed,20297,4
811762383,34,M,4,Post-Graduate,Single,Ny,91750,No,No,No,Cellular,Businessman,85014,4
811775883,46,M,2,Uneducated,Single,Ny,91750,No,Yes,No,Cellular,Govt,76105,5
811793433,58,F,2,Uneducated,Unknown,Ny,91750,No,Yes,Yes,Cellular,Businessman,198849,4
811889808,44,M,5,High School,Married,Ca,91750,No,No,No,Cellular,Selfemployeed,102430,3
811898133,48,F,1,Graduate,Single,Ca,91750,Yes,No,No,Unknown,Selfemployeed,12082,4
811907583,55,F,2,Uneducated,Married,Ca,91750,Yes,Yes,No,Cellular,Retirees,54876,5
811912608,45,M,3,Unknown,Married,Nj,91750,No,No,Yes,Unknown,Retirees,92221,4
811915383,55,F,1,High School,Single,Ny,91750,No,No,No,Unknown,White-Collar,29263,5
811942983,34,M,3,High School,Married,Nj,91750,Yes,Yes,No,Cellular,White-Collar,80291,4
811965558,52,M,3,Graduate,Married,Tx,91750,Yes,Yes,No,Unknown,White-Collar,118907,3
811970808,37,F,2,High School,Married,Fl,91750,No,Yes,No,Cellular,Selfemployeed,37961,3
811974483,52,M,2,Graduate,Married,Ca,91750,No,Yes,No,Cellular,Businessman,93661,4
811980858,50,F,1,Post-Graduate,Married,Ca,91750,No,No,No,Cellular,Selfemployeed,14975,3
811989858,47,F,2,Graduate,Single,Ca,91750,Yes,Yes,No,Cellular,Govt,38031,5
812019933,47,M,3,Graduate,Married,Tx,91750,No,Yes,No,Cellular,Blue-Collar,16027,4
812089383,48,M,2,Doctorate,Single,Tx,91750,No,Yes,No,Cellular,Selfemployeed,61917,3
812218908,30,F,0,Graduate,Married,Fl,91750,No,Yes,No,Unknown,Govt,33349,4
812222208,44,M,3,Graduate,Married,Ut,91750,No,No,No,Unknown,White-Collar,96487,4
812224983,31,M,0,Graduate,Married,Tx,91750,Yes,Yes,Yes,Cellular,Blue-Collar,110407,5
812230308,41,M,4,Uneducated,Married,Tx,91750,No,Yes,No,Cellular,Businessman,114549,5
812235108,49,F,1,Uneducated,Married,Ny,91750,Yes,No,No,Cellular,Retirees,56878,4
812247033,27,F,0,Graduate,Unknown,Ny,91750,No,No,No,Unknown,Blue-Collar,35908,4
812406183,39,F,5,Graduate,Single,Tx,91750,No,No,No,Cellular,Blue-Collar,23525,3
812408058,46,M,4,Graduate,Single,Ny,91750,No,Yes,No,Cellular,White-Collar,108249,5
812411058,39,F,5,Graduate,Married,Fl,91750,No,No,Yes,Unknown,Govt,31528,4
812420358,60,F,0,Unknown,Single,Tx,91750,No,No,No,Cellular,Selfemployeed,5225,5
812441358,48,F,3,Unknown,Married,Fl,91750,No,No,No,Cellular,Blue-Collar,31299,5
812443458,46,M,3,Unknown,Single,Tx,91750,No,No,No,Cellular,Businessman,107951,3
812446158,30,M,0,Graduate,Married,Nj,91750,Yes,No,No,Cellular,Businessman,82252,4
812449758,46,F,2,Unknown,Single,Ny,91750,Yes,No,No,Cellular,Retirees,22000,3
812453283,58,F,3,Unknown,Married,Ny,91750,No,No,No,Unknown,White-Collar,137926,5
812465958,44,M,5,High School,Single,Ca,91750,No,Yes,No,Cellular,Blue-Collar,87591,5
812488608,63,M,1,Uneducated,Married,Tx,91750,Yes,No,Yes,Cellular,Govt,85028,4
812493033,46,M,4,High School,Married,Fl,91750,Yes,No,No,Cellular,Businessman,93062,4
812501358,39,M,1,Uneducated,Married,Fl,91750,No,Yes,No,Cellular,Blue-Collar,82109,4
812534958,56,M,3,Graduate,Married,Fl,91750,No,Yes,Yes,Unknown,Businessman,114465,5
812597508,35,F,1,High School,Married,Tx,91750,No,No,Yes,Unknown,Retirees,22611,5
812618883,56,M,2,High School,Married,Ny,91750,No,Yes,Yes,Unknown,White-Collar,107725,4
812627208,45,F,4,Graduate,Married,Tx,91750,Yes,No,No,Cellular,Selfemployeed,10361,3
812653383,25,M,2,High School,Married,Fl,91750,No,Yes,No,Cellular,Blue-Collar,75809,4
812671758,35,F,1,High School,Married,Fl,91750,Yes,Yes,No,Cellular,Retirees,27892,4
812785158,45,F,3,Graduate,Single,Ny,91750,Yes,Yes,Yes,Cellular,Blue-Collar,57995,4
812788233,47,F,4,Graduate,Single,Ca,91750,Yes,Yes,No,Unknown,White-Collar,23504,4
812794983,54,M,2,Graduate,Married,Ny,91750,Yes,Yes,No,Cellular,Govt,109176,4
812801958,44,F,3,Graduate,Married,Ny,91750,Yes,Yes,No,Cellular,White-Collar,27274,4
812809083,53,F,2,Graduate,Single,Tx,91750,Yes,No,No,Cellular,White-Collar,30404,4
812956983,39,F,1,Graduate,Single,Ny,91750,No,No,No,Cellular,Govt,37058,4
812973708,42,F,4,Uneducated,Married,Tx,91750,Yes,Yes,Yes,Cellular,Businessman,35729,3
812979408,41,F,3,Uneducated,Married,Ny,91750,Yes,No,Yes,Unknown,Selfemployeed,27893,5
813053733,35,F,4,Uneducated,Married,Ca,91750,Yes,No,No,Telephone,White-Collar,34302,4
813153108,46,M,2,Graduate,Married,Tx,91750,No,Yes,Yes,Unknown,Businessman,174082,5
813182658,45,M,3,Graduate,Married,Ca,91750,No,No,No,Cellular,Selfemployeed,60789,4
813200058,53,F,2,Graduate,Single,Ca,91750,No,Yes,No,Telephone,Selfemployeed,14975,4
813213558,48,F,4,High School,Married,Ny,91750,No,Yes,No,Cellular,Businessman,40814,3
813230208,34,M,3,Uneducated,Married,Nj,91750,No,No,No,Cellular,Govt,74150,5
813234108,44,F,2,Doctorate,Single,Ca,91750,Yes,No,No,Cellular,Businessman,44627,5
813240408,65,M,1,Graduate,Single,Ny,91750,No,Yes,No,Cellular,Blue-Collar,10037,3
813247083,54,F,2,Unknown,Married,Ca,91750,No,No,No,Telephone,Blue-Collar,12387,3
813261408,52,F,2,Graduate,Married,Ca,91750,Yes,No,No,Cellular,White-Collar,37491,3
813338733,48,M,4,High School,Unknown,Fl,91750,No,No,No,Cellular,Retirees,64398,4
813380058,59,F,1,Uneducated,Married,Tx,91750,Yes,Yes,No,Cellular,Businessman,39169,5
813427833,48,M,2,High School,Single,Tx,91750,No,Yes,Yes,Telephone,Businessman,79337,5
813435108,48,M,1,Uneducated,Married,Ca,91750,No,Yes,No,Telephone,White-Collar,75570,4
813449508,36,F,3,Graduate,Married,Fl,91750,Yes,Yes,No,Cellular,Selfemployeed,28389,4
813453408,47,F,3,Unknown,Single,Fl,91750,No,Yes,Yes,Cellular,Selfemployeed,11011,5
813469458,61,M,1,Graduate,Single,Ca,91750,Yes,Yes,No,Cellular,Retirees,22812,5
813499458,36,F,3,Uneducated,Single,Fl,91750,No,Yes,No,Telephone,Govt,22077,3
813573333,36,F,2,Graduate,Married,Ny,91750,Yes,No,No,Cellular,Blue-Collar,12372,4
813752433,55,F,3,Graduate,Single,Tx,91750,Yes,Yes,No,Unknown,Retirees,27768,3
813755658,28,M,0,High School,Single,Fl,91750,Yes,No,No,Telephone,Selfemployeed,39252,5
813764283,51,F,3,Unknown,Unknown,Nj,91750,No,Yes,No,Telephone,Businessman,221101,5
813804783,48,M,4,Graduate,Married,Ny,91750,Yes,No,Yes,Cellular,Selfemployeed,60232,3
813807258,40,M,4,Unknown,Married,Tx,91750,No,No,No,Cellular,Govt,73563,3
813810333,33,F,1,Doctorate,Single,Fl,91750,Yes,Yes,No,Cellular,Govt,31677,5
813814008,53,F,2,Graduate,Single,Ma,91750,Yes,No,No,Cellular,Selfemployeed,11074,5
813890883,45,F,4,High School,Married,Ca,91750,No,Yes,No,Cellular,Retirees,42567,4
813895458,35,M,3,Graduate,Single,Wa,91750,Yes,Yes,No,Cellular,Businessman,71177,5
813901458,51,M,4,Graduate,Single,Ny,91750,No,No,No,Cellular,Businessman,191224,5
813905508,37,F,5,High School,Single,Nj,91750,Yes,No,No,Cellular,White-Collar,41205,5
813915933,43,F,3,Graduate,Single,Fl,91750,Yes,Yes,No,Cellular,Blue-Collar,13197,5
813952233,50,F,2,Uneducated,Single,Nj,91750,Yes,No,No,Cellular,Selfemployeed,13514,3
813961233,56,F,2,Graduate,Married,Nj,91750,No,No,No,Unknown,Businessman,28036,4
813964383,46,F,5,Graduate,Married,Ny,91750,No,No,No,Cellular,Retirees,29891,3
813967983,48,M,1,Uneducated,Unknown,Fl,91750,Yes,No,No,Cellular,Blue-Collar,64201,5
813971283,39,F,1,Uneducated,Unknown,Ny,91750,No,Yes,No,Unknown,Retirees,39403,4
813990483,39,F,1,Graduate,Single,Mi,91750,Yes,No,Yes,Unknown,Selfemployeed,14975,5
814086333,44,F,3,Graduate,Married,Ny,91750,No,Yes,No,Unknown,Selfemployeed,14975,5
814091058,46,F,3,Graduate,Married,Ca,91750,No,Yes,No,Telephone,Blue-Collar,28470,5
814092858,45,M,2,High School,Married,Ny,91750,No,No,No,Cellular,Govt,59329,5
814181433,57,M,1,High School,Married,Tx,91750,No,No,No,Telephone,Retirees,54925,3
814191333,48,F,4,Unknown,Unknown,Fl,91750,Yes,Yes,No,Cellular,Govt,22589,4
814195758,40,M,3,Uneducated,Married,Az,90019,No,No,No,Telephone,Retirees,72374,4
814219008,54,F,3,Unknown,Single,Ca,91750,No,Yes,No,Cellular,Govt,46040,3
814312308,56,F,1,Post-Graduate,Married,Ca,91750,No,Yes,No,Unknown,Blue-Collar,14037,5
814364808,51,F,3,Uneducated,Single,Ca,91750,No,Yes,No,Cellular,White-Collar,30956,3
814459833,48,F,4,High School,Married,Tx,91750,No,No,No,Cellular,Businessman,34330,4
814471983,38,F,4,Unknown,Single,Fl,91750,No,No,No,Cellular,Selfemployeed,14975,4
814483608,54,F,4,Post-Graduate,Unknown,Tx,91750,No,No,No,Unknown,Businessman,17238,4
814489683,39,F,4,Uneducated,Single,Ca,91750,No,Yes,No,Unknown,Businessman,30422,3
814497483,43,F,2,Graduate,Married,Ca,91750,No,Yes,No,Unknown,Selfemployeed,14975,4
814513008,36,F,2,High School,Single,Ca,91750,No,Yes,No,Cellular,Selfemployeed,14975,4
814529508,41,F,2,Uneducated,Married,Ca,91750,No,No,No,Cellular,White-Collar,50414,4
814571058,42,F,4,Unknown,Married,Ny,91750,No,No,No,Cellular,Blue-Collar,29492,4
814586958,62,M,0,Graduate,Married,Tx,91750,No,No,No,Cellular,Selfemployeed,71592,5
814590483,52,M,2,High School,Single,Tx,91750,Yes,Yes,No,Cellular,Businessman,120016,4
814593858,36,F,1,Graduate,Married,Tx,91750,Yes,No,Yes,Cellular,Blue-Collar,14826,4
814611633,38,M,3,Graduate,Single,Fl,91750,No,No,No,Cellular,White-Collar,51911,5
814752558,53,F,1,High School,Married,Ca,91750,No,Yes,No,Cellular,Blue-Collar,28912,3
814760358,47,M,4,Unknown,Unknown,Tx,91750,No,Yes,No,Cellular,Govt,107673,5
814765533,43,F,4,Uneducated,Married,Ny,91750,No,Yes,No,Cellular,Govt,34000,3
814776033,26,F,0,High School,Single,Ny,91750,Yes,No,No,Unknown,Govt,31192,4
814785108,30,M,0,Graduate,Married,Ny,91750,No,Yes,Yes,Cellular,Blue-Collar,64296,5
814829583,51,M,3,Graduate,Married,Ca,91750,No,No,No,Cellular,Govt,79694,3
814833408,42,F,3,Unknown,Married,Fl,91750,Yes,Yes,No,Unknown,Selfemployeed,14975,4
814840833,44,F,2,Unknown,Single,Tx,91750,No,Yes,No,Telephone,Govt,26494,4
814845933,41,M,4,Unknown,Married,Tx,91750,No,No,No,Cellular,White-Collar,39481,4
814852533,65,M,1,High School,Single,Ia,91750,No,No,No,Cellular,Selfemployeed,14975,5
814987983,45,M,4,Uneducated,Single,Ca,91750,No,Yes,No,Cellular,Retirees,80148,3
814989933,46,M,4,Graduate,Married,Ny,91750,Yes,Yes,No,Cellular,Govt,100190,4
814995933,45,F,3,Doctorate,Single,Ca,91750,Yes,Yes,No,Cellular,Selfemployeed,14975,5
815001108,26,F,1,High School,Single,Ca,91750,No,No,No,Cellular,Govt,39237,5
815015283,61,F,1,Graduate,Unknown,Tx,91750,No,Yes,No,Cellular,Blue-Collar,47873,4
815062383,45,F,4,High School,Married,Tx,91750,No,No,No,Cellular,Selfemployeed,18391,4
815072283,52,M,2,Unknown,Married,Tx,91750,Yes,Yes,No,Cellular,Businessman,93535,3
815078433,40,M,2,High School,Single,Fl,91750,Yes,Yes,No,Cellular,Businessman,130258,4
815085708,45,F,3,High School,Married,Fl,91750,No,No,No,Cellular,Businessman,17244,5
815088483,41,F,5,Unknown,Married,Ca,91750,No,No,No,Cellular,Govt,43996,4
815091333,44,M,3,Graduate,Single,Ny,91750,Yes,No,No,Cellular,Govt,74778,3
815104608,45,F,3,Graduate,Unknown,Fl,91750,Yes,No,No,Cellular,Blue-Collar,33747,5
815230458,53,M,1,Uneducated,Married,Ny,91750,No,Yes,No,Cellular,Businessman,154012,5
815240358,54,F,4,High School,Married,Tx,91750,Yes,No,Yes,Cellular,Retirees,36659,3
815253708,38,F,3,Graduate,Single,Ca,91750,No,Yes,No,Cellular,Businessman,51669,4
815288583,46,M,3,Graduate,Married,Tx,91750,No,Yes,No,Cellular,Businessman,28611,4
815299833,45,F,4,Uneducated,Single,Tx,91750,No,No,No,Unknown,White-Collar,25817,4
815308683,45,F,4,Post-Graduate,Single,Tx,91750,No,Yes,No,Unknown,Businessman,34750,4
815315058,54,F,4,Graduate,Single,Ny,91750,Yes,Yes,No,Telephone,Selfemployeed,29043,5
815320383,60,F,0,High School,Married,Tx,91750,No,No,No,Cellular,Blue-Collar,31525,3
815324433,57,M,3,Graduate,Single,Ca,91750,No,No,No,Cellular,Govt,53480,5
815353083,53,F,3,Doctorate,Married,Tx,91750,No,No,No,Unknown,Businessman,17174,5
815472108,50,F,3,Graduate,Married,Tx,91750,Yes,No,No,Cellular,Selfemployeed,11481,4
815484783,57,F,2,Graduate,Married,Ca,91750,No,Yes,Yes,Cellular,Retirees,16002,5
815498733,48,M,4,Graduate,Single,Ca,91750,No,Yes,No,Cellular,Businessman,105887,4
815500983,37,F,2,Unknown,Single,Fl,91750,Yes,Yes,No,Unknown,Blue-Collar,17235,5
815504583,53,F,4,Graduate,Married,Ny,91750,Yes,Yes,Yes,Unknown,Govt,24654,4
815510883,41,F,3,Graduate,Married,Ca,91750,Yes,Yes,No,Unknown,Selfemployeed,30141,3
815515158,29,M,0,Graduate,Married,Fl,91750,Yes,No,No,Cellular,Selfemployeed,54883,4
815520333,53,M,3,Graduate,Single,Ca,90250,No,Yes,No,Unknown,White-Collar,132215,3
815525508,61,M,1,High School,Married,Ar,72058,Yes,Yes,No,Cellular,Selfemployeed,44604,4
815539233,56,F,2,High School,Married,Ca,91750,No,Yes,No,Cellular,Selfemployeed,9535,4
815582358,36,M,3,Uneducated,Married,Ca,91750,Yes,No,Yes,Unknown,Businessman,117065,4
815589558,53,M,4,Graduate,Single,Ny,91750,Yes,Yes,No,Cellular,Govt,50153,4
815596608,41,M,3,Graduate,Single,Ca,91750,Yes,No,No,Cellular,Selfemployeed,71034,5
815598858,54,M,3,Graduate,Married,Tx,91750,No,No,Yes,Cellular,Govt,48196,3
815613033,54,M,2,Graduate,Married,Nj,91750,Yes,No,No,Cellular,White-Collar,159788,4
815727183,47,F,4,Graduate,Single,Nj,91750,No,Yes,No,Unknown,White-Collar,31462,3
815756058,58,M,1,Graduate,Married,Ny,91750,Yes,No,No,Cellular,Blue-Collar,76680,5
815761908,32,F,1,Unknown,Single,Nj,91750,No,Yes,No,Cellular,Selfemployeed,41047,4
815767983,41,M,4,Unknown,Married,Fl,91750,Yes,Yes,No,Cellular,Selfemployeed,82306,5
815772333,40,F,2,Unknown,Single,Ny,91750,Yes,Yes,No,Cellular,Retirees,48985,4
815789883,49,M,3,Graduate,Unknown,Ca,91750,No,No,No,Cellular,White-Collar,75674,4
815812683,42,M,2,Unknown,Single,Tx,91750,Yes,No,No,Cellular,Retirees,92177,4
815826708,39,F,2,Uneducated,Married,Fl,91750,No,No,No,Cellular,Businessman,168628,4
815830083,45,M,3,Uneducated,Married,Ny,91750,No,Yes,No,Cellular,Selfemployeed,55279,5
815838633,44,F,3,High School,Single,Tx,91750,No,Yes,No,Cellular,Blue-Collar,17872,5
815840283,47,F,3,Unknown,Married,Tx,91750,No,Yes,No,Unknown,Businessman,228636,3
815845758,54,F,3,Graduate,Married,Ny,91750,Yes,Yes,No,Unknown,Blue-Collar,12331,5
815851233,52,F,1,Uneducated,Married,Ca,91750,No,No,No,Unknown,Selfemployeed,14975,4
815860008,43,M,3,Graduate,Married,Fl,91750,Yes,No,Yes,Cellular,Govt,93526,5
815908908,45,F,4,Graduate,Married,Ny,91750,Yes,Yes,No,Unknown,Businessman,30747,4
816013383,51,F,2,Doctorate,Married,Fl,91750,Yes,No,No,Unknown,Selfemployeed,14975,4
816033783,45,F,3,Graduate,Single,Tx,91750,No,Yes,No,Cellular,Selfemployeed,21500,3
816073983,49,M,4,Graduate,Single,Ut,91750,No,Yes,No,Cellular,White-Collar,109325,3
816078708,62,M,0,Uneducated,Single,Ca,91750,No,No,No,Cellular,Govt,47575,4
816082233,32,F,1,High School,Married,Fl,91750,No,Yes,No,Unknown,Selfemployeed,11638,3
816084333,45,F,2,Unknown,Married,Ca,91750,No,No,No,Cellular,Selfemployeed,35787,5
816086508,59,M,1,Uneducated,Married,Fl,91750,Yes,Yes,No,Cellular,Businessman,71587,5
816089433,50,F,1,Unknown,Married,Fl,91750,Yes,No,No,Cellular,Selfemployeed,14975,5
816091608,49,M,4,Post-Graduate,Married,Ca,91750,Yes,No,No,Cellular,Selfemployeed,61835,5
816094233,52,F,2,Graduate,Married,Tx,91750,No,Yes,No,Unknown,Selfemployeed,14975,5
816129258,45,M,2,High School,Married,Ca,91750,No,No,No,Cellular,Selfemployeed,80327,5
816261858,42,F,3,High School,Single,Ny,91750,No,No,No,Cellular,Selfemployeed,16433,5
816263808,53,F,4,Graduate,Married,Fl,91750,Yes,No,No,Unknown,White-Collar,32226,4
816310158,57,M,2,Graduate,Single,Ca,90250,Yes,No,Yes,Telephone,Businessman,171555,4
816312633,45,F,4,Doctorate,Married,Fl,91750,Yes,No,No,Cellular,Selfemployeed,26106,4
816315558,42,M,5,Graduate,Married,Fl,91750,Yes,Yes,No,Telephone,Govt,62646,3
816319008,56,F,3,High School,Married,Tx,91750,Yes,No,No,Cellular,White-Collar,18099,5
816325533,60,F,0,Uneducated,Single,Tx,91750,No,Yes,No,Cellular,Businessman,25533,4
816328308,52,F,3,Graduate,Married,Ny,91750,No,Yes,No,Unknown,Businessman,158714,5
816378033,48,F,4,Graduate,Single,Ny,91750,No,No,No,Cellular,Selfemployeed,19748,4
816476658,42,F,3,Graduate,Single,Fl,91750,Yes,Yes,No,Cellular,Selfemployeed,33587,4
816513108,43,F,3,High School,Unknown,Tx,91750,No,Yes,No,Unknown,Govt,23321,4
816517683,52,M,2,High School,Single,Ny,91750,No,Yes,Yes,Unknown,Businessman,181274,4
816528333,46,M,5,Unknown,Married,Ny,91750,Yes,No,No,Cellular,Selfemployeed,68104,4
816533733,61,F,1,Graduate,Single,Ca,91750,Yes,Yes,No,Unknown,Selfemployeed,14975,5
816549933,43,F,2,Uneducated,Single,Nj,91750,No,Yes,No,Cellular,Blue-Collar,58406,5
816594183,51,F,4,High School,Single,Fl,91750,Yes,Yes,No,Cellular,Selfemployeed,20064,5
816596583,50,F,3,Post-Graduate,Single,Tx,91750,Yes,No,No,Cellular,Selfemployeed,14975,3
816600933,44,F,3,Unknown,Married,Ny,91750,No,No,No,Cellular,Selfemployeed,5525,3
816606333,57,F,1,High School,Unknown,Tx,91750,Yes,Yes,No,Cellular,Businessman,53933,3
816608808,48,F,3,Graduate,Unknown,Nj,91750,No,No,No,Unknown,Govt,32356,3
816613158,46,F,2,Unknown,Single,Ny,91750,No,No,No,Unknown,Govt,50719,5
816615633,49,M,5,Unknown,Single,Fl,91750,No,Yes,No,Cellular,Blue-Collar,101744,4
816756783,46,M,5,Graduate,Married,Ny,91750,No,Yes,No,Cellular,White-Collar,50429,5
816761433,45,M,5,Uneducated,Single,Ny,91750,No,No,No,Cellular,Businessman,97323,5
816772908,28,M,1,Uneducated,Single,Ca,91750,No,No,No,Cellular,Blue-Collar,67384,5
816776283,45,F,3,Graduate,Single,Ca,91750,No,Yes,No,Cellular,Selfemployeed,14975,5
816826008,38,M,0,High School,Married,Tx,91750,Yes,Yes,No,Cellular,Retirees,71813,4
816829608,44,F,3,Doctorate,Married,Ny,91750,No,No,No,Cellular,Selfemployeed,14975,4
816832383,37,M,4,Graduate,Married,Tx,91750,No,No,Yes,Telephone,Selfemployeed,101391,4
816834933,35,F,0,Graduate,Single,Nj,91750,No,No,Yes,Telephone,Retirees,31217,5
816841083,52,M,5,Unknown,Married,Ca,91750,No,No,No,Cellular,Govt,82242,4
816843933,39,F,2,Unknown,Single,Tx,91750,No,Yes,No,Cellular,Retirees,19238,4
816850458,41,F,4,Uneducated,Married,Fl,91750,Yes,Yes,No,Telephone,Govt,27725,3
816864483,65,M,0,High School,Single,Ca,91750,No,No,Yes,Cellular,Retirees,47314,3
816890883,54,F,4,Unknown,Married,Ny,91750,No,No,Yes,Unknown,White-Collar,24524,4
817029108,43,M,3,Graduate,Single,Nj,91750,No,Yes,No,Cellular,White-Collar,42413,5
817035108,48,M,4,Post-Graduate,Single,Ny,91750,No,Yes,No,Cellular,Businessman,219600,5
817038333,48,M,2,Post-Graduate,Married,Nj,91750,No,No,No,Cellular,White-Collar,48514,4
817041408,38,M,2,High School,Married,Fl,91750,No,Yes,No,Cellular,Blue-Collar,66674,4
817086783,54,F,2,Graduate,Married,Tx,91750,Yes,No,No,Cellular,Blue-Collar,20025,4
817089408,43,M,3,Graduate,Single,Ny,91750,Yes,No,No,Cellular,Retirees,61144,4
817094283,33,M,3,Post-Graduate,Married,Ny,91750,No,No,No,Cellular,White-Collar,95193,4
817108083,38,F,3,Graduate,Single,Tx,91750,Yes,Yes,No,Unknown,Selfemployeed,14975,5
817142433,54,F,4,Graduate,Single,Ny,91750,No,No,No,Unknown,Selfemployeed,14975,5
817144458,41,F,3,Graduate,Married,Tx,91750,Yes,Yes,Yes,Telephone,Blue-Collar,30228,4
817188408,32,M,0,High School,Unknown,Az,90025,No,Yes,No,Telephone,Selfemployeed,73914,5
817197333,55,F,2,High School,Married,Il,91750,No,Yes,Yes,Cellular,Selfemployeed,31393,4
817236708,51,F,2,Graduate,Married,Ny,91750,Yes,No,No,Cellular,Govt,45787,4
817240833,54,M,2,Graduate,Married,Tx,91750,No,No,Yes,Cellular,Selfemployeed,90267,4
817245183,61,F,0,Graduate,Married,Nj,91750,No,No,No,Cellular,White-Collar,19589,5
817247658,29,M,0,High School,Married,Fl,91750,Yes,No,No,Cellular,Selfemployeed,42600,5
817285758,49,F,1,Uneducated,Married,Tx,91750,No,No,No,Cellular,Selfemployeed,14975,5
817288458,33,M,3,Graduate,Married,Fl,91750,No,Yes,No,Cellular,Retirees,100687,4
817293258,44,M,3,Unknown,Single,Ca,91750,Yes,No,No,Telephone,Selfemployeed,47727,5
817332483,32,F,1,Uneducated,Married,Nj,91750,No,No,No,Cellular,Selfemployeed,27581,5
817337958,37,M,3,Uneducated,Single,Tx,91750,No,No,No,Cellular,White-Collar,42331,5
817382958,52,M,1,Graduate,Single,Tx,91750,No,Yes,No,Cellular,Businessman,84276,3
817422408,52,F,3,Graduate,Married,Ca,91750,No,No,No,Cellular,Blue-Collar,50533,3
817607358,48,F,2,High School,Single,Ny,91750,No,No,No,Unknown,Blue-Collar,23819,3
817616433,47,F,3,Doctorate,Single,Ca,91750,Yes,No,No,Cellular,Selfemployeed,55798,5
817663908,42,F,2,Graduate,Unknown,Ny,91750,No,No,No,Cellular,Selfemployeed,6550,5
817686633,55,F,2,High School,Married,Ny,91750,No,Yes,No,Cellular,Selfemployeed,33034,4
817887408,52,F,1,High School,Married,Ny,91750,Yes,Yes,No,Cellular,Govt,37893,5
817889583,37,F,4,Graduate,Married,Nj,91750,No,No,No,Cellular,Govt,24386,5
817892208,46,F,4,Graduate,Single,Ca,91750,No,Yes,No,Cellular,Selfemployeed,47379,5
817908783,49,M,4,Post-Graduate,Married,Nj,91750,Yes,No,No,Unknown,Businessman,157422,5
817925058,28,M,0,Graduate,Single,Ca,91750,No,No,No,Cellular,Businessman,18724,5
817951083,44,M,2,Uneducated,Married,Tx,91750,Yes,Yes,Yes,Unknown,Businessman,180166,3
817958733,43,F,2,Post-Graduate,Single,Ny,91750,No,Yes,No,Cellular,Blue-Collar,47902,4
817960533,45,M,4,Unknown,Single,Tx,91750,Yes,Yes,No,Cellular,Retirees,76386,4
817965858,39,M,1,High School,Unknown,Ny,91750,No,Yes,No,Cellular,Selfemployeed,41765,4
817968783,45,M,4,Graduate,Married,Ca,91750,Yes,No,No,Telephone,Selfemployeed,73530,5
817970208,48,M,4,Unknown,Married,Fl,91750,Yes,No,No,Cellular,Govt,65572,5
817977933,48,M,2,Graduate,Married,Tx,91750,No,Yes,Yes,Cellular,Blue-Collar,24968,4
817988433,47,F,4,High School,Single,Tx,91750,No,No,No,Cellular,Businessman,50157,4
818007783,45,M,2,Graduate,Married,Ny,91750,Yes,Yes,No,Telephone,White-Collar,74090,4
818034558,36,F,3,High School,Single,Ny,91750,No,No,No,Cellular,Blue-Collar,25848,4
818045958,54,F,1,Unknown,Single,Ny,91750,Yes,No,No,Cellular,Selfemployeed,14975,5
818235408,49,F,4,High School,Married,Tx,91750,No,No,No,Cellular,Businessman,220560,4
818239983,40,M,3,Graduate,Married,Ca,90025,No,Yes,No,Unknown,White-Collar,123224,4
818248383,51,F,1,Graduate,Married,Ca,91750,Yes,Yes,No,Cellular,Selfemployeed,14975,4
818259558,55,F,2,Graduate,Single,Tx,91750,Yes,Yes,Yes,Cellular,Selfemployeed,46004,5
818280108,38,M,2,Uneducated,Single,Ca,91750,No,Yes,No,Cellular,Govt,107063,5
818294958,63,M,1,High School,Married,Ca,91750,Yes,No,No,Cellular,Blue-Collar,48433,4
818305008,42,F,3,Doctorate,Married,Ny,91750,No,Yes,Yes,Cellular,White-Collar,46657,4
818308533,46,F,2,High School,Married,Ca,91750,No,No,No,Unknown,Govt,35198,3
818311533,46,F,3,Graduate,Single,Ca,91750,No,No,No,Cellular,Retirees,38493,5
818316108,34,M,2,Uneducated,Single,Nj,91750,Yes,No,No,Cellular,White-Collar,110689,4
818322033,46,M,3,Graduate,Married,Ca,91750,Yes,No,No,Telephone,Govt,45800,5
818326083,28,M,1,Unknown,Single,Nj,91750,Yes,Yes,No,Cellular,Blue-Collar,59790,5
818336508,32,M,1,High School,Married,Tx,91750,No,Yes,Yes,Cellular,Govt,48235,5
818375733,46,F,4,High School,Married,Ca,91750,Yes,Yes,No,Telephone,Selfemployeed,14975,4
818459733,64,F,0,High School,Married,Ca,91750,No,No,No,Cellular,White-Collar,24687,3
818476383,54,M,1,Unknown,Single,Ny,91750,Yes,No,No,Unknown,Govt,102712,4
818497758,44,F,3,Unknown,Married,Tx,91750,No,No,No,Cellular,Selfemployeed,12150,4
818502708,55,M,1,Graduate,Married,Nj,91750,Yes,No,No,Cellular,Retirees,83442,4
818687958,45,M,4,Graduate,Single,Ny,91750,Yes,Yes,No,Telephone,Retirees,63800,5
818699208,57,F,3,High School,Single,Pa,91750,No,Yes,No,Cellular,Businessman,26752,4
818701383,40,F,2,Graduate,Married,Ny,91750,No,No,No,Cellular,Selfemployeed,14975,3
818710233,34,M,1,Graduate,Married,Ny,91750,No,Yes,Yes,Cellular,Selfemployeed,59726,5
818712633,56,F,3,Graduate,Married,Fl,91750,Yes,No,Yes,Cellular,Businessman,228791,3
818729208,35,M,1,High School,Married,Ny,91750,No,No,No,Cellular,Businessman,66838,4
818763033,43,M,3,Graduate,Single,Ca,91750,Yes,Yes,No,Cellular,Govt,78545,3
818767458,44,M,4,Unknown,Single,Fl,91750,Yes,Yes,No,Cellular,Govt,107360,5
818770008,33,F,2,Graduate,Single,Ca,91750,Yes,No,No,Unknown,Selfemployeed,11380,3
818791833,46,M,1,Uneducated,Married,Fl,91750,No,Yes,No,Cellular,White-Collar,76627,3
818814933,56,F,0,Unknown,Single,Ca,91750,Yes,No,No,Unknown,White-Collar,34812,5
818839983,32,F,0,High School,Single,Tx,91750,No,Yes,Yes,Unknown,Selfemployeed,14975,3
818901708,35,M,2,Uneducated,Single,Ca,91750,No,No,No,Cellular,Selfemployeed,67795,5
818903583,60,F,1,Graduate,Single,Ca,91750,No,No,No,Cellular,Govt,39479,3
818906208,44,F,2,Graduate,Married,Ca,91750,Yes,No,No,Cellular,Selfemployeed,14975,4
818908833,37,F,4,High School,Single,Ny,91750,No,No,No,Cellular,White-Collar,20550,3
818923158,41,F,1,Uneducated,Married,Ca,91750,Yes,Yes,No,Cellular,Selfemployeed,11102,5
818926833,65,F,0,Uneducated,Unknown,Tx,91750,No,No,No,Unknown,Retirees,18944,4
818929158,46,F,3,Doctorate,Single,Tx,91750,Yes,Yes,No,Cellular,Retirees,23767,4
818930808,37,F,2,Graduate,Single,Tx,91750,Yes,No,No,Cellular,White-Collar,45603,5
818942433,48,F,2,Graduate,Married,Fl,91750,Yes,Yes,No,Cellular,Selfemployeed,14975,5
818960133,54,M,3,High School,Married,Fl,91750,No,No,No,Cellular,White-Collar,125097,4
818987958,43,F,5,Uneducated,Married,Ny,91750,Yes,No,No,Cellular,Businessman,179701,4
818993508,57,M,2,Unknown,Single,Fl,91750,No,Yes,No,Cellular,White-Collar,90138,4
819002508,45,F,2,Graduate,Married,Ca,91750,No,Yes,No,Unknown,Businessman,29760,5
819051183,50,M,1,Graduate,Married,Fl,91750,No,No,Yes,Cellular,Businessman,230972,5
819109308,56,M,2,Graduate,Single,Tx,91750,Yes,No,No,Cellular,Blue-Collar,110910,5
819117183,55,F,2,Unknown,Single,Tx,91750,No,Yes,No,Unknown,Govt,22865,5
819129858,57,F,3,High School,Married,Ca,91750,No,Yes,No,Cellular,Selfemployeed,14975,5
819151083,38,M,2,Unknown,Single,Ca,91750,No,Yes,No,Cellular,Businessman,48544,4
819160158,43,M,1,High School,Married,Tx,91750,Yes,Yes,No,Cellular,Govt,112250,5
819169683,39,M,1,Uneducated,Married,Ny,91750,No,No,No,Cellular,Retirees,19464,4
819189108,50,M,3,High School,Married,Ny,91750,Yes,Yes,No,Cellular,Blue-Collar,63428,3
819196158,42,M,3,Graduate,Single,Tx,91750,No,No,Yes,Unknown,Businessman,193972,4
819200133,32,M,0,High School,Married,Ny,91750,No,Yes,No,Cellular,Businessman,72500,4
819202533,40,F,4,Graduate,Married,Ny,91750,Yes,No,No,Unknown,Selfemployeed,11574,5
819214233,50,M,1,Post-Graduate,Unknown,Tx,91750,No,Yes,No,Unknown,White-Collar,94436,5
819258408,30,F,1,Uneducated,Married,Ca,91750,No,No,No,Cellular,Selfemployeed,14975,4
819351258,61,M,1,Graduate,Unknown,Nj,91750,No,Yes,Yes,Cellular,Selfemployeed,98139,5
819352983,43,F,2,Graduate,Single,Tx,91750,No,No,Yes,Cellular,Selfemployeed,11481,5
819363708,53,F,2,Uneducated,Single,Ca,91750,No,No,No,Cellular,Govt,44960,3
819376683,41,M,5,Graduate,Single,Tx,91750,No,Yes,No,Cellular,Businessman,201395,5
819409608,30,F,2,High School,Married,Nj,91750,No,No,No,Cellular,Blue-Collar,14505,3
819606258,39,F,2,Graduate,Married,Ca,91750,Yes,Yes,No,Cellular,Govt,44180,3
819610908,45,F,3,Graduate,Single,Ny,91750,Yes,No,No,Unknown,Selfemployeed,6550,4
819612933,43,M,4,Graduate,Unknown,Oh,91750,No,Yes,No,Cellular,Govt,99645,3
819616383,41,M,2,Graduate,Single,Nj,91750,Yes,No,No,Cellular,Businessman,183148,5
819628158,47,M,3,Doctorate,Unknown,Fl,91750,Yes,Yes,No,Cellular,Businessman,173151,4
819631158,44,M,2,High School,Married,Fl,91750,No,No,No,Telephone,White-Collar,100752,5
819634233,54,F,2,Unknown,Married,Tx,91750,No,Yes,No,Telephone,Selfemployeed,14975,4
819647358,47,F,3,Unknown,Married,Ny,91750,No,Yes,No,Unknown,Govt,26996,4
819684183,39,F,3,High School,Single,Tx,91750,No,Yes,No,Cellular,Govt,34349,5
819688458,53,F,2,Graduate,Unknown,Tx,91750,Yes,No,No,Telephone,Retirees,31158,5
819690933,56,M,2,Uneducated,Single,Fl,91750,No,Yes,No,Cellular,Retirees,48973,4
819700533,46,F,2,Unknown,Married,Ny,91750,No,Yes,No,Unknown,Selfemployeed,5225,4
819714408,35,F,3,Doctorate,Single,Tx,91750,No,Yes,No,Unknown,White-Collar,19634,4
819752133,62,M,0,Uneducated,Single,Fl,91750,Yes,Yes,No,Cellular,Selfemployeed,74495,3
819943458,55,F,3,Graduate,Single,Fl,91750,Yes,No,No,Unknown,Retirees,15603,5
819966033,37,F,5,Unknown,Married,Fl,91750,No,Yes,Yes,Cellular,Selfemployeed,29141,5
819969933,46,F,4,Unknown,Married,Ny,91750,Yes,Yes,No,Cellular,Businessman,53114,4
819975183,48,M,4,Post-Graduate,Single,Ar,72120,Yes,Yes,No,Cellular,Retirees,103369,3
819977058,55,F,3,Graduate,Single,Ca,91750,No,No,No,Cellular,Blue-Collar,37301,3
819979458,52,M,2,Unknown,Married,Ca,91750,No,No,No,Cellular,Selfemployeed,61430,4
819997983,32,F,0,Graduate,Single,Tx,91750,Yes,Yes,No,Cellular,Selfemployeed,14384,5
820020258,53,F,1,Graduate,Single,Fl,91750,Yes,No,No,Unknown,Businessman,15632,5
820036533,44,M,3,Unknown,Married,Ny,91750,Yes,No,No,Cellular,Businessman,102275,5
820044333,47,F,4,Uneducated,Married,Tx,91750,No,Yes,No,Telephone,White-Collar,52091,5
820047858,52,F,4,Graduate,Married,Tx,91750,Yes,Yes,No,Unknown,Govt,21486,5
820060758,40,F,1,Graduate,Unknown,Ca,91750,No,No,No,Cellular,Blue-Collar,39867,4
820075983,45,F,3,Graduate,Single,Nj,91750,No,Yes,No,Cellular,White-Collar,25100,3
820085808,49,M,3,Post-Graduate,Single,Ca,91750,Yes,Yes,No,Telephone,Selfemployeed,74349,4
820108008,53,F,1,High School,Married,Mn,91750,No,No,Yes,Unknown,Businessman,183076,3
820268358,45,M,3,Graduate,Unknown,Fl,91750,Yes,No,No,Cellular,Blue-Collar,67483,4
820271208,44,F,3,Graduate,Married,Ca,90025,Yes,Yes,No,Cellular,White-Collar,141564,5
820276908,53,F,2,High School,Single,Tx,91750,No,Yes,No,Cellular,Selfemployeed,23918,4
820282383,56,F,3,Uneducated,Single,Il,91750,Yes,No,Yes,Cellular,Govt,19951,5
820288233,49,F,2,Graduate,Married,Tx,91750,No,Yes,No,Cellular,White-Collar,31969,3
820330008,42,M,4,Uneducated,Single,Ny,91750,Yes,Yes,No,Cellular,Businessman,112346,3
820346133,52,F,1,Graduate,Single,Tx,91750,No,No,No,Cellular,Blue-Collar,51977,4
820353558,60,F,0,High School,Married,Ny,91750,Yes,Yes,No,Cellular,Selfemployeed,14975,4
820355433,31,F,0,Uneducated,Married,Ny,91750,No,Yes,No,Cellular,Blue-Collar,13237,5
820383558,40,F,4,High School,Single,Ny,91750,No,No,Yes,Unknown,Businessman,35761,5
820394733,58,M,3,High School,Single,Ny,91750,No,No,No,Cellular,White-Collar,106625,4
820582308,45,F,3,Graduate,Single,Ca,91750,No,No,No,Cellular,Blue-Collar,13236,5
820584408,47,F,3,High School,Unknown,Ny,91750,Yes,Yes,No,Unknown,Blue-Collar,13185,5
820587258,48,M,2,Graduate,Married,Ny,91750,No,No,No,Cellular,Blue-Collar,115732,5
820593033,56,M,3,Unknown,Single,Tx,91750,Yes,No,No,Cellular,White-Collar,65329,4
820596183,53,F,1,High School,Single,Nj,91750,Yes,No,No,Cellular,Blue-Collar,25397,5
820599333,50,M,2,High School,Single,Fl,91750,No,No,No,Cellular,White-Collar,64026,5
820622433,51,F,2,High School,Married,Tx,91750,No,No,No,Cellular,Selfemployeed,20082,4
820633833,41,F,3,High School,Single,Ny,91750,Yes,Yes,No,Cellular,Govt,49607,4
820637433,41,F,5,Uneducated,Single,Tx,91750,No,Yes,Yes,Cellular,Retirees,48444,5
820639908,46,M,5,High School,Married,Nj,91750,Yes,No,No,Cellular,Retirees,59578,5
820648608,48,M,2,High School,Married,Tx,91750,No,Yes,No,Cellular,White-Collar,51947,3
820651908,45,F,2,Graduate,Unknown,Ny,91750,Yes,Yes,No,Cellular,White-Collar,35216,4
820657083,54,F,2,Graduate,Single,Tx,91750,Yes,No,Yes,Unknown,Businessman,42751,3
820666083,38,M,3,High School,Single,Ny,91750,Yes,No,No,Cellular,Blue-Collar,115815,5
820694133,61,F,1,High School,Unknown,Tx,91750,No,Yes,Yes,Unknown,Businessman,26982,5
820848408,48,M,2,High School,Married,Ca,91750,No,Yes,No,Cellular,White-Collar,91523,3
820868508,39,M,4,Graduate,Single,Fl,91750,No,No,No,Cellular,Businessman,95448,4
820906233,59,F,1,Graduate,Unknown,Tx,91750,Yes,Yes,No,Unknown,Govt,35689,4
820920408,26,M,0,Uneducated,Single,Ny,91750,No,No,No,Cellular,Retirees,47548,4
820922733,51,M,2,Graduate,Single,Nj,91750,No,Yes,No,Cellular,Businessman,153063,5
820925433,33,M,2,Graduate,Married,Tx,91750,Yes,Yes,No,Cellular,White-Collar,76649,4
820936533,48,M,3,Unknown,Unknown,Tx,91750,No,No,No,Cellular,White-Collar,118577,5
820981383,40,F,3,Uneducated,Single,Il,91750,No,Yes,No,Cellular,Selfemployeed,14975,5
821149008,53,F,3,Doctorate,Single,Tx,91750,No,Yes,No,Cellular,Selfemployeed,14975,4
821150958,54,F,2,Unknown,Married,Tx,91750,Yes,Yes,Yes,Cellular,Govt,37566,4
821157183,51,M,4,High School,Married,Fl,91750,No,No,No,Cellular,Govt,74615,3
821163408,47,F,4,Unknown,Married,Fl,91750,Yes,Yes,No,Cellular,Businessman,37086,5
821168733,52,F,2,High School,Single,Tx,91750,No,No,No,Cellular,Businessman,15682,3
821179233,42,F,2,Graduate,Unknown,Ny,91750,Yes,No,No,Unknown,Selfemployeed,14975,5
821241708,41,M,1,Uneducated,Single,Ca,91750,No,No,No,Cellular,Businessman,116246,5
821296083,42,F,3,Graduate,Married,Tx,91750,Yes,Yes,No,Unknown,Blue-Collar,19999,5
821336133,40,M,4,Unknown,Single,Ny,91750,Yes,Yes,No,Cellular,Govt,45380,4
821339433,59,M,0,Uneducated,Single,Nj,91750,Yes,No,No,Cellular,Govt,62723,4
821351958,44,F,3,Unknown,Single,Ca,91750,No,No,No,Cellular,Selfemployeed,36265,5
821356083,62,M,0,Graduate,Married,Nj,91750,No,No,Yes,Telephone,Businessman,79913,3
821370858,35,F,1,High School,Married,Ma,91750,No,No,Yes,Cellular,Selfemployeed,14975,4
821424483,34,F,4,Graduate,Single,Nj,91750,No,Yes,Yes,Cellular,Blue-Collar,54933,5
821521983,43,F,1,High School,Unknown,Ca,91750,Yes,Yes,No,Cellular,Retirees,57716,4
821710308,52,F,3,High School,Married,Ca,91750,Yes,No,No,Cellular,Selfemployeed,14975,4
821724483,63,F,0,High School,Married,Ca,91750,No,No,No,Cellular,Blue-Collar,14422,3
821749608,41,F,2,High School,Married,Tx,91750,No,Yes,No,Unknown,Blue-Collar,18828,4
821752908,33,F,2,Graduate,Married,Tx,91750,No,No,No,Cellular,Businessman,199268,4
821755233,37,F,3,Graduate,Single,Fl,91750,No,No,No,Unknown,Selfemployeed,37407,5
821759658,49,F,2,Post-Graduate,Married,Tx,91750,No,Yes,Yes,Unknown,Blue-Collar,20200,5
821768658,38,F,0,High School,Single,Tx,91750,No,No,No,Cellular,Selfemployeed,28211,4
821771508,43,F,2,Graduate,Married,Tx,91750,No,Yes,No,Cellular,Businessman,18856,3
821797008,50,F,1,Graduate,Single,Tx,91750,Yes,No,No,Cellular,Selfemployeed,2565,4
821813058,38,M,3,Graduate,Married,Ca,91750,No,No,No,Telephone,Blue-Collar,82011,4
821815458,39,F,2,Uneducated,Single,Ar,86503,No,Yes,Yes,Cellular,White-Collar,36978,5
821836008,50,F,1,Graduate,Single,Fl,91750,Yes,No,No,Cellular,Selfemployeed,10461,4
821837958,40,F,4,Unknown,Single,Tx,91750,Yes,Yes,No,Cellular,Selfemployeed,10356,3
821872758,57,F,2,Graduate,Married,Tx,91750,No,No,No,Cellular,Businessman,21884,4
821889858,39,F,4,Uneducated,Single,Fl,91750,No,No,No,Unknown,Selfemployeed,28516,5
822051858,47,M,3,High School,Married,Fl,91750,Yes,Yes,No,Cellular,White-Collar,67575,4
822056583,47,M,3,High School,Single,Pa,91750,No,Yes,No,Telephone,Retirees,89189,5
822061683,56,F,2,Unknown,Married,Tx,91750,No,Yes,Yes,Cellular,Businessman,50459,5
822063408,45,F,2,Uneducated,Single,Ca,91750,No,No,No,Cellular,Selfemployeed,10250,4
822068583,64,F,0,Unknown,Married,Fl,91750,No,No,No,Cellular,Blue-Collar,45818,3
822084333,36,M,2,High School,Married,Fl,91750,No,No,No,Cellular,Businessman,112262,4
822112383,48,M,3,Graduate,Single,Fl,91750,No,Yes,Yes,Cellular,White-Collar,41803,5
822121608,43,M,5,Uneducated,Married,Fl,91750,No,Yes,No,Cellular,Businessman,77135,5
822125283,54,M,2,High School,Married,Nj,91750,No,No,Yes,Cellular,White-Collar,105311,3
822127008,48,M,5,Graduate,Single,Tx,91750,No,Yes,No,Cellular,Govt,58832,5
822130683,48,F,2,Unknown,Single,Fl,91750,No,No,No,Cellular,Selfemployeed,6550,3
822132858,50,F,3,Graduate,Married,Ny,91750,No,Yes,Yes,Cellular,White-Collar,23517,4
822138333,47,F,4,Graduate,Single,Ny,91750,No,Yes,No,Cellular,Govt,46221,5
822170733,47,F,3,Graduate,Married,Fl,91750,Yes,Yes,No,Unknown,Selfemployeed,26775,5
822885033,40,F,4,Uneducated,Married,Tx,91750,No,Yes,No,Unknown,Businessman,181977,5
822893133,48,F,4,Unknown,Single,Fl,91750,No,Yes,No,Unknown,Selfemployeed,14975,4
822898758,48,F,4,Graduate,Married,Fl,91750,Yes,No,No,Cellular,Govt,35640,4
822902508,48,F,2,Uneducated,Married,Ny,91750,Yes,No,No,Unknown,Selfemployeed,47690,5
822905058,51,M,1,High School,Single,Ca,91750,No,No,No,Cellular,Businessman,74738,4
822948708,46,F,4,High School,Married,Fl,91750,Yes,No,No,Cellular,Blue-Collar,34805,5
822952158,40,M,4,High School,Single,Ca,91750,Yes,No,No,Cellular,Selfemployeed,55505,5
822955008,42,F,4,Graduate,Married,Ca,91750,No,Yes,No,Unknown,Businessman,24964,5
822959133,46,M,4,Graduate,Single,Fl,91750,No,No,No,Telephone,Retirees,65814,4
822961533,49,F,1,High School,Single,Ca,91750,No,No,No,Cellular,Govt,47201,5
822964683,55,F,1,High School,Single,Ca,91750,Yes,Yes,No,Cellular,White-Collar,58748,4
822969858,47,F,3,Graduate,Married,Tx,91750,Yes,Yes,No,Cellular,Retirees,15725,3
822984108,35,F,2,Uneducated,Married,Ca,91750,No,Yes,Yes,Unknown,White-Collar,25774,4
823149483,43,M,2,High School,Single,Nj,91750,No,No,No,Cellular,Businessman,72387,3
823507833,34,M,2,Unknown,Married,Ca,91750,No,Yes,No,Cellular,Retirees,66022,4
823519458,44,M,4,Graduate,Single,Fl,91750,No,No,No,Cellular,White-Collar,101879,5
823528833,58,F,2,Uneducated,Married,Ny,91750,No,No,No,Cellular,Blue-Collar,12115,5
823535133,41,F,4,High School,Married,Tx,91750,Yes,No,No,Cellular,Govt,13307,5
823539558,46,M,3,Graduate,Unknown,Fl,91750,No,Yes,No,Cellular,Govt,113730,3
823548858,42,F,2,Post-Graduate,Unknown,Fl,91750,Yes,No,No,Cellular,Retirees,30271,5
823554783,36,M,1,Unknown,Married,Fl,91750,No,Yes,No,Telephone,Govt,90188,4
823557333,36,M,3,Uneducated,Married,Fl,91750,No,No,No,Telephone,Retirees,63492,5
823566408,43,M,4,Unknown,Married,Fl,91750,No,No,No,Cellular,Govt,71624,5
823578483,51,M,2,Graduate,Married,Ca,91750,Yes,Yes,No,Cellular,White-Collar,61998,5
823590483,61,F,1,Doctorate,Married,Ca,91750,No,Yes,No,Telephone,Blue-Collar,47995,4
823606983,57,F,2,Graduate,Married,Fl,91750,No,No,No,Cellular,White-Collar,26660,3
823609383,54,M,2,Uneducated,Married,Tx,91750,No,Yes,No,Cellular,Retirees,66988,4
823615983,28,F,0,Graduate,Single,Ca,91750,Yes,No,No,Cellular,Selfemployeed,14975,4
823621083,36,M,1,Uneducated,Married,Ny,91750,Yes,No,No,Cellular,White-Collar,45853,5
823624158,45,M,3,Graduate,Single,Fl,91750,Yes,No,No,Cellular,White-Collar,69459,3
823629333,46,F,4,Unknown,Unknown,Fl,91750,Yes,Yes,No,Cellular,Selfemployeed,53988,4
823635033,58,F,2,Unknown,Single,Tx,91750,No,Yes,No,Cellular,White-Collar,53476,4
823648983,44,M,4,Graduate,Married,Tx,91750,Yes,No,No,Cellular,White-Collar,109369,5
823833483,41,M,4,Unknown,Married,Fl,91750,No,No,No,Cellular,White-Collar,108867,5
823837158,45,F,4,Unknown,Married,Va,91750,No,No,No,Unknown,Businessman,212134,4
823840458,45,M,4,Graduate,Single,Fl,91750,Yes,Yes,No,Cellular,Govt,67902,4
823845783,51,F,2,Unknown,Married,Fl,91750,No,No,No,Cellular,Selfemployeed,11786,4
823848183,44,M,4,Post-Graduate,Single,Tx,91750,No,No,No,Cellular,Blue-Collar,114299,4
823863033,56,F,2,Doctorate,Single,Ny,91750,No,No,No,Cellular,White-Collar,55361,3
823878408,45,M,3,Uneducated,Single,Tx,91750,Yes,Yes,No,Cellular,Businessman,79751,5
823904133,45,F,3,Uneducated,Married,Tx,91750,Yes,No,Yes,Unknown,White-Collar,28424,4
823908858,47,M,4,Unknown,Single,Ny,91750,Yes,No,No,Telephone,Retirees,79556,5
823912308,51,F,2,Unknown,Single,Ny,91750,No,No,No,Telephone,Retirees,15421,5
823922208,44,M,1,Graduate,Married,Fl,91750,Yes,Yes,No,Cellular,White-Collar,103509,4
823928058,60,M,0,Uneducated,Married,Nj,91750,No,Yes,No,Cellular,Retirees,65907,4
823948308,39,F,0,High School,Single,Ca,91750,Yes,Yes,No,Cellular,Selfemployeed,14975,5
824140908,43,F,4,Graduate,Married,Ny,91750,No,No,No,Unknown,Blue-Collar,10594,5
824150733,43,F,3,Unknown,Married,Ny,91750,Yes,Yes,Yes,Cellular,Businessman,230451,5
824155458,50,M,2,Unknown,Married,Tx,91750,Yes,Yes,No,Cellular,White-Collar,73686,4
824157858,55,F,2,Graduate,Single,Fl,91750,No,Yes,No,Unknown,Selfemployeed,14975,5
824160333,48,M,4,Graduate,Married,Fl,91750,Yes,No,No,Cellular,Businessman,212592,5
824163333,54,F,2,Unknown,Married,Il,91750,No,No,No,Cellular,Blue-Collar,57094,5
824165658,42,F,4,Graduate,Married,Tx,91750,Yes,No,No,Unknown,Selfemployeed,13030,5
824168808,41,F,2,High School,Married,Ar,86446,No,Yes,No,Cellular,Selfemployeed,24572,4
824172258,63,M,1,High School,Married,Ny,91750,Yes,No,No,Cellular,Govt,65249,5
824177733,42,M,3,Post-Graduate,Unknown,Fl,91750,Yes,Yes,Yes,Cellular,Govt,106301,5
824192658,48,M,3,Post-Graduate,Married,Ca,91750,No,No,No,Telephone,Govt,51839,5
824560758,55,F,1,Unknown,Married,Fl,91750,Yes,No,No,Cellular,Retirees,28224,4
824667708,45,F,5,Doctorate,Married,Tx,91750,No,Yes,No,Unknown,Businessman,34181,5
824761458,42,F,4,Graduate,Single,Ca,91750,Yes,Yes,No,Unknown,Govt,28428,4
824763783,58,F,3,Unknown,Single,Fl,91750,Yes,No,No,Cellular,Businessman,55215,3
824770683,26,M,0,High School,Single,Fl,91750,No,No,No,Cellular,White-Collar,48026,5
824782008,54,F,3,High School,Married,Tx,91750,No,Yes,No,Unknown,Selfemployeed,10378,3
824789283,40,M,3,Doctorate,Unknown,Tx,91750,Yes,Yes,No,Unknown,Govt,26316,4
824795358,50,F,2,Unknown,Married,Ca,91750,Yes,No,No,Cellular,Govt,51912,5
824799108,54,M,3,High School,Married,Nj,91750,Yes,No,No,Cellular,Businessman,104292,4
824805858,49,F,4,Graduate,Single,Ca,91750,Yes,Yes,No,Cellular,Selfemployeed,14975,5
824807658,51,F,4,Unknown,Married,Ny,91750,Yes,Yes,No,Cellular,Blue-Collar,10563,3
824812983,42,M,3,Graduate,Single,Ny,91750,No,Yes,No,Cellular,Blue-Collar,52355,3
824816358,51,M,2,Graduate,Married,Tx,91750,Yes,No,No,Cellular,Businessman,158189,5
824915208,48,M,3,High School,Married,Ny,91750,Yes,No,Yes,Cellular,Businessman,95052,5
825368658,44,M,3,High School,Married,Ca,91750,No,No,No,Cellular,Govt,78573,5
825743583,46,M,1,Graduate,Single,Ny,91750,No,Yes,No,Unknown,White-Collar,141877,4
825753258,27,M,0,High School,Married,Tx,91750,Yes,No,No,Cellular,Selfemployeed,65252,5
825756333,54,F,1,Graduate,Single,Fl,91750,Yes,No,No,Unknown,Businessman,21805,3
825767658,41,M,4,High School,Unknown,Ny,91750,Yes,No,No,Cellular,White-Collar,107028,5
825785508,40,M,3,High School,Married,Ny,91750,No,No,No,Telephone,Govt,83828,5
825811158,48,M,3,Graduate,Married,Ny,91750,Yes,No,No,Cellular,White-Collar,66181,5
825831933,43,M,1,Graduate,Married,Tx,91750,No,Yes,No,Telephone,Selfemployeed,66976,3
825838908,43,M,2,Graduate,Single,Tx,91750,Yes,Yes,No,Cellular,Govt,80939,5
825850383,56,F,3,Graduate,Single,Nj,91750,No,Yes,No,Unknown,Businessman,56959,3
825856083,47,M,3,Unknown,Single,Fl,91750,No,No,No,Cellular,Govt,49691,3
826061508,56,M,1,Uneducated,Single,Tx,91750,Yes,No,No,Cellular,White-Collar,124133,5
826065258,50,F,3,Graduate,Married,Ca,90201,No,No,No,Cellular,Businessman,228513,3
826068183,51,F,3,Graduate,Married,Fl,91750,No,Yes,No,Unknown,Businessman,33522,5
826069983,46,M,3,Uneducated,Married,Nj,91750,Yes,No,No,Cellular,Govt,66306,3
826077033,42,F,3,High School,Married,Ca,91750,No,No,No,Unknown,Blue-Collar,27187,5
826079508,33,F,4,Graduate,Single,Tx,91750,Yes,Yes,Yes,Cellular,Govt,39930,5
826130133,43,F,2,High School,Unknown,Ny,91750,Yes,No,No,Unknown,Selfemployeed,6550,3
826136283,47,M,2,Graduate,Married,Tx,91750,No,No,No,Cellular,Govt,58855,4
826148883,50,M,4,Graduate,Married,Fl,91750,No,No,No,Cellular,Businessman,183849,4
826150608,47,M,1,Unknown,Married,Fl,91750,No,No,No,Cellular,Businessman,111868,4
826168083,50,M,1,Graduate,Married,Fl,91750,No,Yes,No,Cellular,Selfemployeed,76624,3
826245858,46,M,3,Unknown,Unknown,Ny,91750,No,Yes,No,Cellular,Businessman,105947,5
826261008,42,F,3,Unknown,Married,Tx,91750,No,Yes,No,Cellular,Businessman,20788,4
826266483,43,M,4,Uneducated,Married,Tx,91750,No,Yes,No,Cellular,Retirees,69682,4
826401858,37,F,0,Post-Graduate,Married,Ny,91750,Yes,No,No,Cellular,Retirees,27735,4
826410708,55,M,1,Graduate,Single,Ny,91750,No,No,No,Cellular,Retirees,100075,4
826414083,56,M,2,Graduate,Single,Tx,91750,No,No,No,Cellular,Businessman,54299,3
826417233,46,M,3,Unknown,Single,Tx,91750,No,Yes,No,Cellular,Blue-Collar,92731,4
826421958,45,F,3,Uneducated,Married,Tx,91750,No,Yes,Yes,Unknown,Businessman,16889,4
826451433,45,M,3,Uneducated,Unknown,Tx,91750,Yes,Yes,No,Cellular,Blue-Collar,114709,3
826467333,53,F,2,Graduate,Married,Ny,91750,No,No,No,Cellular,Blue-Collar,49749,3
826471458,56,F,3,Graduate,Single,Tx,91750,No,Yes,Yes,Unknown,White-Collar,18481,4
826473858,40,M,2,Graduate,Married,Tx,91750,No,No,No,Cellular,Businessman,79634,4
826477083,56,F,1,Graduate,Married,Tx,91750,Yes,No,No,Cellular,Selfemployeed,14975,3
826478958,46,F,2,Graduate,Single,Tx,91750,No,No,No,Cellular,Selfemployeed,14975,5
826480308,57,M,2,Graduate,Married,Ny,91750,Yes,Yes,No,Cellular,White-Collar,99801,5
826490133,44,M,2,Unknown,Married,Ny,91750,Yes,No,No,Cellular,Retirees,74142,4
826513233,31,F,1,Uneducated,Married,Fl,91750,No,Yes,No,Unknown,Govt,21107,5
826548708,61,M,0,High School,Married,Ny,91750,Yes,No,No,Cellular,Retirees,72195,4
826706208,41,F,3,Doctorate,Married,Tx,91750,No,Yes,No,Telephone,White-Collar,48510,4
826709658,44,F,4,Doctorate,Unknown,Ca,91750,No,Yes,No,Unknown,Blue-Collar,23602,4
826717533,42,M,5,High School,Married,Ny,91750,No,Yes,No,Cellular,Retirees,71838,5
826723308,41,F,4,High School,Married,Ny,91750,No,No,No,Cellular,Selfemployeed,5525,5
826762908,47,F,4,Unknown,Single,Fl,91750,No,No,Yes,Cellular,Selfemployeed,21381,3
826775058,60,F,2,Graduate,Married,Fl,91750,Yes,No,No,Cellular,Selfemployeed,14975,5
826780683,52,F,2,Graduate,Single,Fl,91750,No,Yes,No,Cellular,Selfemployeed,45802,5
826783233,41,M,4,Graduate,Unknown,Nj,91750,No,No,No,Cellular,Retirees,76632,5
826808208,40,F,2,Graduate,Unknown,Ga,91750,Yes,No,No,Cellular,Blue-Collar,53784,4
827049558,51,M,2,Graduate,Married,Ca,91750,No,No,No,Cellular,Businessman,61639,4
827051808,50,F,3,Doctorate,Single,Fl,91750,No,No,Yes,Cellular,Blue-Collar,28282,4
827055333,56,F,2,Graduate,Married,Ny,91750,No,No,No,Unknown,Blue-Collar,20204,5
827062158,53,M,1,High School,Married,Ny,91750,Yes,Yes,No,Cellular,Businessman,53094,3
827074758,46,M,2,Graduate,Married,Fl,91750,No,Yes,Yes,Cellular,Businessman,96333,5
827100333,51,M,3,Graduate,Married,Ny,91750,Yes,Yes,No,Unknown,Govt,95747,4
827108583,46,F,4,Uneducated,Single,Ny,91750,No,Yes,No,Cellular,Selfemployeed,8250,5
827111283,43,F,1,High School,Single,Ca,91750,Yes,No,No,Cellular,Selfemployeed,6550,4
827114058,44,M,5,Uneducated,Married,Ia,91750,No,Yes,Yes,Cellular,Businessman,63005,3
827117808,45,F,4,High School,Unknown,Ca,91750,Yes,Yes,No,Telephone,Selfemployeed,7865,4
827123883,46,M,3,High School,Married,Tx,91750,No,Yes,Yes,Cellular,Govt,64242,5
827318958,47,F,1,Graduate,Married,Tx,91750,No,No,Yes,Cellular,White-Collar,158698,4
827332983,49,F,2,Graduate,Unknown,Ca,91750,No,No,No,Cellular,Blue-Collar,12494,4
827341383,48,F,5,High School,Single,Tx,91750,No,Yes,No,Unknown,Govt,39339,4
827360883,49,F,4,High School,Single,Fl,91750,Yes,No,No,Unknown,Selfemployeed,14975,4
827408058,42,F,4,Graduate,Single,Tx,91750,No,Yes,No,Cellular,Blue-Collar,42410,4
827423433,44,M,3,Graduate,Married,Ca,91750,Yes,No,No,Cellular,White-Collar,40116,4
827436483,46,M,2,High School,Single,Tx,91750,No,Yes,No,Cellular,White-Collar,58149,3
827440458,33,M,3,Graduate,Married,Nj,91750,Yes,No,No,Cellular,Govt,104552,5
827442858,50,F,3,Graduate,Single,Tx,91750,No,Yes,Yes,Cellular,Govt,40998,4
827451333,47,F,3,Unknown,Single,Ca,91750,No,No,No,Unknown,White-Collar,30786,4
827476983,54,F,0,Doctorate,Single,Tx,91750,Yes,Yes,No,Cellular,Govt,17285,3
827619933,39,F,4,Unknown,Married,Nj,91750,Yes,No,No,Cellular,Selfemployeed,38548,4
827628408,49,F,1,Uneducated,Single,Ca,91750,No,Yes,Yes,Cellular,Businessman,40188,5
827631483,52,F,3,Graduate,Single,Il,91750,Yes,Yes,No,Unknown,Blue-Collar,20787,5
827635083,39,M,2,High School,Married,Tx,91750,No,Yes,No,Cellular,Govt,54181,5
827643858,44,F,2,Unknown,Unknown,Fl,91750,No,Yes,No,Telephone,Selfemployeed,35540,5
827683383,42,F,3,Uneducated,Married,Tx,91750,No,Yes,Yes,Cellular,Businessman,228308,3
827691858,46,F,5,Graduate,Married,Ny,91750,Yes,No,No,Unknown,Selfemployeed,20071,3
827695683,44,M,3,Graduate,Single,Nv,91750,Yes,Yes,Yes,Unknown,Selfemployeed,44903,5
827703258,48,M,3,Unknown,Unknown,Tx,91750,No,Yes,No,Cellular,Selfemployeed,73655,3
827712108,47,M,4,Graduate,Married,Ny,91750,Yes,No,No,Cellular,Selfemployeed,62287,3
827888433,42,F,3,Graduate,Married,Tx,91750,No,No,No,Cellular,White-Collar,21390,4
827890758,47,M,4,High School,Married,Ny,91750,No,Yes,No,Cellular,Selfemployeed,42187,4
963607849,42,F,3,Uneducated,Married,Ca,91750,No,No,Yes,Cellular,Govt,30574,1
932954954,62,F,0,High School,Unknown,Ny,91750,Yes,No,No,Cellular,Selfemployeed,57679,2
961650885,47,F,3,Doctorate,Married,Nj,91750,No,No,No,Unknown,Blue-Collar,152263,1
917695309,49,M,5,Graduate,Married,Tx,91750,No,No,No,Cellular,Businessman,43653,4
957309271,53,F,3,Graduate,Married,Ny,91750,No,No,No,Cellular,Selfemployeed,47883,2
967838008,47,F,4,Post-Graduate,Single,Tx,91750,No,Yes,No,Cellular,Selfemployeed,52038,1
953057861,42,F,4,High School,Married,Ca,91750,Yes,No,No,Cellular,White-Collar,75239,3
945043270,40,F,4,Graduate,Married,Fl,91750,No,No,No,Unknown,Businessman,32035,5
947028265,45,F,3,Graduate,Married,Tx,91750,Yes,Yes,No,Cellular,Retirees,40270,3
949911663,54,F,3,Uneducated,Married,Ca,91750,No,No,No,Cellular,Businessman,55396,4
943996401,51,F,1,Doctorate,Married,Nv,91750,No,Yes,No,Unknown,Selfemployeed,194975,5
929315398,31,M,1,Graduate,Single,Ca,91750,No,No,No,Telephone,Selfemployeed,45468,5
943593234,37,M,3,Graduate,Married,Fl,91750,No,Yes,No,Cellular,Businessman,107421,5
934327500,60,F,1,Graduate,Single,Ny,91750,Yes,No,No,Cellular,Selfemployeed,38459,4
911454729,46,F,4,Graduate,Single,Ca,91750,Yes,No,No,Cellular,Businessman,55057,4
935287245,42,M,4,Graduate,Single,Tx,91750,No,No,No,Cellular,Govt,58212,5
961848959,54,F,1,High School,Single,Ca,91750,Yes,Yes,No,Cellular,Selfemployeed,26354,4
947702871,34,M,3,High School,Married,Mn,91750,No,No,No,Cellular,Blue-Collar,70156,5
922362219,49,F,4,Unknown,Single,Tx,91750,No,Yes,No,Cellular,Govt,30752,5
924088631,43,F,5,High School,Unknown,Ca,91750,No,Yes,No,Cellular,White-Collar,58333,1
950336899,47,F,3,Uneducated,Unknown,Tx,91750,No,No,No,Cellular,Govt,16492,2
925516289,39,F,3,Graduate,Unknown,Tx,91750,No,Yes,No,Cellular,Selfemployeed,14975,1
943430295,51,M,1,Unknown,Married,Fl,91750,No,No,No,Cellular,Retirees,68986,4
915913364,41,F,5,Post-Graduate,Married,Ca,91750,No,Yes,No,Cellular,Blue-Collar,13212,2
966969386,43,F,3,Graduate,Married,Tx,91750,No,No,Yes,Cellular,Selfemployeed,32183,1
913497216,47,F,2,Graduate,Single,Fl,91750,No,Yes,No,Cellular,White-Collar,31045,3
956347577,64,F,0,High School,Single,Ny,91750,Yes,No,No,Cellular,Selfemployeed,14198,4
953007255,59,F,1,High School,Single,Tx,91750,Yes,No,No,Cellular,Selfemployeed,32287,5
955406656,46,M,4,Graduate,Single,Nj,91750,No,Yes,No,Cellular,White-Collar,125955,5
947484249,47,M,2,Unknown,Single,Fl,91750,Yes,No,No,Unknown,Blue-Collar,84114,5
941380773,64,M,0,Graduate,Married,Fl,91750,Yes,Yes,No,Cellular,Blue-Collar,29987,3
931132980,53,M,2,Graduate,Married,Ca,91750,No,No,No,Cellular,Selfemployeed,84494,5
917790215,53,M,3,High School,Single,Ny,91750,No,No,No,Cellular,Businessman,63867,4
956622169,42,F,3,Unknown,Married,Ca,91750,Yes,No,Yes,Cellular,Selfemployeed,14975,5
951838000,53,F,3,Uneducated,Single,Ca,91750,No,Yes,No,Cellular,Retirees,25214,1
945116424,54,M,4,Graduate,Married,Tx,91750,No,Yes,No,Cellular,Businessman,169176,2
968501827,54,M,5,High School,Married,Nj,91750,No,No,No,Cellular,Govt,66027,1
931999941,44,M,2,Doctorate,Single,Il,91750,Yes,No,No,Cellular,Retirees,64739,4
941573611,33,F,3,Graduate,Single,Nj,91750,Yes,Yes,No,Cellular,Selfemployeed,55187,2
916963751,47,M,4,Uneducated,Unknown,Ut,91750,No,No,No,Cellular,Selfemployeed,14975,1
918786049,64,M,0,Doctorate,Married,Ut,91750,No,No,No,Cellular,Blue-Collar,49664,5
913812366,33,F,2,Uneducated,Unknown,Ca,91750,Yes,Yes,No,Cellular,Retirees,36705,3
915143266,42,F,3,Graduate,Married,Ca,91750,Yes,No,No,Cellular,Selfemployeed,12937,4
930291935,61,F,1,High School,Single,Ca,91750,No,No,No,Cellular,Govt,34941,4
915205717,46,M,2,High School,Single,Tx,91750,No,Yes,No,Cellular,Blue-Collar,25619,5
958819124,39,F,2,Uneducated,Single,Nj,91750,Yes,No,No,Unknown,Retirees,22287,5
952357833,47,F,2,Graduate,Married,Ca,91750,Yes,Yes,Yes,Telephone,Govt,36074,4
916571137,49,F,3,Unknown,Single,Tx,91750,No,Yes,No,Cellular,Selfemployeed,21265,4
949434569,65,F,1,Unknown,Married,Nj,91750,Yes,No,No,Cellular,Selfemployeed,162150,4
932064980,51,F,3,Post-Graduate,Married,Ny,91750,No,Yes,No,Cellular,Selfemployeed,181224,4
945888653,48,M,3,Uneducated,Single,Ny,91750,No,No,No,Cellular,White-Collar,131235,3
966959006,45,F,4,Graduate,Single,Ca,91750,Yes,No,No,Cellular,Blue-Collar,13394,5
940222172,28,M,0,High School,Single,Tx,91750,No,Yes,Yes,Unknown,Selfemployeed,25098,4
945679996,49,F,3,Graduate,Single,Tx,91750,No,Yes,No,Cellular,Selfemployeed,2565,5
943617000,42,M,4,High School,Married,Ny,91750,No,No,Yes,Cellular,Govt,87966,1
915597750,42,M,3,Graduate,Married,Nj,91750,No,Yes,Yes,Cellular,Blue-Collar,116339,2
922338165,31,F,0,Post-Graduate,Single,Tx,91750,Yes,Yes,No,Cellular,Retirees,59168,1
960285137,44,F,2,High School,Single,Fl,91750,Yes,Yes,Yes,Cellular,White-Collar,37853,4
925267022,55,M,0,Doctorate,Married,Sc,91750,No,Yes,No,Cellular,Businessman,69577,2
911841712,56,F,3,Graduate,Single,Ca,91750,No,No,No,Unknown,Selfemployeed,188250,1
964700464,55,M,3,Graduate,Single,Fl,91750,Yes,No,No,Unknown,White-Collar,141448,4
936122170,38,F,4,Graduate,Single,Fl,91750,No,No,No,Cellular,Blue-Collar,16053,5
923514448,44,M,1,Graduate,Married,Tx,91750,No,Yes,No,Cellular,Businessman,91373,5
926012720,34,F,1,Graduate,Single,Ut,91750,Yes,Yes,Yes,Unknown,Selfemployeed,14196,5
941519974,45,F,4,Uneducated,Single,Tx,91750,No,Yes,No,Cellular,Selfemployeed,14975,5
916567210,43,M,1,High School,Single,Tx,91750,No,No,Yes,Cellular,Businessman,61205,4
944464634,35,M,2,Unknown,Married,Ca,91615,Yes,No,No,Cellular,Businessman,214273,5
952224747,50,F,1,Graduate,Married,Ca,91750,No,No,No,Unknown,Selfemployeed,14975,5
925793959,43,F,2,Graduate,Married,Ca,91750,No,No,No,Cellular,Selfemployeed,31499,5
967293518,36,M,2,Graduate,Unknown,Ct,91750,Yes,No,No,Telephone,Businessman,90657,4
955565234,56,F,1,High School,Married,Wa,53010,No,No,Yes,Cellular,Selfemployeed,19250,5
918805142,42,F,4,High School,Single,Ca,91750,No,No,No,Cellular,Govt,33147,4
925079819,54,F,2,Uneducated,Single,Ny,91750,Yes,No,No,Unknown,Govt,19367,3
915620067,34,F,3,Graduate,Married,Ny,91750,No,No,Yes,Cellular,Selfemployeed,38928,1
928594927,52,M,3,Graduate,Married,Ca,91750,Yes,No,No,Cellular,Businessman,107387,2
924230663,63,F,1,High School,Married,Ca,91750,No,No,No,Cellular,Selfemployeed,14975,1
967647198,27,M,1,High School,Single,Fl,91750,No,No,No,Cellular,Selfemployeed,76456,4
916404493,40,M,4,Graduate,Single,Tx,91750,No,Yes,No,Cellular,Retirees,53971,2
951324437,27,F,1,High School,Married,Tx,91750,No,No,No,Unknown,Selfemployeed,6550,1
948632519,54,M,3,Graduate,Unknown,Fl,91750,Yes,Yes,Yes,Unknown,White-Collar,102076,3
935734897,37,M,2,Graduate,Single,Ny,91750,No,No,No,Cellular,White-Collar,69382,3
927629610,59,F,0,Unknown,Married,Ca,91750,No,Yes,No,Cellular,Govt,27562,5
957268333,52,F,3,Post-Graduate,Married,Ca,91750,No,Yes,Yes,Cellular,Blue-Collar,43634,5
951939025,37,F,0,Unknown,Married,Ny,91750,Yes,No,No,Telephone,Businessman,15553,5
912062417,53,M,0,Graduate,Single,Ny,91750,Yes,No,No,Cellular,Businessman,98743,4
931204683,50,F,1,Graduate,Single,Mn,91750,No,No,No,Cellular,Selfemployeed,10425,5
955413495,46,F,2,High School,Unknown,Fl,91750,Yes,Yes,No,Telephone,Govt,20428,3
926366819,51,F,0,Unknown,Married,Nj,91750,No,No,No,Cellular,Govt,18977,5
946988891,54,F,5,Unknown,Married,Ny,91750,No,Yes,No,Cellular,Retirees,25060,1
932566259,53,M,4,Graduate,Married,Tx,91750,No,No,No,Cellular,Businessman,182464,2
931860481,46,M,4,Graduate,Single,Ny,91750,No,No,Yes,Cellular,Businessman,68413,1
929882675,53,F,1,Unknown,Unknown,Tx,91750,Yes,No,No,Cellular,Blue-Collar,25533,4
943527510,40,F,2,Unknown,Married,Fl,91750,No,Yes,No,Unknown,Govt,39889,2
916639558,58,F,0,High School,Single,Tx,91750,Yes,No,No,Unknown,Retirees,29513,1
952877527,42,F,4,Uneducated,Single,Tx,91750,No,Yes,No,Telephone,Selfemployeed,92565,5
965133642,40,M,3,Unknown,Married,Ca,91750,No,No,No,Cellular,Govt,71574,3
943332935,50,M,2,Post-Graduate,Single,Tx,91750,No,Yes,No,Cellular,Selfemployeed,42529,5
911356906,39,M,2,Uneducated,Single,Ny,91750,No,Yes,No,Cellular,Govt,75342,3
914100961,60,M,2,Graduate,Married,Nj,91750,Yes,Yes,No,Cellular,Businessman,69112,5
928202998,57,F,3,Unknown,Single,Fl,91750,Yes,No,No,Unknown,White-Collar,25381,5
927325578,43,F,4,Graduate,Single,Ca,91750,No,No,No,Telephone,Selfemployeed,14975,3
967889522,51,F,3,Graduate,Single,Ca,91750,Yes,Yes,Yes,Cellular,Blue-Collar,43601,4
957165213,46,M,3,Unknown,Married,Tx,91750,Yes,Yes,No,Cellular,Govt,86242,4
942626947,40,M,3,Graduate,Married,Ca,91750,No,Yes,No,Cellular,Blue-Collar,93722,4
953470068,56,M,2,Unknown,Single,Ca,91750,Yes,No,No,Cellular,Govt,46277,3
922719672,51,M,2,Uneducated,Single,Ny,91750,No,No,No,Cellular,Businessman,213177,1
931891072,30,F,1,Graduate,Single,Tx,91750,No,Yes,No,Unknown,Businessman,28914,2
946247323,48,F,2,Graduate,Married,Ca,91750,No,Yes,No,Cellular,Selfemployeed,50462,1
930197610,46,F,4,Unknown,Single,Tx,91750,No,Yes,No,Telephone,Selfemployeed,19725,4
949774711,44,F,4,Unknown,Single,Ny,91750,No,Yes,Yes,Cellular,Businessman,22353,2
943826301,37,M,2,High School,Unknown,Ny,91750,No,No,No,Cellular,Businessman,181915,1
940281207,34,F,1,Graduate,Single,Ny,91750,No,Yes,No,Unknown,Selfemployeed,14975,4
917125667,30,M,1,Graduate,Single,Ca,91750,No,Yes,No,Cellular,Retirees,64991,4
943190439,47,M,2,Graduate,Married,Tx,91750,Yes,Yes,No,Telephone,Selfemployeed,62659,3
922320730,39,M,5,Unknown,Married,Ny,91750,Yes,No,No,Cellular,Govt,91460,3
929595858,45,F,2,Graduate,Single,Ca,91750,Yes,No,No,Cellular,Selfemployeed,34412,4
959893136,40,F,5,High School,Married,Ca,91750,No,Yes,No,Unknown,Retirees,20517,4
914645436,44,F,3,Graduate,Married,Tx,91750,No,Yes,No,Cellular,Govt,515324,3
955643267,49,M,5,Graduate,Married,Tx,91750,Yes,Yes,No,Cellular,Blue-Collar,79307,5
930834378,54,F,2,Graduate,Married,Tx,91750,Yes,No,No,Unknown,Selfemployeed,154975,5
941473935,57,M,3,High School,Married,Ny,91750,Yes,No,No,Unknown,White-Collar,148310,4
915493311,49,F,4,Doctorate,Married,Ny,91750,No,No,No,Telephone,Selfemployeed,14975,5
968936158,55,F,2,Graduate,Married,Fl,91750,No,No,No,Cellular,White-Collar,20859,4
933392675,33,M,3,High School,Married,Fl,91750,No,No,No,Cellular,Businessman,232857,4
928419817,33,M,4,Uneducated,Married,Ny,91750,Yes,Yes,No,Unknown,Govt,106036,4
915483449,53,F,2,Unknown,Single,Tx,91750,No,No,No,Cellular,Retirees,28815,5
946714401,27,F,1,Uneducated,Unknown,Ny,91750,No,No,No,Unknown,Blue-Collar,12519,5
956874871,38,F,2,Unknown,Single,Nv,91750,Yes,Yes,No,Unknown,Blue-Collar,36543,1
958764892,41,F,2,Unknown,Single,Tx,91750,Yes,Yes,No,Cellular,Govt,24181,2
934634748,48,F,3,Doctorate,Married,Ca,91750,No,No,No,Unknown,Selfemployeed,14975,1
912083085,52,F,1,Graduate,Married,Ny,91750,No,No,No,Cellular,White-Collar,35247,4
911365112,59,M,1,Uneducated,Single,Fl,91750,No,Yes,No,Cellular,Govt,55730,2
953753052,49,F,4,High School,Unknown,Ny,91750,Yes,Yes,No,Cellular,Retirees,54460,1
958974616,50,M,3,Unknown,Single,Ca,91750,Yes,Yes,Yes,Cellular,White-Collar,44934,4
950813526,55,M,1,Uneducated,Single,Ny,91750,No,No,No,Telephone,Govt,78354,5
942716217,43,M,5,Unknown,Married,Ny,91750,No,Yes,No,Cellular,White-Collar,71289,3
916095724,56,M,1,Graduate,Married,Ny,91750,Yes,No,No,Cellular,Businessman,102444,5
916347080,65,M,1,Unknown,Married,Ny,91750,Yes,Yes,No,Cellular,White-Collar,45780,4
933846978,37,F,2,Uneducated,Married,Ny,91750,Yes,Yes,No,Cellular,Selfemployeed,17553,5
964803228,51,F,2,Graduate,Married,Ny,91750,No,Yes,Yes,Cellular,Retirees,16510,4
948820628,57,M,1,Graduate,Married,Ca,91750,Yes,No,No,Telephone,White-Collar,75291,3
941121418,44,F,3,Graduate,Married,Ca,91750,No,Yes,Yes,Unknown,Selfemployeed,14975,4
924616697,44,F,1,Graduate,Married,Tx,91750,No,Yes,No,Cellular,White-Collar,25573,5
925419962,52,M,2,High School,Married,Nj,91750,Yes,No,No,Cellular,Businessman,62633,4
940119296,33,F,4,Graduate,Married,Ca,91750,No,No,No,Cellular,Blue-Collar,53007,1
926247280,29,M,1,Graduate,Married,Tx,91750,Yes,Yes,No,Unknown,Businessman,15099,2
924777883,37,M,1,Doctorate,Unknown,Fl,91750,No,Yes,No,Cellular,Govt,76303,1
920819113,54,M,1,High School,Married,Fl,91750,No,Yes,No,Cellular,Govt,103784,4
929774594,43,M,2,Doctorate,Single,Fl,91750,No,Yes,No,Cellular,Retirees,98665,2
966406115,50,M,4,Graduate,Single,Fl,91750,Yes,No,No,Cellular,Businessman,199776,1
933574623,44,F,3,Uneducated,Married,Fl,91750,Yes,No,No,Telephone,Businessman,27467,5
912085260,62,F,1,Post-Graduate,Married,Nj,91750,Yes,Yes,No,Telephone,Blue-Collar,16745,4
924433213,40,F,3,Uneducated,Unknown,Ny,91750,No,No,No,Cellular,Businessman,38450,4
953669287,44,F,0,Unknown,Married,Tx,91750,Yes,Yes,No,Cellular,Blue-Collar,12107,3
946760890,51,M,3,Unknown,Single,Tx,91750,Yes,No,Yes,Telephone,Blue-Collar,77365,4
929300195,45,M,4,Unknown,Married,Fl,91750,No,No,No,Cellular,Businessman,222259,5
954136712,44,F,4,Graduate,Married,Tx,91750,Yes,No,No,Cellular,Selfemployeed,14975,5
966386176,43,F,3,High School,Married,Tx,91750,No,Yes,No,Cellular,Selfemployeed,14975,5
911017231,59,M,0,High School,Single,Ny,91750,Yes,No,No,Cellular,Businessman,221178,5
936476946,52,M,2,High School,Single,Ca,91750,No,No,No,Cellular,Selfemployeed,46225,3
927921459,35,M,3,Doctorate,Single,Nj,91750,No,Yes,No,Cellular,Govt,54111,1
925316884,57,M,5,High School,Married,Fl,91750,Yes,No,No,Cellular,White-Collar,92447,2
924336171,38,M,5,Unknown,Married,Tx,91750,Yes,Yes,No,Cellular,Businessman,109333,1
944505505,38,F,3,Graduate,Married,Ca,91750,No,No,No,Cellular,Blue-Collar,18244,4
958702412,33,F,2,Doctorate,Single,Nj,91750,No,No,No,Unknown,Selfemployeed,55525,2
958902812,43,F,3,Uneducated,Unknown,Tx,91750,Yes,No,No,Cellular,Retirees,32062,1
959842077,43,F,3,Unknown,Married,Ca,91750,Yes,No,No,Unknown,Blue-Collar,21194,4
965083879,38,F,2,Graduate,Single,Ca,91750,Yes,No,No,Cellular,Blue-Collar,13255,5
927808848,44,F,3,High School,Unknown,Ca,91750,No,Yes,No,Cellular,Blue-Collar,10713,5
966885391,37,F,1,Graduate,Unknown,Fl,91750,Yes,No,No,Unknown,Govt,42733,3
915796666,53,F,2,High School,Married,Tx,91750,Yes,No,No,Cellular,Selfemployeed,57865,5
956387227,49,M,3,High School,Unknown,Fl,91750,Yes,Yes,No,Cellular,Retirees,47502,4
916680535,45,F,5,Uneducated,Unknown,Fl,91750,No,No,No,Cellular,Blue-Collar,22975,5
967367842,40,F,1,Graduate,Married,Ca,91750,No,Yes,No,Telephone,Selfemployeed,15525,4
935378181,35,M,3,Graduate,Unknown,Tx,91750,Yes,Yes,Yes,Cellular,White-Collar,104473,4
959015924,37,M,2,High School,Married,Fl,91750,No,Yes,No,Cellular,White-Collar,118417,4
931655537,45,M,3,Graduate,Single,Va,91750,No,No,Yes,Cellular,Blue-Collar,103488,4
918979142,40,F,4,Uneducated,Single,Ca,91750,No,No,No,Cellular,Businessman,31191,5
941614504,44,F,2,Graduate,Married,Nj,91750,No,No,No,Cellular,Selfemployeed,14975,4
956303078,44,M,4,Graduate,Single,Tx,91750,No,Yes,Yes,Unknown,Govt,112879,5
964474458,38,M,1,High School,Married,Nj,91750,No,No,No,Cellular,Businessman,86104,5
962482385,44,F,1,Graduate,Married,Ca,91750,Yes,No,No,Cellular,Retirees,138163,4
919695363,52,F,1,Graduate,Single,Nj,91750,Yes,No,No,Unknown,Selfemployeed,14975,5
931822111,36,M,2,Unknown,Single,Ca,91750,Yes,No,No,Cellular,White-Collar,107853,5
925168075,58,F,2,Graduate,Married,Fl,91750,No,Yes,No,Cellular,Retirees,16680,5
